Year,SMALL LoBM,ME1 BM2,ME1 BM3,ME1 BM4,SMALL HiBM,ME2 BM1,ME2 BM2,ME2 BM3,ME2 BM4,ME2 BM5,ME3 BM1,ME3 BM2,ME3 BM3,ME3 BM4,ME3 BM5,ME4 BM1,ME4 BM2,ME4 BM3,ME4 BM4,ME4 BM5,BIG LoBM,ME5 BM2,ME5 BM3,ME5 BM4,BIG HiBM
1927,0.5403404482906842,0.317802972821273,0.2801670717510465,0.3490088211319222,0.4061175666489367,0.4906244455486597,0.3823594860604913,0.38014498580202516,0.3121427957890004,0.4924504147298394,0.263253468602457,0.2942500222798614,0.3849770320455097,0.27934448714400495,0.6014960946205796,0.4227588289665696,0.4386589291065395,0.24357157365083149,0.2754571602606022,0.42076265697200155,0.47497094824164177,0.3087096174585431,0.23972024330113184,0.27780654810863714,0.3073050498997518
1928,0.1163777201040892,0.30697491891997397,0.44757477390477285,0.3594059267939147,0.7605737199557636,0.1494200732963622,0.4724962618620243,0.2699795838223835,0.38687512205854735,0.5368491883720392,0.5092631683783224,0.6133777802102158,0.5917061394268055,0.27693283184596185,0.2177306694199681,0.5929365403072802,0.4292619895404721,0.259827850973015,0.39534858139600493,0.2237595755547488,0.4977617485219541,0.3767886344602649,0.3707676310717043,0.1818629139384662,0.39967121341902945
1929,-0.5159843265588975,-0.5910750097719155,-0.5653403662330431,-0.47960940073094804,-0.4492898224507451,-0.5124691600479604,-0.4012631612136853,-0.35491511212006444,-0.37340569315438554,-0.3064404916851392,-0.434430143310106,-0.29395564607314173,-0.15569095433479185,-0.23739182267438286,-0.2184931338006948,-0.30352888480372675,-0.3533181529781213,-0.1250056060222846,-0.1285995181456041,-0.05109806218421564,-0.19529004567897212,-0.019002214750591717,0.014380144295837116,0.03844803688884091,0.00983311358101191
1930,-0.4930493054008268,-0.6860028084229106,-0.43259855101661315,-0.4239291018952558,-0.4517105304851703,-0.4732528260034671,-0.2789510979944452,-0.2920979529636373,-0.41880713048429474,-0.4126132288083961,-0.22356676758112404,-0.2402285533765799,-0.26898960109666126,-0.2710433794069589,-0.47885382893904693,-0.3147098368333513,-0.27001177888903727,-0.34818003132485886,-0.3415354537329782,-0.4375818453842937,-0.19395869292120416,-0.2054849766476987,-0.20005302073212938,-0.35192172388194265,-0.7181449597935632
1931,-0.7764673399787929,-0.4025541899409186,-0.3779894451812531,-0.44458358855824853,-0.4636493402980789,-0.2910789360381564,-0.4169063922990043,-0.34867283003924954,-0.41217597440645515,-0.46277427845990193,-0.32633319554796847,-0.43333605989715707,-0.4086948383639699,-0.48090631102566317,-0.46804528728715555,-0.3364164551276254,-0.317946491671382,-0.44475762893799753,-0.5263074636357363,-0.4821914646116917,-0.2764099355185876,-0.39383034833362385,-0.6386292787873055,-0.6098120714159043,-0.35069429561061516
1932,0.06058796090854801,-0.4232992524255118,0.27079890847668,0.2099557880930949,0.24719793727719708,-0.19898995912502182,-0.17549108676308744,-0.01884124737266868,0.26852142150487723,0.362289938091817,-0.03484043181736618,0.09884137694269035,-0.0058768374099624765,-0.07180401428773886,-0.0647600481072017,0.10156964797823287,0.03937899043967685,-0.07147833184411956,0.3727142844246356,0.1298631989381147,-0.01785340426007931,0.11407972176839998,-0.06462798604200704,-0.25521101917435673,1.448140110071984
1933,0.029568371558388984,2.190193092265212,1.2062142088952639,1.6686676129212068,1.7304244048309925,1.2884257330667999,1.1737433585638368,1.301626850114379,1.4589703349649814,0.9927084273215421,1.1455014329304158,0.9908463706455624,0.9623920180127659,1.0462220670330944,1.1403916237064133,0.6966501198987489,1.1551574346334625,0.9678370389218207,1.0107520773580423,1.6350879485171448,0.34277706331684477,0.5654565358999182,0.7428763484849736,0.9906192476361764,0.43885974379554704
1934,0.3146665761644982,0.14462862855310998,0.28026944546598576,0.3167816689646934,0.11747851771465134,0.43586468830512404,0.29389968453456894,0.09895762574648304,0.07346373432354314,0.04486311179219249,0.4696707421569901,0.2402080993637694,0.20951885561051253,0.18600101948508385,-0.20543911822716,0.12015623523678798,0.22000453236983986,0.13195931248675108,-0.03461704342486893,-0.3413907179628597,0.07091660021947699,-0.029643961341733083,-0.11966280040170985,-0.22338695413205578,-0.27727333531742904
1935,0.5189380546486506,-0.055840259007064685,0.8499281581667184,0.8817626477261165,0.6631277229326351,0.5416644504333696,0.7502894580380455,0.8277992562731926,0.6566027485756538,0.4441165515847245,0.47372566792179427,0.48766541754919523,0.7154767861157927,0.4418913201487258,0.5025057615874107,0.3617269854380878,0.3939438781781137,0.36647619051890357,0.43522476129355603,0.10359287695755603,0.4253634448379142,0.42823865637501335,0.4368280915431171,0.3316263547586873,0.5956422146953106
1936,0.2355043487596069,0.22451660427120435,0.7776158092785976,0.8073184120406858,0.6976893295016191,0.2907897563193358,0.5763610075279786,0.3761701237607107,0.5541222814558338,0.6630192956170795,0.3068098387259566,0.3713419443609398,0.5707596105322645,0.628927371739334,0.6743055614743518,0.20883323396810494,0.1854675178229359,0.45467052463281443,0.6467676262009279,0.36052384126495096,0.24892090499645603,0.21342618846373318,0.3179088505295762,0.52512732787858,0.32261714029875677
1937,-0.629463062380099,-0.6871650621349612,-0.6259513823631333,-0.4781040911273253,-0.5481025560784336,-0.5527967235040545,-0.5271395999478137,-0.5020538071899583,-0.5275677459888422,-0.5793149710246974,-0.49069160358587927,-0.5103112533889265,-0.46740149289871025,-0.4170001925741291,-0.5301852819479982,-0.3490148468067329,-0.41164859930925624,-0.4438738209586507,-0.5309063932167328,-0.4369421995870869,-0.3524758811360934,-0.3764783946274317,-0.2906191398245406,-0.3569459434962611,-0.40071325761188514
1938,0.3635449492454841,0.010164008216819953,0.5052925192216033,0.36139821082942536,0.0764701960527967,0.5482897806916542,0.44412256668777994,0.44318327008989145,0.3765123512988522,0.3731514108926486,0.5095495787528916,0.6425064662049076,0.4354536880447295,0.31295913610045956,0.33302694539576927,0.4450245596089406,0.45157301088353163,0.487224483297674,0.2925994337391171,0.3547902080876064,0.3884589214567349,0.295868608323995,0.15951701082215664,0.30183766596831463,0.32172970106489074
1939,0.12312397017176191,-0.2577001447741246,0.017767885170409725,-0.12018303999206859,0.007940355839831215,-0.01510928287605795,0.04110091124053361,-0.028488684458277347,0.03294241413655841,-0.13555923856805574,0.0660774673867357,0.128064805525691,0.05903796326819677,-0.058792969905287706,0.09873935110043486,0.042576318047998996,-0.03662591242213864,-0.16936049077478688,0.07874788226056273,-0.26143648878009806,0.051143841620955754,0.04844617488680103,0.021186538394185384,-0.09406883622679263,-0.14235056219335684
1940,-0.12719330416993846,-0.2808718338955769,-0.19685369974694444,-0.15117736948860672,-0.0940895866414464,-0.03172197187283843,0.01437674416979684,-0.05357943598097792,0.013625600920510461,-0.16687212329178647,0.003637493774725442,0.0139319877362305,-0.02291443857531894,-0.02071183713768887,-0.1746487422651708,-0.08493663230237491,-0.08369062467563859,-0.06934428575037732,0.006730634709046113,-0.17013100296269668,-0.10862620967902115,-0.06347691621858365,-0.050219806601809136,-0.055796769117262834,-0.055882501620589276
1941,-0.5384652298150595,-0.34611721621541447,-0.22885675372277392,-0.22223307156083916,-0.10014518295621011,-0.21900059067168842,-0.17787080612392625,-0.2535172770665003,-0.11030696484375635,-0.12304034504857342,-0.2912509657757002,-0.21066141131749472,-0.15974448036200384,-0.1483780229646149,-0.08803645612607902,-0.15998509107197179,-0.21066075084215385,-0.17577762945139586,-0.11650385227737048,-0.02251309911851418,-0.2033810114302672,-0.21980423044258968,-0.08214775083864423,-0.15706189616698873,-0.12306921132048088
1942,0.1763896534788234,0.12431354698794106,0.1648027359928257,0.2815179401988268,0.28649396757613643,0.13829806346753926,0.17104663729133662,0.14741273656059728,0.1662178772831302,0.2690650296745083,0.1401352110386418,0.06360413092105266,0.03207986079229608,0.1799863803704309,0.1691835825389567,0.05584376564539273,0.08385630761767393,0.108816926885545,0.10246541832939382,0.3679874107302348,0.06780649295574315,0.019423878399729144,0.04138653223210187,0.16377307648202488,0.2757441549514785
1943,0.6051949676397541,0.5331630245332379,0.6948699522873447,0.9103583308778886,1.1841372948913764,0.6706091367440994,0.4750832454582701,0.5613831675566074,0.822394377900524,0.9170945764598131,0.2935135352001361,0.26755072206582753,0.45299682202638847,0.5194317230080918,0.8474204004309893,0.17810256742638564,0.335502832132218,0.2758768592731744,0.48458272973136696,0.516325545584785,0.1378567230157326,0.24129074201940592,0.3359769993811812,0.2793932071595093,0.38477726685354385
1944,0.5903930162729056,0.5123350115379135,0.5420659293132022,0.529240333296535,0.6927978271912494,0.4098415101309252,0.3897729205187379,0.29173745171917576,0.2746621620254772,0.6188331385804084,0.2571476256870979,0.40339539575855143,0.2950163409904998,0.33812142758770647,0.5553251834475934,0.16703440097603428,0.2395210264474983,0.25870781883752314,0.4455352670346786,0.42297718571893395,0.1353164094117021,0.11567413055859821,0.19038063466572175,0.21719298058601755,0.5253132521968904
1945,0.9413587183332446,0.7411081521069001,0.7405416601430974,0.718068605547127,0.8103236533301359,0.7395916184014146,0.5405372321597095,0.5287021601705812,0.6554164754179761,0.8986432517401084,0.49899779299526825,0.4697553974906936,0.4908115590609061,0.6173198152404091,0.4435061755398313,0.4176722973488405,0.4853341284308048,0.5762795646674266,0.5351031534896793,0.8549671181830041,0.2819211586078685,0.26643496475724926,0.3201080832747989,0.3672960149106328,0.39434050957689126
1946,-0.27046985670067325,-0.3043767914339053,-0.17685843112542365,-0.2755639944979176,-0.2597814077509578,-0.3056592829504311,-0.22206791623609257,-0.24579002922723125,-0.23067360216438393,-0.21815475292749142,-0.2856890606165249,-0.17410899061467877,-0.19098341176033795,-0.21435164978157673,-0.2350891720586693,-0.18021671192648514,-0.18612529622049834,-0.16715202366708815,-0.21763146882598905,-0.26090739322138945,-0.235914931198849,-0.21484720487277098,-0.16390964611896353,-0.13481895216652984,-0.24710604872554176
1947,-0.15083865578421762,-0.15737308473623068,-0.15331973160951184,-0.12908988829993295,0.0018284515699578119,-0.20791656543276282,-0.07003402593906549,-0.08142789746321422,-0.11011819142046164,0.024832617547351,-0.09660746316354474,-0.11605858118756796,-0.08944044043025279,-0.03459978996017443,-0.009262389905498658,-0.09194792670205076,-0.09347789052157263,-0.05211111926140932,-0.10450171602814373,-0.06293925748161588,-0.041821422879058656,-0.023784813459522658,-0.08885225142568387,0.019394316304965242,-0.00978210214980535
1948,-0.11403865633069632,-0.10098050086834076,-0.1357788974866877,-0.14997646188160818,-0.022677358298901384,-0.13781816755099308,-0.0879731826390282,-0.09249233846495597,-0.05548478329042206,0.02402283556146001,-0.08312148603901193,-0.07773706929107849,-0.04031438352133576,-0.09431900814466077,-0.06624702236740732,-0.04351834472088367,-0.021512511221386532,0.007511436835019092,-0.07672443584820532,0.002246384160246473,0.0023139430059158084,-0.0020638242581670907,0.02108214276481024,-0.06678958400154289,0.029378355544370516
1949,0.16909930138225526,0.22103600082409436,0.2502943775182327,0.22254948416100317,0.2541501785739584,0.10181290442806223,0.26351014610609824,0.24456659539159054,0.27095732153862184,0.16868764378183965,0.3455936311872765,0.22760805303291942,0.2280252992034204,0.24008275640089427,0.21091293294399538,0.28127570021222126,0.24151547772546555,0.33989538376512707,0.10155248315363474,0.32264298969810756,0.2892864639455188,0.14123953131241418,0.17961610349268287,0.24155801265278676,0.16062507222100875
1950,0.1582298201787813,0.209828920867136,0.35553375912906304,0.3267008982188855,0.4901022212267472,0.37352332416867484,0.22973516699025742,0.32820033835597373,0.26785210143304083,0.5243560811157664,0.12271713005154972,0.12268577398960745,0.26616174491445577,0.30806857543335076,0.6319770083463909,0.15702215827178967,0.12460271760136998,0.2625568564551479,0.3472913406090852,0.5447093081175551,0.18294685354014306,0.14297031027169194,0.29134224122474106,0.4175699618786053,0.41232097370188003
1951,0.09871640040672625,0.08219611399988147,-0.007624641262039433,0.011604767185355414,-0.000563516318456303,0.08291672713565945,0.09887083087094095,0.06953889537007063,0.06476291263747713,0.04588957635405633,0.04733856136587544,0.1578974391629726,0.08352132926434552,0.06263561485906655,0.02614981166538044,0.13739154402029707,0.17397209073006037,0.11466716932799614,0.09725750119469989,0.06269055004467394,0.14059727618056872,0.11283832751442247,0.266962395754176,0.13315517550291256,0.08561812050454254
1952,-0.1658574846230878,0.06119787397663479,0.051992863731584515,0.03557677397489223,0.04766025944607044,0.06843698310147772,0.029379108251816888,0.09997426326863579,0.11129732022152639,0.10406686544134369,0.11359981326765545,0.12388358957818713,0.09713315917715803,0.0621922958317771,0.1257166233290683,0.0879085956058212,0.12892774116263528,0.07612425257713284,0.10794435514270861,0.24495124521790612,0.13753267864235097,0.13197679091211412,0.11369255555862612,0.13775585517413758,0.229697777712067
1953,-0.18673869243103303,-0.13466075613419393,-0.024606075571284913,-0.060380086745877026,-0.06493964224002502,-0.03845614370863648,-0.026005117084093032,0.007547989712973768,-0.056021629785547145,-0.10041955011454196,0.03869628065255504,-0.004570730906626408,-0.04145530278124787,-0.023943807291318175,-0.11046075310291392,-0.0028007854609033433,-0.017444799589199866,0.029203582317923305,-0.06556301891962601,-0.08796318886611332,0.0264594586947573,-0.003552202884687161,-0.007352291321761184,-0.05038237714417204,-0.13146147848646506
1954,0.31093858844798783,0.6353910881706701,0.49230191177415317,0.660608330994906,0.7308825675168074,0.3676781887066989,0.4721942030149888,0.683243583692384,0.6179994629618626,0.5988727604610293,0.47712345829914815,0.5227844698106825,0.6247084060170245,0.7124759090529587,0.6038491338342937,0.4408475935055731,0.511831572991422,0.7434915181444559,0.5849217004488789,0.7269786308748845,0.4959386476651513,0.4383194477348893,0.5625928466968251,0.7511320901763656,0.7396667729495123
1955,0.12612462352650433,0.26037586669162116,0.14727449779872837,0.25621161536179526,0.25742943555291387,-0.007941145710172015,0.18260888405971265,0.16705098063115775,0.13915422455666437,0.2602536048341866,0.29016073462612324,0.15257511991720785,0.24111891051716006,0.2627859471436196,0.2330125054864829,0.18998319863704882,0.2004800032913756,0.18689865745746403,0.15671757305299883,0.09014219643042232,0.2920334721779472,0.25619051286239514,0.22466197265980736,0.3199149943425741,0.24025321775255737
1956,-0.09276919834331265,-0.11336058172285157,-0.014084789691580446,0.055631196974320396,0.046902025721592855,-0.06993193655759378,0.08249813061921962,0.030322370407504184,0.042073249616960906,0.07070683840992475,0.06809016436704463,0.04130719246908088,0.09893436834641589,0.09489336156983041,-0.02926499307486674,0.06103376025216156,0.061426709390854484,0.025060230641338777,0.06519717855484841,-0.04437692477223065,0.024437009347787697,0.08985384709667943,0.12497585117238508,0.07026735170012732,-0.04270540842985626
1957,-0.1580772537360109,-0.2422207147187675,-0.1579487259421959,-0.1529793404054144,-0.17152242345335722,-0.19934127208799524,-0.14286122560728187,-0.10372361835010224,-0.2421884219443594,-0.15745756792238985,-0.1408537532344719,-0.173411128261301,-0.148672852932609,-0.1863880032799632,-0.1763300775927713,-0.13974859456041755,-0.1250110844458221,-0.10478869250767586,-0.24397662975315726,-0.27081661568738713,-0.1125507281089203,-0.12114005204034495,-0.08022922717707004,-0.23244611373199697,-0.27585613355712924
1958,0.7391701484988058,0.7969682508565743,0.5883112410812854,0.5811407625147176,0.6704530065795562,0.7790692485232973,0.6826254325972199,0.46767957992283526,0.6265465558097341,0.8324713782687634,0.4779960793903655,0.48842744084516165,0.5028181539677705,0.6201006728678655,0.7974115464645095,0.5063553004980565,0.4541782704802997,0.5624690382367614,0.5607474034342281,0.821330721063684,0.37960494934501376,0.36314556131176423,0.4663153084972007,0.38068152653875087,0.6483367055228255
1959,0.06061664533678135,0.29182011023065657,0.16216705317746927,0.22614375094718642,0.19296821258252295,0.22823070685026514,0.1340279974207288,0.18679939504987209,0.16481463789145012,0.17897708259891387,0.17778781488249296,0.21015397203830788,0.16954557445396623,0.2193327216430616,0.1261422151386593,0.10231163449293024,0.12985990181706186,0.15777960047091377,0.17732341153897724,0.08295754705466085,0.14446694430285056,0.026486410773283398,0.07806636994917793,0.02273610188474584,0.20516718530194233
1960,-0.22092646766816026,-0.14613613276020632,-0.06137901725081174,-0.006927762484297162,-0.07539207540525306,-0.07777497713814996,-0.02580258366809063,-0.04978780986732356,-0.00530047825398805,-0.08179466401635982,0.06179836506556935,0.0019476552596002783,-0.02297696098038471,-0.018493591746628346,-0.2033176793187742,0.05149111184453381,0.0410607874611566,-0.02592871755550774,-0.016932586371808833,-0.1876064317893681,-0.03888791373330558,-0.039803431661479705,0.1634689621809562,-0.08463460102084563,-0.13262316664370988
1961,0.3111132600314994,0.3807315591846625,0.24306061784789645,0.3050766606591664,0.25925339473353426,0.20362197665637605,0.2825896622556128,0.3070165671388767,0.3444955631123663,0.4140159292112069,0.20407163671715112,0.30951673096451215,0.22184097673300185,0.33616405516574055,0.2485264262523379,0.25078793271691957,0.27912628865316735,0.3706196670649706,0.26303901889516634,0.22867204864480173,0.22781061865285923,0.29467512589261813,0.24881173060955142,0.20153738844189584,0.3083411039737385
1962,-0.07185356514804186,-0.22772776094283875,-0.12466734887305786,-0.12439985336327342,-0.10546648753559984,-0.23857820829351595,-0.1537575542796782,-0.18314648754986562,-0.10052380569142882,-0.10743674491739352,-0.1856607888041275,-0.11606012262930399,-0.17037077210936336,-0.1662184500230819,-0.11428844597182275,-0.21632302029904693,-0.11473141877361703,-0.10387090575019331,-0.11012862668985801,-0.02154709333700744,-0.15418987659366268,-0.08140767545744765,-0.020741729116839247,-0.07323096084947966,-0.05213354790391034
1963,0.24656747340450402,0.021584480223824976,0.10669824935955363,0.12593954303948407,0.2989603263591789,0.012469850936014382,0.1516707715924206,0.09767544450553545,0.20617202286511938,0.30514244104489907,0.03131931100603236,0.1261910308253651,0.14573076954595576,0.19711110812331145,0.23604203319492445,0.07128621632057608,0.09913781795121945,0.17016082633854435,0.34677350506370863,0.3255790688581963,0.21315566524664398,0.16489388987285225,0.17260709027463816,0.24762594927110304,0.3078359171514016
1964,0.1440988343592593,0.11045405987784584,0.21787364186877878,0.12405818912344913,0.25153640078569084,0.05570051710744828,0.0537791871011597,0.2516973984027513,0.1374058847593591,0.27118797680382833,0.033808263135124195,0.18395671235513023,0.19980671319612275,0.24067354563651455,0.2204852439371343,0.09387783709017006,0.20920326254859667,0.19673465232016585,0.28715508937426115,0.1776615524315288,0.1579746059778555,0.1125292952289183,0.1836752501021237,0.18404565003590867,0.1544936788314344
1965,0.2850280065881279,0.4023141880694432,0.2535114708754389,0.38259709830363886,0.45723521186652594,0.30831729611752423,0.3038186901656732,0.2688729257044513,0.3716776165208495,0.34048813957774327,0.27091880172595406,0.24960754045341238,0.342164381375752,0.28091344515521066,0.41024220968095126,0.19149060084028857,0.217728657374183,0.22526532874184957,0.21675147998266864,0.3623330984862485,0.14012257574385334,-0.016332682950291888,0.09563112312988586,0.134686661082557,0.1199196966492484
1966,-0.06424681006547261,-0.14510326583487942,-0.12025942419952562,-0.04595122905176052,-0.08002698620701554,-0.099224011698825,-0.06461477602691279,-0.09338303987161634,-0.1482887536318247,-0.0892127451898389,-0.07797865927080994,-0.12456828683251309,-0.037089174577846995,-0.06386154859978344,-0.14709326411507384,-0.03271672929322511,-0.07017238228111289,-0.1007124744652157,-0.06154488212474707,-0.14441800505755897,-0.14454784272694077,-0.14683005350325185,-0.07018841056525982,-0.07488136963134862,-0.16892756201632808
1967,1.285284487485102,1.004380974739918,0.8901447449989028,0.8892695075565247,0.8123933742768754,0.7457373245576937,0.6099225173981446,0.8373541520066776,0.658021307104177,0.5745539072766528,0.5323642334284118,0.48748099568988734,0.38874789039714797,0.5244321419362201,0.42962832288319786,0.3570231193390365,0.14890360686009352,0.21591796742717206,0.5020283200757576,0.4088181792092682,0.2628058032523475,0.14878175627467627,0.05350037180791056,0.1895374391471012,0.20537379570312986
1968,0.34494748779885454,0.4560654922734022,0.42166177772563374,0.3948287331425526,0.5166644879489759,0.20902973789230583,0.25816901365202316,0.27163625188442264,0.2955658969166086,0.30359239366610424,0.15296814963451388,0.1923044895142927,0.2091045339239639,0.33712713330280475,0.4013150577179734,0.038333894283230974,0.14042850610134572,0.122335690990524,0.22991068347862886,0.23639056230880184,-0.020328823635656246,-0.001629348607422254,0.12937344763970016,0.1083420219702913,0.19713580581544377
1969,-0.37029779217331316,-0.37353173728431155,-0.3328018567487214,-0.3392867748977073,-0.3722079115172163,-0.25951675929363305,-0.2966082167355011,-0.27152857171922196,-0.2862098584088254,-0.23275035853283765,-0.22856667083607918,-0.21885219065480732,-0.22414247146468336,-0.2265182945293911,-0.2761156322936169,-0.06859012648819762,-0.25264152989154753,-0.1534153830347852,-0.25136331154682756,-0.28863343675045927,0.015277248684091305,-0.14808691461819323,-0.18218294868552098,-0.2235692366305474,-0.23186616430847107
1970,-0.36743581410075066,-0.23168941940529864,-0.17439315901963626,-0.0452403146827518,-0.05869198570785583,-0.2571984343054775,-0.13917728432481624,-0.11585925169162092,0.06773732096515928,0.009975892328446312,-0.2414051166438338,-0.1321941251566181,-0.10565196423332357,0.03482308713676008,-0.01351556672215215,-0.15787262823307613,-0.10502373368283235,-0.0013659426169594369,0.08468041983748242,0.0016172875655358077,-0.13923534713569985,0.003679317644972091,0.006238422296616308,0.08878684293851036,0.03397294109681748
1971,0.1769241574039433,0.13247424288395027,0.1443092551734,0.15940036407428937,0.09865736936529412,0.24209620276992827,0.2086936875451928,0.2086848538668713,0.09697094102272774,0.1274588870529294,0.24366277296018501,0.2193037629990593,0.1543507705008944,0.06592908728418112,0.18911599991305983,0.32934848192760935,0.16951899501193401,0.08743696156617053,0.13671834540844552,0.14916857470492562,0.19424548380566464,0.0724116448158485,0.01982033629104407,0.0028492358974949727,0.1749235619330647
1972,-0.09124983947368537,-0.04334719007002841,-0.06492104122750109,-0.0172843551807228,0.04954463058613534,-0.027795234442336336,-0.03920609929761132,0.09180387182449268,0.0004497696901069048,0.12087871126704663,0.11114275006272156,0.019995921143515227,0.05250875405500888,0.07395410541554948,-0.019450706662093697,0.044474511195186084,-0.029085064953622397,0.06836101600320843,0.10928069480590974,0.07244737570338122,0.20547017991034666,0.0853774755622041,0.08304257173142005,0.14966309906709463,0.07079449785432357
1973,-0.5571028443801855,-0.46088179785900607,-0.42925475769187704,-0.3766101317225705,-0.363323643069666,-0.5343089226939441,-0.46016564584875497,-0.3741533099189772,-0.3299372982795835,-0.3295415907483189,-0.4835267005961953,-0.40498710627961265,-0.3079953294253994,-0.25460028131721535,-0.2639264971463612,-0.4185250182817487,-0.39122282228478733,-0.20393014758293826,-0.212147862342437,-0.15659761457574206,-0.2575024353635089,-0.21530904939040196,-0.13866613249729498,-0.12964694949758138,-0.07776264397587807
1974,-0.39323200563421434,-0.37893705978589964,-0.33335867043580225,-0.31851628766454,-0.2750945509766156,-0.4170409675212351,-0.34153849311734463,-0.34332995584742243,-0.30913432742905356,-0.24876568051150671,-0.42573285188135923,-0.3690971040458766,-0.30333886306025715,-0.3398948671951951,-0.21019445927762104,-0.43535938150786857,-0.3604632550970347,-0.30841029238557494,-0.2783073653637699,-0.33373464369443717,-0.38149108383813335,-0.31109750788672597,-0.29175318604365463,-0.2944776103493445,-0.37681159815229537
1975,0.5084551131604846,0.6852542064756293,0.5368917472452615,0.5399385057758992,0.56165740839094,0.5155764491396868,0.5398318925130117,0.4099597664850596,0.48628592277576543,0.3715438086342404,0.32506460143530247,0.46692596841249534,0.4074138377728782,0.4792381957541296,0.2995604991580869,0.32892948228271557,0.40412887239079676,0.4426251042464606,0.5373830493383702,0.5777280982836563,0.22446185845985056,0.37490084777392774,0.1948778794453756,0.3960776908148711,0.29013169763361524
1976,0.3967312904050133,0.330477738688278,0.4117596259032481,0.4627041875253677,0.5268836512466855,0.2680098093302248,0.3237113785094594,0.37841654086357046,0.4594095800623341,0.6143604805625387,0.23991052900071197,0.3603787721578531,0.41058314877816726,0.4521265483281738,0.5099034313766215,0.15969116157894914,0.3126529669791469,0.42564051524076185,0.39980206095849735,0.4653394491558924,0.0712417327412922,0.268292840586398,0.3313673074662036,0.29321553230072794,0.3837401686666668
1977,0.16218690718519202,0.1640187173720029,0.17572332981285443,0.1737820361119633,0.22108809372305838,0.08375025530857783,0.09764099450206754,0.07697964894312115,0.11614580508516936,0.10691021988910854,0.038461996789362685,0.06839254958644303,0.05271297223204874,0.04988727810992244,0.04026527192494145,-0.0854717705637017,-0.05331883648628677,-0.013646017389852494,-0.01353165106272236,-0.01771072957996922,-0.1710103795607394,-0.1555070055308394,-0.06966375283661663,-0.07512156805486736,-0.08528033035728733
1978,0.16192745427396193,0.12827367103262954,0.14996544091655672,0.10743422795596214,0.16975510497881152,0.08765666564020114,0.02623756611883743,0.09973767451368443,0.1292479605124781,0.0995058794125856,0.04167398570521752,0.04518524067278884,0.0565335787150838,-0.009334561671319852,0.07613582635426264,-0.003737708293376829,-0.015197614176730267,-0.032281901958191916,0.004448706059456242,0.026927411649701805,-0.021194373493763075,-0.05144160596095837,0.009259204842382296,-0.04817300141716019,-0.10562306739686522
1979,0.37208307719163947,0.29487484308040157,0.15518921245058048,0.21043200572076715,0.2295593754128129,0.3712498504715014,0.24079144893762572,0.1330984363653489,0.15590608819613871,0.23764748013629244,0.2564911633808653,0.14334505218637061,0.1751405691727923,0.16685754730441338,0.29200992123178904,0.2042868879625197,0.1621740159313647,0.13876677070321053,0.10974557280403219,0.13317299616377176,-0.0488806436078244,0.1581544716798886,0.06681464941268533,0.051614328590945835,0.03827603085011577
1980,0.4647746798807373,0.2399587310751954,0.17802462906003425,0.12405194805767517,0.13275145628855411,0.3540510457121979,0.2909134242346547,0.1068382979857112,0.13368134979139779,0.09603284345689977,0.31447231811520315,0.17296847259920312,0.12107672278373993,0.07438204558137151,-0.006064465067589286,0.33514375870246815,0.2659521625755852,0.13687866812248228,-0.03287078738732496,0.01692191021407541,0.18483083362072983,0.23108091645246365,0.26359290218252784,0.08098865788997167,0.05359576758809115
1981,-0.3107113081694973,-0.04318035641165041,0.04628094864409005,0.08052613161739575,0.07233639263284086,-0.1817404427735182,-0.028078928774266765,0.03798185669747345,0.09216643775519406,0.10225479349364242,-0.14012719798799866,-0.02672164652532283,0.005818094205725766,0.02875896008730061,0.08121744243259355,-0.11169279341061078,-0.09221702647734742,0.0018903339819176246,0.01901979684676447,0.0367830088036909,-0.1625183752891045,-0.16067547990444608,-0.23954155287820478,-0.029139384205471908,0.06973878707382264
1982,0.12324799259595354,0.2571854391449453,0.36204066250818023,0.28256159234957146,0.36180883646836137,0.08532814537924138,0.27946864509519,0.26610386188782087,0.29373089188076995,0.35753150123930055,0.14403368195014887,0.33662944316375953,0.24239460700947424,0.225857312772886,0.4247976665148361,0.11655174951522751,0.12363771069181828,0.24915735903479108,0.23409693758675743,0.36480808827760547,0.19198053033982387,0.10399007346801681,0.11989023095317397,0.19572800342736918,0.20179318384787592
1983,0.09710365804494026,0.3274778709484947,0.3969406642340869,0.40324915472573997,0.5282022192717626,0.11152387575921274,0.2409181883446474,0.348513254671049,0.43291820110968127,0.3977412064364534,0.12763354858445375,0.24957827335616178,0.3420389376889976,0.323275152110595,0.373813589275376,0.12772335149002734,0.18785800404632647,0.2357594637768956,0.22444961891841486,0.2716053315934355,0.11663669207688976,0.11096259500299754,0.1819051087929513,0.1942968057904737,0.23592020318509666
1984,-0.27530503836885967,-0.12548306596597458,-0.09944743359351182,-0.031138063963069396,0.0024159532540926065,-0.21911639506429903,-0.05762327792740962,0.012902508823714909,0.024561150869544024,0.07647668197230706,-0.11075108226528851,-0.007204607961649456,-0.021547274916812742,0.009123098155971565,0.07173170817906471,-0.1013051045766653,-0.042576865070477976,-0.025818613420910186,-0.00751180963543463,0.09290939200329906,-0.035547451272097574,0.04071741070453827,0.012983340648070163,0.051217960186002776,0.1766011468122799
1985,0.15620959060061979,0.27003100451852546,0.2664179144146508,0.2343877296546526,0.1854165195543589,0.2501018817277483,0.2691105028037557,0.3571382168011177,0.36738279011400565,0.24208637455944615,0.25249940023897355,0.2844526663034239,0.24399131758718262,0.2674595103082984,0.3381188489036797,0.2785747768257363,0.23958888267058898,0.3104003744707533,0.2594129072875142,0.32020204123934404,0.26635388623010936,0.3313660418909685,0.2773376971353627,0.24166624034751893,0.2700705409271249
1986,-0.0509246821226047,0.027698766794569618,0.04808071223353627,0.11456745367183796,0.07938834378548498,0.015003666282233263,0.08613405443867239,0.09557551368169426,0.16689387576851256,0.09738863059991032,0.09943945591285974,0.13837946202947804,0.11860705677546912,0.19203693757695284,0.1775661675829583,0.11257003365830132,0.15339786804615851,0.14386273949283757,0.19469148934965452,0.1656249434878132,0.12306311681160098,0.2064429096131437,0.15468136678140065,0.17130993902805391,0.2560749380851799
1987,-0.2846308764374378,-0.1604533533676753,-0.13963354200032752,-0.1066478295924822,-0.06756964556402845,-0.15944204600584255,-0.11574075436580078,-0.09565281723511421,-0.07694166969756044,-0.10590397462082168,-0.08963124432178982,-0.04258162975159374,-0.07959817593244034,-0.030622815113158897,-0.08694042838070881,0.03666178728911129,-0.05719326803730951,-0.034033331776010645,-0.010183685310497514,-0.07816195474101717,0.04805879419655179,-0.005470485749114351,-0.028261376495090973,-0.01585935042131381,-0.0367035110342927
1988,0.046468764349749225,0.20060853263932854,0.22171339796228273,0.20532840418637055,0.19553664256186876,0.07117395143438632,0.30204170495537763,0.26384092670581727,0.23952238247266977,0.30890424028896746,0.08404243365252895,0.1309267310363731,0.14482028740983788,0.2410132331203092,0.2558308136665264,0.06725185374002951,0.14472849698270718,0.16321168014929022,0.15539601542614045,0.30490999050658263,0.054443715418378114,0.12625195604955275,0.09289598265565191,0.16535166087232467,0.21958727545434598
1989,0.020871655733410543,0.09111569434996292,0.050374441297450945,0.1149891833842458,0.05352832729733348,0.1459344977287309,0.12499776138863505,0.17667170842704194,0.12767458371925877,0.10747496879684859,0.1980312153403152,0.13027407426124515,0.07711881263667775,0.19473403623529806,0.16527221351469445,0.24786306812623082,0.19206324672670116,0.12257245033370134,0.22943378587862195,0.3399379215796354,0.31133776657114165,0.19318031051132567,0.28372815667545304,0.2619077839790369,0.2217745629808101
1990,-0.3197417367844565,-0.30284677263596926,-0.252466708660269,-0.23141080578163242,-0.34485299187617857,-0.2166467737383283,-0.21146977934623212,-0.21262911427130915,-0.17642753511139675,-0.3272321893197031,-0.1566833976419515,-0.16074537551188484,-0.18606647999136738,-0.237962174001507,-0.2566693026308329,-0.06014102912120245,-0.139774892712769,-0.2457406191413185,-0.16956664274369537,-0.23598575550501688,0.0035761626488948206,-0.07156372837359104,-0.08730739720864955,-0.20218406970213265,-0.18851422251772
1991,0.5820356664941171,0.49389511459867985,0.46040433919186574,0.3852202991835836,0.3942357261613194,0.4962916024538775,0.2957507628491225,0.44532709727730246,0.3256371666601787,0.34422265355227366,0.5275744353436891,0.40045852088351674,0.3294061106300419,0.44096666385090466,0.33764944146759945,0.45929546763598816,0.2337258485754239,0.3718389950014376,0.33582677833829844,0.3192321265617266,0.4400263807934466,0.19100648151434352,0.13693336548363844,0.2669992124111511,0.15959064271958123
1992,-0.06755479049084878,0.17783041011697476,0.1481359236308315,0.2337470618591202,0.34222353213863066,0.0032648103155747954,0.09781526362249049,0.19711475580903537,0.23807032266983597,0.3614525103880408,0.046618983126899494,0.16846597292796095,0.18752765043370734,0.2316344276619633,0.3790833007859775,0.043527571432239176,0.13421288936065112,0.11999376130749329,0.1701162468941939,0.227312963363405,-0.008872965518032405,0.12399988928300654,0.02469224192227415,0.1284556293578063,0.27415006680881127
1993,-0.0018880749582058654,0.07785535190531223,0.17199068018633845,0.18219681806564192,0.3239353304713608,0.01880905532403987,0.1435127066187496,0.21840948663897497,0.15681039784493245,0.24240100831814249,0.0422128581538006,0.1879858551248661,0.17307649196490926,0.17498857145312363,0.1965389097323189,0.06421062210078321,0.206195327543931,0.18292797973391184,0.12427788038218313,0.12181841001799798,-0.0721353334157232,0.10114581176323734,0.13192483668669697,0.13630571837533867,0.24434789435208581
1994,-0.2442743084071497,-0.04876217036204622,-0.0703768924534992,-0.014091240474588207,-0.00118617348340877,-0.06511381445056208,-0.037158790032409184,-0.03113012378005864,-0.007455990985578587,-0.04295734172311905,-0.024619728355460335,-0.030263502306198786,-0.027636143610633157,-0.0302901428778638,0.005836723180887127,-0.05914976333301425,-0.005711779129361827,-0.04777241061786064,-0.05522519126168979,-0.10310974422316699,0.0044385178004191506,-0.02939603220104614,0.026788966900435307,-0.07760000313006765,-0.08820076360758122
1995,0.2828277446194247,0.3525686235172041,0.2772882930114027,0.24219350145061092,0.31450154735460134,0.2993813503009679,0.2052906092162452,0.23516754856970423,0.27901198645726777,0.3331137350339035,0.3274893687338716,0.17740813252872578,0.22771127297098603,0.3043805316902337,0.2645525761399785,0.29272067446351313,0.2469383157098033,0.2854093973871339,0.299263058100127,0.4043277037621429,0.36193535648401753,0.305934456009749,0.369100137437294,0.32732784232762024,0.5423841560389511
1996,-0.02864399145315033,0.11057394234583162,0.17734227695323646,0.26983811087712706,0.20492877639115736,0.06754868063248409,0.17231371272874618,0.10593746003815685,0.21971253467271,0.22370380246487076,0.010504390297184196,0.13923386361243106,0.1735697779621257,0.20848655110889003,0.11758796266419935,0.1071473400158458,0.16071746493722183,0.16584029323526384,0.1825723540573161,0.18507575323006176,0.19289545910008288,0.1982484791678616,0.2214273509617537,0.18218771664613786,0.21436820016840863
1997,0.021725029779464666,0.11827192228711403,0.2311972480592921,0.370608445976232,0.37057484496089566,0.023268955068229236,0.18830039416630595,0.2503857261570801,0.32218290153706963,0.36962277461914983,0.052125929287833994,0.2678668015838479,0.30007950948928186,0.3769608716966286,0.36902287207175566,0.0736906965969375,0.2258346331402301,0.32443536037749077,0.3081240308323201,0.29465623202585234,0.32217966006490584,0.2854527657392092,0.3483950242020093,0.3484015651167667,0.2902620310194157
1998,-0.10573756209794738,-0.07859961570874785,-0.10918438137570374,-0.07447062488399281,-0.05610064782911528,-0.004665805781353338,-0.012879428510497504,-0.07258118145090742,-0.07529724989763253,-0.015346430430107305,0.08315119273654914,-0.046739261678504174,-0.05605239703352116,-0.09654470830189055,-0.04262593083073707,0.08930149616568861,0.04485707606852296,-0.0039297156969770874,0.044473689544240136,0.09247494860518857,0.44909080051610895,0.09622278985952293,0.10468807187780449,0.24026689371485732,0.19400349006549433
1999,0.6237986667019064,0.5218149077935319,0.3788968718705499,0.2898879272117585,0.16872317372836054,0.46075208265318457,0.2552287167664782,0.05014893044090907,0.029266285444268902,-0.05671781199266479,0.42866814164680034,0.1975515488604367,-0.06444159540015126,-0.03216220392624369,0.0681636667921679,0.60111261673226,0.06713336817564874,0.00011401741553873634,0.09592139365807828,0.0798394000292717,0.22038569660105822,0.16151202695640454,-0.00046992757058428314,-0.08417789988213531,-0.05322074380115294
2000,-0.4031336359909179,-0.04366932504841159,0.02973019013014655,0.1382818416749192,0.0385921626301462,-0.29394364779195514,-0.010676133835187174,0.03169003163737227,0.12222615872635734,0.2481143803407735,-0.37224344890248495,0.12840217491040096,0.20465689672991094,0.24897630290221606,0.45350813319206673,-0.17822301525839623,0.18730068022650137,0.2825560657870363,0.2703923497824099,0.18786600808372156,-0.16806524626418873,-0.02823471874465533,-0.012950220289872139,0.23756326511688042,0.06753448036459009
2001,0.082593051722059,0.17748707155892163,0.2551362320281103,0.3862128513948917,0.31622003124598996,-0.044109829111276366,0.15801449755403185,0.13041025735047462,0.1309193173764458,0.21375639363415266,-0.06743948153543688,-0.05217113970157006,0.04900936191367333,0.06450011162307323,0.09712948554806133,-0.08711583975285919,0.01798837773034534,0.022466144701706936,0.03425494641858284,0.08821089193198195,-0.1759271395433213,-0.05832421393402343,0.03411478942559021,-0.13296371883126512,0.07239613804722445
2002,-0.46288787187259195,-0.28148306179020877,-0.1683729607667287,0.00889044467770006,-0.01846233525087937,-0.360174079773124,-0.24548476807798436,-0.14526239679259978,-0.12379239632118566,-0.21194591825899378,-0.29809197877561544,-0.19646072234892875,-0.13251192791313082,-0.14240706517284107,-0.1249769432229797,-0.27262009661396847,-0.1290408121693446,-0.1288785435560933,-0.22824639486038156,-0.21879983540328563,-0.25522942668849335,-0.19098136595491433,-0.1331374466323213,-0.162867683178182,-0.5287064389296834
2003,0.7283100506694729,0.6811218261060896,0.5561790604468835,0.6525351218734701,0.8471570181932913,0.5175139616275224,0.3949540180867981,0.4161698434287344,0.4807734469613625,0.525772927096996,0.4165377815109108,0.3379249540896978,0.327034280094916,0.47340486483543165,0.5820574073824367,0.3741735995260498,0.3340169531570383,0.3781425388833781,0.48115264429432614,0.410026234553053,0.2067415040218037,0.3520666706131306,0.329027601907939,0.16316408804020366,0.19942423113297192
2004,0.01838841862593954,0.13099085719447845,0.13937942346430665,0.1342561976074168,0.15590702303821535,0.12941253815578269,0.18998582698423094,0.1936886691481734,0.15837613670939255,0.24039284361860247,0.08904470183457769,0.19726444974313928,0.16340337680699557,0.08780757270917539,0.17332627826167224,0.11439521067945235,0.11393179485357496,0.20357778723932807,0.15811628509467868,0.18057131980383656,0.03765780290363541,0.057089845256556915,0.1179964886043321,0.09224448369763572,0.25897393917304123
2005,-0.06223750244627024,0.025916405462188985,-0.008934734516575227,0.011060387211979217,0.07351100897514984,-0.015819905847693327,0.05956230569437615,0.09470739887353163,0.03664230137250901,0.08874195476645896,0.011989608554987319,0.07246627926026439,0.04287885032456673,0.04712902064198521,0.029077113195159043,0.04932410919217989,0.06945147378971295,0.11382109902733539,0.15598029404270175,0.08982730926134463,-0.0038189783750524064,0.0007291896935377462,0.05371691492381081,0.04999111582171789,0.14124269699068592
2006,0.05983748387295984,0.1256849023791049,0.13180236984798,0.17448281437291357,0.25058077122674005,0.05576483654412123,0.1445814316573968,0.21690892891514202,0.18541394842023684,0.16115999233356715,0.060203686517909416,0.1000770688720456,0.14013393019116216,0.10754102781051311,0.16802414491755568,0.06997550179244283,0.11796276923272853,0.08591673996921312,0.10093948060239666,0.18165455855528334,0.0626686680228552,0.14737089395439007,0.18202638200181975,0.18990201857863842,0.21145020276082316
2007,-0.07219010457346453,-0.0912766855876247,-0.15922430676057997,-0.11846882541433001,-0.20117113571714673,0.019977546469611696,-0.03847237740952669,-0.052123581095681826,-0.11717097869092452,-0.16214502990827073,0.12206792132498223,0.067977282052327,0.04725276102082754,-0.06965435278013143,-0.07982394133113802,0.09541166298023152,0.06834548628020354,-0.06810218077192143,-0.07025593383651307,-0.17804750405544778,0.09722883051719156,0.06790683162603472,-0.028751194607544273,-0.08176415960177008,-0.04879864075121276
2008,-0.48308184550798006,-0.37989643473630585,-0.39729854629890604,-0.27745834312176676,-0.40760108010029994,-0.3901454012546519,-0.3488680050089379,-0.23881300122004356,-0.21315177755136094,-0.3476207426523449,-0.42310636580777883,-0.3301056734240384,-0.24954619230836417,-0.2838943361662508,-0.1888472103306198,-0.36465100225228975,-0.37734404359927565,-0.44599466973351154,-0.3651067852862687,-0.49572837438283857,-0.33918427681885055,-0.34501230165876295,-0.3466458080096604,-0.5615654878939673,-0.3225838803750547
2009,0.35775871516436863,0.3251773570379355,0.34557501108837907,0.17399228768050312,0.3582193454609719,0.3633027135014575,0.392823407549179,0.27119207559442815,0.11520027121769338,0.2505656466558541,0.349223956622436,0.2897701531468113,0.2912585185484331,0.34241146115065946,0.3504922902385319,0.3814070409290806,0.34767679279581354,0.3588905417975694,0.33027289867500476,0.360719958512689,0.2867045086895039,0.18977064148895972,0.17546550253610005,0.10896898296399038,0.22354073564944055
2010,0.2501287638077916,0.23967766566645565,0.2810779922494433,0.29255884861709225,0.241049943385081,0.27197408118231503,0.32924030659450754,0.2627174271534989,0.21264296705997543,0.21615162237529173,0.31223131596059805,0.3424770847358529,0.22070210361284626,0.25732060894200703,0.18149053276067817,0.314157095784128,0.2704132748210333,0.18318206698447526,0.21982078140504302,0.22380769385215538,0.12511691219299825,0.10773023557964345,0.20138759623679658,0.0776432343088489,0.025707481016629563
2011,-0.21543199112743994,-0.13566414919504877,-0.13395064638977583,-0.11338783286313214,-0.12154697322329455,-0.018234851978031874,-0.05449587324416272,-0.0697504323668402,-0.02181269613949033,-0.12273223254380339,-0.05722317838408941,-0.008224575488956276,-0.05996086864464101,-0.042320157307415784,-0.09753651044098521,-0.04243475707243849,-0.02993851274514736,-0.06368746680459403,0.062233968524233685,-0.10890320766790562,0.008913479151932302,0.0396054995676558,0.04950858961420068,-0.015106862385968256,-0.2525488628701975
2012,0.07394105706322374,0.17628781363154933,0.130898919600676,0.12177931584589152,0.25691297441870886,0.1416725519760076,0.14962707825227595,0.12113955092532058,0.15799259760310647,0.2053675670257178,0.14821794058960114,0.17433506914247832,0.11874609427626659,0.19713063878269454,0.10964864159295384,0.18083577778737148,0.13583775780693452,0.10062926790433901,0.1608487173162254,0.20021285130841604,0.13173232574987948,0.11926550516023204,0.10406117554714123,0.17962182348619926,0.3179632822975398
2013,0.44678108436202724,0.4495186592183862,0.4194480995905272,0.49288568982236547,0.39934489783442917,0.4969609389887093,0.3426141223392112,0.38733108825646956,0.3554997639475308,0.44688045918919683,0.33053906813144507,0.44503317839235734,0.34977849431164376,0.3932142340107554,0.4214971461452426,0.37058591950749364,0.3370626462577866,0.2835906441229952,0.41871881121544363,0.44520735925605237,0.3134252123714334,0.3030585741743037,0.3062765751821983,0.31514023259138924,0.40615610891785003
2014,-0.05524160277609713,0.11057212298176622,-0.03782521092369728,0.06420397622578045,-0.01160588169987209,0.05525500660954985,0.06409775366785264,0.06282617618933095,0.03351688499036709,-0.004062070390904671,0.1016810409700204,0.0649738094646839,0.013829040847371132,0.06457416034541219,0.03507883797172351,0.13039388693598353,0.06017648282807708,0.16227902214234802,0.07333395332522064,0.05603643063677266,0.12127477496809558,0.13357194751061585,0.12954477529921804,0.06897059452946053,0.12004232368790801
2015,-0.12096997444720159,-0.0647202899655831,-0.09890983679957499,-0.09173997259030309,-0.08561481020753625,-0.04536370736077899,0.011138012972172762,-0.037433513416716635,-0.03815223236798948,-0.11911280443882288,-0.010020600873835828,0.013557423176084216,-0.031626110350221004,-0.12176592342855741,-0.13706563184178666,-0.027731585536558412,0.005178780593344978,0.0042177608898734675,-0.07147449774383718,-0.08697924611149344,0.06862606690104167,0.007942412837205648,-0.020194586817129156,-0.0588618570317887,-0.08578761659480827
2016,-0.013429246932209815,0.0889078502835079,0.23676884397834153,0.30850476478365807,0.29939255433862644,0.017902387669169073,0.182679428387019,0.1833702634172425,0.31787291205220547,0.29182310412882084,0.030431935524079856,0.1227851852253119,0.2363468427492741,0.2752481911736677,0.34988999986847347,0.0671249859553733,0.11018041438888138,0.20927824618201796,0.13082350467277215,0.3099008783574506,0.041486914038461054,0.08019877251270469,0.17496339292331164,0.1633470072762926,0.18033254629731532
2017,0.22548926778302048,0.0871104620615728,0.19822274819259778,0.0817193536725156,0.10220572469526945,0.3071795540359845,0.17728126632074126,0.07430414589160383,0.06455453420716872,0.04536941273527728,0.25227996741560577,0.12339257604965659,0.15635062598577787,0.06812423892358144,0.05876391378961654,0.26742075423970624,0.22738559467136432,0.18252079587911418,0.12137697478382403,0.14790858983952693,0.29211516810104077,0.17506589947104745,0.14070446967334926,0.12155742060201002,0.15138981930402262
2018,-0.11457913360014427,-0.08328251752791727,-0.16876548171978245,-0.13609896209927752,-0.1725168939773145,-0.08169393339493958,-0.040526260716157614,-0.11979799328741125,-0.18346248854050073,-0.09738000370343725,-0.12207228818449967,-0.07876866355413459,-0.15998686350219116,-0.11001373995064256,-0.22416797568843982,-0.04671036537415896,-0.09906477579527173,-0.14869096558903006,-0.1854582821497549,-0.16440224482378407,-0.0026008504960931544,-0.025374661800611542,-0.09230829040264521,-0.12882090545559366,-0.20492473467834438
2019,0.22538797396459986,0.30578490074759945,0.09501150518638557,0.13077361533047127,0.14409952947472693,0.305593216962015,0.22941257498578205,0.2706340022207976,0.15156629165616287,0.09151331755099035,0.3237276294297413,0.25213346034982953,0.2835780539067545,0.22470859894842055,0.1412831080196546,0.3194643839184206,0.3019750052423005,0.2667472727966269,0.22907856605686328,0.15293025886650202,0.33927882244280294,0.22765330990867683,0.2816194983063942,0.1946569503958704,0.3144023237190474
2020,0.5673837315743664,0.36552932224057644,0.23098265439835508,0.028927359770447802,0.0904572081395949,0.43984041039324717,0.26402220634588613,0.06788523380798916,-0.029656211830029755,0.09499800385736012,0.5440429264933657,0.3137612842738937,0.04253489342714589,0.11582042939467652,-0.057242012388468155,0.48151035514329443,0.21112017384872162,0.09298520511287078,-0.03451527266970367,-0.11863322500851836,0.3915544372964639,0.16507103510729726,0.060556144434650294,-0.15062383484084851,-0.03491888105419838
2021,-0.09650168982128737,0.040260750409076396,0.1398975877379951,0.1747014913683831,0.7218454486410844,-0.06927383500001116,0.051948566998745616,0.2568045468282274,0.24130484860232593,0.33784066078866726,-0.12607921170063063,0.10549248563070845,0.1481151004046961,0.17541055212686119,0.28773547698124413,-0.020365163623012994,0.14650254917882544,0.19674434222827153,0.27232468218790173,0.2888763717844176,0.17916163120777218,0.18659835029343652,0.0967670918232173,0.2282086290547738,0.29012021161711044
2022,-0.4526482214059827,-0.3539169038277674,-0.23336270393936365,-0.18815287435577455,-0.10779015251735313,-0.32897699984417117,-0.29341852521207235,-0.2608513646896805,-0.10968414253279979,-0.1097464707068182,-0.3513032927335612,-0.23612900226210476,-0.1428951271397274,-0.1502820444483698,-0.061758816030541674,-0.30889234553273615,-0.21461915578217228,-0.15198136071299784,-0.14651300907579135,-0.060753933679720706,-0.3196552629881001,-0.2056077543017999,-0.1782754296422654,0.010011979749587008,-0.08100880492573537
2023,-0.0060465723398636095,0.004525919864661665,0.07651912140883654,0.12087534095590535,0.013183693131597174,0.05778087499440221,0.2575660991392221,0.2279656697038437,0.19012469708849578,0.06950519436914582,0.17567900338168463,0.19273539225527325,0.10283506177736834,0.16591003139471883,0.1253866945455624,0.16336978473598385,0.154890185245373,0.08653058382020284,0.17421286264002567,-0.0029695652978624087,0.39034124843745466,0.13237705005679024,0.10865082224562217,0.026266046044384872,0.15226334352019055
2024,0.15497561078737498,0.05333255245856727,0.06903063998607117,-0.009326105446144095,0.14589922592330362,0.10947821506326205,0.0781489822187238,0.03368275356435313,0.08015768178361116,0.053794072418611005,0.08456207857458975,0.055611400822056956,0.09605538669459901,0.027158529136976917,0.04917852570387349,0.10512960222031942,0.12638874914447018,0.04534818008321073,0.21245542405523077,0.12611840440435085,0.2689599732912218,0.21760990563268479,0.10202624668463267,0.21316016513986136,0.2195278992327312
2025,0.13868343949574213,0.2382088565582936,0.12477354807772922,0.08375244965693152,0.13566093534042767,0.08503037288257609,0.14935834360553546,0.14597273174693548,0.04742030322248936,0.04385723192861479,0.07963867425805105,0.007213452142349475,0.009683496925479762,0.03073008650567477,0.17523236810287846,0.02845542927778566,0.0517152816096067,0.14961953899717706,0.15113188225762064,0.11425005510554542,0.14802914068351392,0.1297827702711738,0.14216994385486093,0.19476649072272267,0.4413813267106341
