Year,Month,all_reits,all_equity_reits,equity_reits,mortgage_reits,all_equity_div_yield
1972,1,0.012203525000000104,8.524000000065257e-06,8.524000000065257e-06,0.012429400999999896,0.0613
1972,2,0.009496795000000002,0.017370092999997366,0.017370092999997366,0.0051514640000001055,0.0574
1972,3,0.002524324999999994,-0.0031606359999972744,-0.0031606359999972744,-0.01585718199999997,0.0592
1972,4,0.0025485190000000824,0.03840450999999989,0.03840450999999989,0.0036739939999999027,0.0572
1972,5,-0.015069360000000143,-0.09369751599999997,-0.09369751599999997,0.013591684999999964,0.0653
1972,6,6.901199999997942e-05,0.09975431,0.09975431,-0.03393333600000015,0.062
1972,7,0.02824924899999992,0.057970287999999925,0.057970287999999925,0.0142215269999999,0.0602
1972,8,-0.011336977000000026,-0.013408859999999967,-0.013408859999999967,-0.017409158999999952,0.0616
1972,9,0.029648710000000023,0.03855276499999993,0.03855276499999993,0.026655971000000056,0.061
1972,10,0.02846502300000009,-0.02315041299999998,-0.02315041299999998,0.05537783800000007,0.0625
1972,11,0.021222815000000006,-0.013087238000000001,-0.013087238000000001,0.03627621899999989,0.0659
1972,12,-0.00018232200000001253,-0.015363224000000009,-0.015363224000000009,0.018460748000000082,0.0692
1973,1,0.0034233949999999957,0.015060727999999912,0.015060727999999912,0.002002279000000051,0.0695
1973,2,-0.06436730999999996,-0.055200091000000014,-0.055200091000000014,-0.07517439400000003,0.07339999999999999
1973,3,0.01589961799999995,0.023795425999999953,0.023795425999999953,0.023773411000000078,0.073
1973,4,-0.038794339000000067,-0.046977570999999996,-0.046977570999999996,-0.06555665700000013,0.0762
1973,5,-0.04034128299999996,-0.028258392999999993,-0.028258392999999993,-0.025379725000000075,0.0748
1973,6,0.009169121000000002,0.02123521100000003,0.02123521100000003,-0.0028710260000001098,0.0747
1973,7,0.021726252999999973,0.03515237399999993,0.03515237399999993,0.006007252999999935,0.0732
1973,8,-0.06532432199999982,-0.046712333999999966,-0.046712333999999966,-0.07192283399999999,0.0768
1973,9,0.078462064,0.06483437199999997,0.06483437199999997,0.08391457599999995,0.0793
1973,10,0.012264988999999948,0.009122469000000022,0.009122469000000022,-0.0053335020000000455,0.08039999999999999
1973,11,-0.14028607999999998,-0.14003130900000005,-0.14003130900000005,-0.15343971499999998,0.0934
1973,12,-0.08536894100000003,-0.002307607999999961,-0.002307607999999961,-0.13176785599999985,0.096
1974,1,0.031041389999999947,0.045846732,0.045846732,0.045288959999999934,0.09380000000000001
1974,2,0.04571848899999997,0.04294994199999991,0.04294994199999991,0.04819102700000011,0.08960000000000001
1974,3,-0.03674597199999996,-0.021770423999999844,-0.021770423999999844,-0.059076397999999856,0.0922
1974,4,-0.12233823899999996,-0.05492897699999998,-0.05492897699999998,-0.13557215600000005,0.1307
1974,5,-0.0565623340000001,-0.07019174500000003,-0.07019174500000003,-0.08377338499999996,0.1307
1974,6,-0.09190316799999998,0.015615938999999912,0.015615938999999912,-0.10761514200000001,0.10640000000000001
1974,7,-0.016009417000000026,-0.07648681899999998,-0.07648681899999998,0.01410938000000006,0.1159
1974,8,-0.17935453599999995,-0.07540807299999985,-0.07540807299999985,-0.21793760100000004,0.1258
1974,9,0.03373508699999994,-0.0047865880000000915,-0.0047865880000000915,0.05830972499999998,0.1267
1974,10,0.0889565779999999,0.04292585000000004,0.04292585000000004,0.1433909200000001,0.11900000000000001
1974,11,-0.1047693609999999,-0.05351599100000004,-0.05351599100000004,-0.12552860900000007,0.1259
1974,12,-0.09095698799999996,-0.016056775000000023,-0.016056775000000023,-0.10588075799999996,0.1291
1975,1,0.30812822100000004,0.140847253,0.140847253,0.3839501460000001,0.1117
1975,2,-0.04609337400000002,0.024297470000000043,0.024297470000000043,-0.08482964900000001,0.1081
1975,3,0.089471525,0.02819437300000005,0.02819437300000005,0.12277267000000001,0.10679999999999999
1975,4,-0.054172532000000044,0.027497289999999897,0.027497289999999897,-0.06347633099999994,0.105
1975,5,0.03400375599999994,-0.013693439999999946,-0.013693439999999946,0.0008272209999999891,0.1057
1975,6,0.06384618399999997,0.062466978000000006,0.062466978000000006,0.06912411600000001,0.1014
1975,7,0.0023022530000000874,-0.015271946000000036,-0.015271946000000036,0.022596110000000058,0.1047
1975,8,-0.014449173000000148,-0.015258181999999954,-0.015258181999999954,-0.017807352000000054,0.10619999999999999
1975,9,-0.07649547400000001,-0.06306557899999998,-0.06306557899999998,-0.06552493599999998,0.11560000000000001
1975,10,-0.013741416000000006,-0.02453880300000011,-0.02453880300000011,-0.01929223499999999,0.1107
1975,11,0.01409191200000004,0.0169089389999999,0.0169089389999999,-0.019185189999999963,0.10779999999999999
1975,12,0.05643521099999993,0.023202925999999957,0.023202925999999957,0.094312669,0.1065
1976,1,0.14573033299999993,0.13684310200000005,0.13684310200000005,0.12206864599999999,0.08839999999999999
1976,2,0.039098489999999986,0.04932154300000002,0.04932154300000002,0.07880997900000009,0.0796
1976,3,-0.008893103999999874,0.004132062999999908,0.004132062999999908,-0.029986545999999947,0.08039999999999999
1976,4,0.007282119000000087,0.018533294999999894,0.018533294999999894,-0.01636601400000004,0.0796
1976,5,-0.019897900999999996,-0.028017693999999982,-0.028017693999999982,-0.013277368999999983,0.0819
1976,6,0.013815649000000096,0.03993118799999995,0.03993118799999995,0.02720927999999989,0.0823
1976,7,0.031074731999999994,0.025137041999999887,0.025137041999999887,0.04366783799999996,0.0821
1976,8,0.029585900000000054,0.03695285000000004,0.03695285000000004,0.026322973999999943,0.07919999999999999
1976,9,0.03341604399999998,0.010029120000000002,0.010029120000000002,0.06077618700000009,0.08109999999999999
1976,10,0.012537334999999983,0.011597070000000098,0.011597070000000098,-0.0013334889999998545,0.08070000000000001
1976,11,0.04332963599999995,0.033236845000000015,0.033236845000000015,0.05076563099999998,0.0781
1976,12,0.08844910800000004,0.06643045799999991,0.06643045799999991,0.0869224850000001,0.07400000000000001
1977,1,0.018118210999999995,0.058160108000000044,0.058160108000000044,-0.008961675999999974,0.0704
1977,2,-0.0045623310000000306,0.009933199000000004,0.009933199000000004,0.005838785999999985,0.0721
1977,3,0.0035874620000000412,0.006606223999999994,0.006606223999999994,0.006236522000000022,0.0745
1977,4,0.036542046000000106,0.013120103000000105,0.013120103000000105,0.03547290199999997,0.0726
1977,5,-0.011288788000000105,0.0034322609999999365,0.0034322609999999365,-0.018474973000000117,0.0737
1977,6,0.05103652199999997,0.04280030400000001,0.04280030400000001,0.04343322899999991,0.0717
1977,7,0.03315860599999998,0.0022549899999999568,0.0022549899999999568,0.06215336700000007,0.0726
1977,8,0.010974739999999983,0.0016654830000000231,0.0016654830000000231,0.014120034000000059,0.0733
1977,9,-0.015589359999999997,0.004919246000000044,0.004919246000000044,-0.032977597000000025,0.0755
1977,10,-0.011137800999999947,-0.00019745500000001304,-0.00019745500000001304,-0.008374336000000038,0.0781
1977,11,0.06657799599999992,0.04458118100000008,0.04458118100000008,0.09477850000000011,0.0757
1977,12,0.0022413509999998915,0.018884761000000028,0.018884761000000028,-0.02045505000000003,0.0757
1978,1,-0.032119887000000014,-0.022926480999999943,-0.022926480999999943,-0.03924312900000004,0.078
1978,2,0.011369387000000009,0.01437258000000008,0.01437258000000008,0.0022989319999999758,0.0785
1978,3,0.038578371000000056,0.04753550700000009,0.04753550700000009,0.02047135499999997,0.0762
1978,4,0.005329262000000057,0.03324410099999997,0.03324410099999997,0.021583153999999993,0.07440000000000001
1978,5,-0.017652141999999982,-0.029887258000000028,-0.029887258000000028,-0.019782798999999907,0.07690000000000001
1978,6,-0.0024502779999999724,-0.007484574000000133,-0.007484574000000133,0.00047289700000008317,0.0776
1978,7,0.025978571000000006,0.033207232000000086,0.033207232000000086,0.023799606000000084,0.0765
1978,8,0.042234251,0.04346768699999992,0.04346768699999992,0.03608599299999993,0.0736
1978,9,0.01362525899999989,0.00024103600000002778,0.00024103600000002778,0.0026440219999999126,0.0753
1978,10,-0.10535647199999998,-0.07544256900000001,-0.07544256900000001,-0.11241745099999999,0.0836
1978,11,0.006260404000000053,0.032773664999999896,0.032773664999999896,-0.015483914000000043,0.0821
1978,12,0.006458612000000086,0.037407296999999895,0.037407296999999895,-0.01601586899999996,0.08039999999999999
1979,1,0.07647506599999998,0.039014536999999905,0.039014536999999905,0.11568037799999997,0.08109999999999999
1979,2,-0.0021548059999999536,0.02065818000000008,0.02065818000000008,-0.013702828,0.08130000000000001
1979,3,0.07952824400000003,0.07220814099999995,0.07220814099999995,0.03571156799999997,0.07730000000000001
1979,4,0.015118640999999933,0.007752014000000029,0.007752014000000029,0.015223903999999955,0.07980000000000001
1979,5,-0.001386059000000106,-0.009413185999999962,-0.009413185999999962,-0.008728464000000047,0.0808
1979,6,0.07770515200000006,0.09196402300000006,0.09196402300000006,0.07578055700000008,0.075
1979,7,0.025541707999999996,0.043145750000000094,0.043145750000000094,0.002780277999999914,0.0738
1979,8,0.10075764500000005,0.12603923700000008,0.12603923700000008,0.07191888299999993,0.0663
1979,9,-0.027990281999999977,-0.02290747999999998,-0.02290747999999998,-0.04783525099999997,0.0696
1979,10,-0.11442984800000013,-0.106482136,-0.106482136,-0.11915452000000004,0.08
1979,11,0.052368321000000106,0.03505699299999998,0.03505699299999998,0.0678234820000001,0.0779
1979,12,0.007570024999999925,0.03263417599999996,0.03263417599999996,-0.018665798999999983,0.0766
1980,1,0.0688401139999999,0.07500877100000003,0.07500877100000003,0.05951700500000001,0.0741
1980,2,-0.011655912000000046,0.011909656000000046,0.011909656000000046,-0.06824376799999998,0.0737
1980,3,-0.13313166499999995,-0.12153889500000004,-0.12153889500000004,-0.1172651469999999,0.0863
1980,4,0.08470836999999998,-0.0031013909999999534,-0.0031013909999999534,0.17196685199999995,0.091
1980,5,0.07657615700000009,0.050955749999999966,0.050955749999999966,0.08875605699999989,0.0987
1980,6,0.05803025899999992,0.06982469499999988,0.06982469499999988,0.06175624199999996,0.09359999999999999
1980,7,0.07982876500000002,0.0779291310000001,0.0779291310000001,0.04437463899999994,0.0802
1980,8,0.02156190399999991,0.030332529000000052,0.030332529000000052,-0.004710110999999961,0.07769999999999999
1980,9,-0.01769114100000002,-0.01636373400000002,-0.01636373400000002,-0.02068033800000002,0.0814
1980,10,0.07938872200000002,0.10214615199999999,0.10214615199999999,0.026835041000000004,0.07429999999999999
1980,11,-0.010260468999999994,-0.019825050999999982,-0.019825050999999982,-0.021491074000000054,0.0747
1980,12,-0.022583519999999968,-0.016117307000000025,-0.016117307000000025,-0.032774729999999974,0.07719999999999999
1981,1,0.01872466100000003,0.02056999699999995,0.02056999699999995,0.01844965799999998,0.0785
1981,2,0.006556712999999936,0.008941722999999957,0.008941722999999957,-0.0009295759999999875,0.0775
1981,3,0.06003378100000001,0.02525600700000008,0.02525600700000008,0.022002131000000036,0.07690000000000001
1981,4,0.014734661000000093,0.014971112000000009,0.014971112000000009,0.011059206000000099,0.0761
1981,5,-0.04575367099999994,-0.003757036999999963,-0.003757036999999963,-0.014276633000000039,0.0766
1981,6,0.03989201999999992,0.023266154999999955,0.023266154999999955,0.04029051700000008,0.0759
1981,7,0.005778113000000085,-0.007519592000000075,-0.007519592000000075,-0.01590065900000004,0.0775
1981,8,-0.052370370999999964,-0.0381415759999999,-0.0381415759999999,-0.03641789500000003,0.0825
1981,9,-0.05553880499999996,-0.06453193800000001,-0.06453193800000001,-0.030738687000000042,0.0894
1981,10,0.0516521379999999,0.050564132000000095,0.050564132000000095,0.04663417599999997,0.0874
1981,11,0.06381733399999989,0.037194962000000054,0.037194962000000054,0.07173891599999993,0.0851
1981,12,-0.014963638999999973,-0.002723938000000148,-0.002723938000000148,-0.03673760799999992,0.0862
1982,1,-0.008925405000000053,-0.003911603000000041,-0.003911603000000041,0.0024862709999999844,0.0858
1982,2,-0.020504722000000086,-0.018432742000000002,-0.018432742000000002,-0.026990756000000005,0.08789999999999999
1982,3,0.005282484000000087,-0.01496788299999996,-0.01496788299999996,0.024487160999999924,0.0898
1982,4,0.02487170399999994,0.02809095100000003,0.02809095100000003,0.05427154499999998,0.08900000000000001
1982,5,-0.009823711999999984,-0.00020778800000009756,-0.00020778800000009756,-0.012312053999999906,0.0898
1982,6,-0.03676054200000001,-0.037717102,-0.037717102,-0.03429840299999998,0.09380000000000001
1982,7,0.0397006929999999,0.004436048999999942,0.004436048999999942,0.030109638000000105,0.095
1982,8,0.07061482500000005,0.036698528000000064,0.036698528000000064,0.13741727300000006,0.09269999999999999
1982,9,0.04787546999999992,0.04600135999999999,0.04600135999999999,0.03241236700000005,0.0888
1982,10,0.10971211600000007,0.10123588499999991,0.10123588499999991,0.14349324799999996,0.0821
1982,11,0.04757397100000005,0.03731301899999995,0.03731301899999995,0.06030155100000001,0.0789
1982,12,0.017751083000000056,0.025952372999999973,0.025952372999999973,0.008576032999999983,0.0783
1983,1,0.022909826000000022,0.04008206000000003,0.04008206000000003,0.040006964999999894,0.0771
1983,2,0.026995566999999943,-0.0063890199999999675,-0.0063890199999999675,0.017608539999999895,0.0805
1983,3,0.08322265100000002,0.09414964200000009,0.09414964200000009,0.07291211500000006,0.0745
1983,4,0.052798643999999895,0.06394607800000007,0.06394607800000007,0.04205345999999999,0.0716
1983,5,0.0006730679999999989,0.012756664000000084,0.012756664000000084,0.005276526000000059,0.0709
1983,6,-0.009125048000000135,0.017751690000000098,0.017751690000000098,-0.02521793899999991,0.071
1983,7,-0.013676607000000063,-0.024170272999999964,-0.024170272999999964,-0.01820020400000011,0.073
1983,8,-0.00770824399999992,-0.0028390489999999824,-0.0028390489999999824,-0.016939752999999946,0.07429999999999999
1983,9,0.022319235000000104,-0.011640034999999993,-0.011640034999999993,0.026381393000000086,0.0757
1983,10,0.025181791999999925,0.033412149999999974,0.033412149999999974,0.015238445000000045,0.07490000000000001
1983,11,0.014337248999999996,0.020947846000000103,0.020947846000000103,0.0067098379999999125,0.0736
1983,12,0.01514350199999992,0.03825698500000008,0.03825698500000008,-0.0042431530000001105,0.0719
1984,1,0.013087462999999966,0.03702678799999992,0.03702678799999992,0.015398996999999914,0.0771
1984,2,-0.015511955999999993,0.0063001039999999175,0.0063001039999999175,-0.03836360999999999,0.0738
1984,3,0.006963237999999983,0.0007083599999999635,0.0007083599999999635,0.0023468209999999434,0.0747
1984,4,0.012632465999999898,0.014132656999999993,0.014132656999999993,0.001480581999999897,0.0755
1984,5,-0.028230576000000007,-0.019859910999999952,-0.019859910999999952,-0.04667271299999998,0.0776
1984,6,0.0025367039999999452,-1.5403999999996643e-05,-1.5403999999996643e-05,-0.010116860999999977,0.0783
1984,7,-0.007314031999999915,-0.016932904000000026,-0.016932904000000026,0.002039171000000062,0.0803
1984,8,0.04878598799999989,0.041801534999999834,0.041801534999999834,0.044550644000000084,0.0785
1984,9,0.05216479400000007,0.07076904899999992,0.07076904899999992,0.035870615999999966,0.07490000000000001
1984,10,0.03026844499999992,0.020888813000000006,0.020888813000000006,0.04397354599999992,0.07429999999999999
1984,11,0.012742419999999921,0.0201621540000001,0.0201621540000001,0.01132074499999991,0.0732
1984,12,0.013868317000000019,0.020026376999999984,0.020026376999999984,0.01303340300000011,0.0706
1985,1,0.05659344299999991,0.048829441000000084,0.048829441000000084,0.04365776399999999,0.08259999999999999
1985,2,0.016460158999999974,0.027338088000000038,0.027338088000000038,0.00818653200000008,0.083
1985,3,-0.00673222200000001,0.01574161399999996,0.01574161399999996,-0.033566490000000004,0.0823
1985,4,0.0009257929999999526,0.009439696000000053,0.009439696000000053,-0.0016823529999999698,0.08310000000000001
1985,5,0.027224362000000113,0.031020116999999958,0.031020116999999958,0.03315312799999992,0.08109999999999999
1985,6,0.023204168999999997,0.020446301,0.020446301,0.037430309000000106,0.0809
1985,7,0.00922516299999998,0.019262654999999906,0.019262654999999906,0.0037101209999998996,0.0801
1985,8,-0.05467201200000016,-0.02447684699999997,-0.02447684699999997,-0.10490132799999996,0.083
1985,9,-0.031142075999999963,-0.020265998999999923,-0.020265998999999923,-0.02735446600000002,0.086
1985,10,0.03141278599999997,0.028166941999999917,0.028166941999999917,0.024664001000000102,0.085
1985,11,-0.016081753000000032,-0.004376229000000009,-0.004376229000000009,-0.020311312000000026,0.08380000000000001
1985,12,0.0061468010000000906,0.027468502999999922,0.027468502999999922,-0.006835550999999995,0.0789
1986,1,0.0386442119999999,0.044292245999999924,0.044292245999999924,0.04407567300000004,0.0751
1986,2,0.037842936000000105,0.020567103999999947,0.020567103999999947,0.051973373999999906,0.07200000000000001
1986,3,0.02460071500000005,0.06662879799999999,0.06662879799999999,-0.02895721799999995,0.0669
1986,4,0.005987666000000003,-0.0016896290000001368,-0.0016896290000001368,0.015232834999999945,0.06849999999999999
1986,5,-0.005702870999999998,-0.016952545999999957,-0.016952545999999957,0.00676074399999993,0.07730000000000001
1986,6,0.035207068000000064,0.05116891400000001,0.05116891400000001,0.021307347000000032,0.07440000000000001
1986,7,0.00451438500000001,-0.00523071399999997,-0.00523071399999997,0.009665162999999977,0.0761
1986,8,0.04169796399999992,0.03318628800000001,0.03318628800000001,0.04676615800000006,0.07429999999999999
1986,9,-0.023975901999999993,-0.008221820000000046,-0.008221820000000046,-0.03934000299999996,0.0738
1986,10,0.03694221899999994,0.02249867800000005,0.02249867800000005,0.051440759999999974,0.0728
1986,11,-0.005550491000000046,-0.007034288000000055,-0.007034288000000055,-0.0025789769999999823,0.0721
1986,12,-0.010528521999999985,-0.01820650800000001,-0.01820650800000001,0.005646164999999925,0.0765
1987,1,0.021376316000000006,0.056045764999999914,0.056045764999999914,-0.015477386000000037,0.0725
1987,2,0.030644984000000042,0.03585151599999992,0.03585151599999992,0.028695579999999943,0.0708
1987,3,0.001836042999999954,0.0018293080000000295,0.0018293080000000295,0.0008511270000000071,0.0677
1987,4,-0.02711581900000004,-0.012064729999999968,-0.012064729999999968,-0.06615064100000001,0.0718
1987,5,-0.009520477000000027,-0.007599042000000056,-0.007599042000000056,-0.010179661999999978,0.0756
1987,6,0.019891859999999983,0.027607823999999948,0.027607823999999948,0.01037122299999993,0.0788
1987,7,0.0009873069999999373,4.0913000000086797e-05,4.0913000000086797e-05,0.0016944889999999102,0.077
1987,8,-0.019004346999999977,-0.02391379699999996,-0.02391379699999996,-0.005254067000000084,0.07980000000000001
1987,9,-0.020519580999999953,-0.007742240000000011,-0.007742240000000011,-0.04538510900000004,0.0765
1987,10,-0.14281243,-0.15239373599999995,-0.15239373599999995,-0.10272984699999999,0.0925
1987,11,0.009546771999999981,0.02252563800000007,0.02252563800000007,-0.013435737000000003,0.08869999999999999
1987,12,0.03551961700000006,0.03963689100000001,0.03963689100000001,0.05798053999999997,0.0873
1988,1,0.08234542300000003,0.05480420900000005,0.05480420900000005,0.09375172100000008,0.0815
1988,2,0.024103610000000053,0.038233390999999894,0.038233390999999894,0.003431753000000093,0.07919999999999999
1988,3,0.0019985170000000885,0.004971454000000097,0.004971454000000097,-0.005131938999999974,0.0795
1988,4,0.00823191500000009,0.0069525820000000405,0.0069525820000000405,0.00662027300000001,0.08039999999999999
1988,5,-0.011461158999999999,-0.014753130999999975,-0.014753130999999975,-0.012349582000000026,0.0823
1988,6,0.025898989999999955,0.034745349000000036,0.034745349000000036,0.028177949999999896,0.0794
1988,7,0.012646909000000095,0.010685006999999969,0.010685006999999969,0.018746680000000016,0.0789
1988,8,-0.006356942000000032,-0.00466820400000012,-0.00466820400000012,-0.00666195199999986,0.08
1988,9,-0.0034267230000000204,0.00563591699999999,0.00563591699999999,-0.010951021000000005,0.0789
1988,10,-0.007430383999999957,-0.004385995000000031,-0.004385995000000031,-0.01186125299999996,0.07980000000000001
1988,11,-0.016007462000000028,-0.020250195999999998,-0.020250195999999998,-0.008596267000000046,0.08199999999999999
1988,12,0.001210106000000044,0.017891069000000037,0.017891069000000037,-0.019485529,0.0857
1989,1,0.004579861999999935,0.022163077999999947,0.022163077999999947,-0.020570909000000026,0.08410000000000001
1989,2,-0.016533840000000022,-0.0029755110000000418,-0.0029755110000000418,-0.048951869000000044,0.08310000000000001
1989,3,-0.00028351500000001195,0.0046397540000000514,0.0046397540000000514,-0.01879305600000003,0.08439999999999999
1989,4,0.016737473000000058,0.028260917999999968,0.028260917999999968,-0.016707105000000055,0.0834
1989,5,0.02377912400000004,0.009335815000000025,0.009335815000000025,0.04394449500000008,0.0827
1989,6,0.008725985000000103,0.019383901999999953,0.019383901999999953,0.009923056999999957,0.08039999999999999
1989,7,0.02377255800000011,0.03695717999999992,0.03695717999999992,0.015573360000000092,0.07780000000000001
1989,8,0.0009705879999999389,0.009228221000000092,0.009228221000000092,-0.0033809519999999926,0.0768
1989,9,-0.011820177000000043,-0.009355144000000037,-0.009355144000000037,-0.015376015999999937,0.0781
1989,10,-0.04131056099999997,-0.025787368000000033,-0.025787368000000033,-0.04994902000000002,0.0812
1989,11,-0.013546624999999923,-0.0031428019999999446,-0.0031428019999999446,-0.034406393000000035,0.08220000000000001
1989,12,-0.011385133999999963,-0.0020027820000000363,-0.0020027820000000363,-0.02918374899999998,0.0842
1990,1,-0.022296058000000007,-0.04149112399999999,-0.04149112399999999,0.01082302700000004,0.08810000000000001
1990,2,-0.03429828899999987,-0.007010855999999954,-0.007010855999999954,-0.092912978,0.0873
1990,3,0.0016572599999999937,0.009970115000000002,0.009970115000000002,-0.017099383000000024,0.08900000000000001
1990,4,-0.015335504000000055,-0.017381179999999996,-0.017381179999999996,-0.003917174999999884,0.08779999999999999
1990,5,-0.0003363880000000208,-0.000766472000000018,-0.000766472000000018,0.005308163999999893,0.08810000000000001
1990,6,0.007631447000000069,0.01726903000000002,0.01726903000000002,-0.01083638099999995,0.0925
1990,7,-0.017991931924999927,-0.009104411600000084,-0.009104411600000084,-0.02436681463000001,0.0915
1990,8,-0.06105158368999996,-0.07202311597699995,-0.07202311597699995,-0.026431319900000028,0.0986
1990,9,-0.06932268539999997,-0.0707192455447,-0.0707192455447,-0.07251525999999997,0.10679999999999999
1990,10,-0.035019661550000025,-0.03371044754999997,-0.03371044754999997,-0.03430581923000009,0.1112
1990,11,0.06369060599999998,0.07096605,0.07096605,0.06815031745,0.1023
1990,12,0.0003815793779999854,-0.0030209514200001397,-0.0030209514200001397,0.006311287975000024,0.1015
1991,1,0.08762172877000009,0.10939999999999994,0.10939999999999994,0.07810000000000006,0.09269999999999999
1991,2,0.04919999999999991,0.018100000000000005,0.018100000000000005,0.07539999999999991,0.08689999999999999
1991,3,0.07622121269999993,0.08668871999999972,0.08668871999999972,0.06330532999999994,0.0817
1991,4,0.02376578600000001,0.02532409999999996,0.02532409999999996,0.02153545000000001,0.0788
1991,5,0.02358919270000004,0.011115610000000054,0.011115610000000054,0.04611287400000008,0.0775
1991,6,-0.025906279999999948,-0.027908709999999948,-0.027908709999999948,-0.022915009999999958,0.0802
1991,7,0.01928189800000002,0.02017748926999996,0.02017748926999996,0.011833389880000045,0.0796
1991,8,0.000608444999999902,-0.004044856099999938,-0.004044856099999938,0.004689914000000073,0.0834
1991,9,0.019299175520000045,0.024486110230000024,0.024486110230000024,0.029197976100000078,0.081249
1991,10,-0.006167389999999995,-0.010994810000000022,-0.010994810000000022,0.01627694600000007,0.08193099999999999
1991,11,0.0002268000000000825,-0.005551159999999888,-0.005551159999999888,-0.0002885999999999722,0.08380000000000001
1991,12,0.04731239800000009,0.07154959999999999,0.07154959999999999,-0.03650635999999996,0.0785
1992,1,0.04950980000000005,0.048702344000000064,0.048702344000000064,0.06999100899999999,0.0742
1992,2,-0.023215529999999984,-0.02392380000000016,-0.02392380000000016,-0.014151000000000025,0.07780000000000001
1992,3,-0.014872179500000082,-0.016597769999999956,-0.016597769999999956,-0.006111151000000037,0.0791
1992,4,0.0022329999999999295,-0.0035516900000001073,-0.0035516900000001073,0.01458080000000006,0.07980000000000001
1992,5,0.032200000000000006,0.04370000000000007,0.04370000000000007,9.999999999998899e-05,0.07719999999999999
1992,6,-0.012114740000000013,-0.013093349500000073,-0.013093349500000073,-0.014140160000000068,0.078
1992,7,0.03383399999999992,0.043445029999999996,0.043445029999999996,0.0033000000000000806,0.0753
1992,8,-0.00864925900000002,0.0030755068999999136,0.0030755068999999136,-0.060362860000000025,0.0736
1992,9,0.023857000000000017,0.02061399999999991,0.02061399999999991,0.02954699999999999,0.0725
1992,10,-0.0032704000000000066,-0.001275959999999965,-0.001275959999999965,-0.01375700000000002,0.073
1992,11,0.019454269999999996,0.021163379999999954,0.021163379999999954,0.009853630000000058,0.07200000000000001
1992,12,0.019338000000000077,0.01804300000000003,0.01804300000000003,0.005308499999999938,0.071
1993,1,0.06367760000000011,0.0641750000000001,0.0641750000000001,0.07222609999999996,0.067
1993,2,0.047126,0.05376639999999999,0.05376639999999999,0.015066199999999919,0.0636
1993,3,0.06944259999999991,0.084727,0.084727,0.019706,0.0593
1993,4,-0.044076000000000004,-0.044043500000000006,-0.044043500000000006,-0.062075,0.062400000000000004
1993,5,-0.01221300000000003,-0.015849000000000002,-0.015849000000000002,0.004364999999999952,0.0638
1993,6,0.029346400000000106,0.03241319999999992,0.03241319999999992,0.015910599999999997,0.0622
1993,7,0.016891999999999907,0.017463000000000006,0.017463000000000006,0.020054999999999934,0.061500000000000006
1993,8,0.023986300000000016,0.02469549999999998,0.02469549999999998,0.013083069999999974,0.061799999999999994
1993,9,0.0456186999999999,0.048815300000000006,0.048815300000000006,0.0416091999999999,0.058499999999999996
1993,10,-0.01259509999999997,-0.019067139999999982,-0.019067139999999982,0.011381000000000085,0.0616
1993,11,-0.0473038,-0.05423180000000006,-0.05423180000000006,-0.016780529999999905,0.0661
1993,12,-0.00026599999999987745,-0.0016992000000000118,-0.0016992000000000118,0.007584119999999972,0.0681
1994,1,0.02990403999999991,0.02911047,0.02911047,0.04412219999999989,0.0677
1994,2,0.03442830000000008,0.04342289999999993,0.04342289999999993,-0.03570649999999986,0.0662
1994,3,-0.04025700000000009,-0.03702504900000003,-0.03702504900000003,-0.07768600000000003,0.0696
1994,4,0.01621690000000009,0.016981780000000057,0.016981780000000057,0.0021865569999999224,0.0697
1994,5,0.020333509999999944,0.022255399999999925,0.022255399999999925,-0.011787699999999957,0.0689
1994,6,-0.021708381999999915,-0.020395900000000022,-0.020395900000000022,-0.029425840000000036,0.0713
1994,7,-0.002529690000000029,-0.00489046999999998,-0.00489046999999998,0.02248686000000011,0.0724
1994,8,0.0055384650000001034,0.002985400000000027,0.002985400000000027,0.025242200000000103,0.0728
1994,9,-0.020311999999999997,-0.018567999999999918,-0.018567999999999918,-0.05100899999999998,0.07440000000000001
1994,10,-0.03709945999999997,-0.034687360000000056,-0.034687360000000056,-0.05373419999999996,0.0779
1994,11,-0.03249089999999999,-0.03438590000000008,-0.03438590000000008,-0.05846683600000002,0.0818
1994,12,0.06172603100000007,0.07299725000000001,0.07299725000000001,-0.043200930000000144,0.0767
1995,1,-0.014840799999999987,-0.021835530000000047,-0.021835530000000047,0.07124298699999998,0.0795
1995,2,0.03245976000000006,0.02469919999999992,0.02469919999999992,0.12549100000000002,0.0787
1995,3,-0.0059691300000001,-0.004007899999999953,-0.004007899999999953,0.004999500000000046,0.0796
1995,4,0.002267840000000021,-0.000256759999999967,-0.000256759999999967,0.0218365063999999,0.08039999999999999
1995,5,0.04501931300000006,0.0424964000000001,0.0424964000000001,0.0688263870000001,0.0779
1995,6,0.01774215899999998,0.015910041269999953,0.015910041269999953,0.019091300499999964,0.07690000000000001
1995,7,0.015622875999999897,0.017235249999999924,0.017235249999999924,0.009860839999999982,0.0767
1995,8,0.014881810000000106,0.01200284000000007,0.01200284000000007,0.07764706700000001,0.0767
1995,9,0.018298919000000025,0.01714850999999995,0.01714850999999995,0.01562820844599999,0.0751
1995,10,-0.018398559999999953,-0.021422750000000046,-0.021422750000000046,0.02128259999999993,0.07690000000000001
1995,11,0.010031093000000046,0.009139789900000084,0.009139789900000084,0.0236494599999999,0.0775
1995,12,0.054870900000000056,0.05460090000000006,0.05460090000000006,0.04865239999999993,0.0737
1996,1,0.019150900000000082,0.01645619999999992,0.01645619999999992,0.055836999999999914,0.0723
1996,2,0.007706299999999944,0.011704530000000046,0.011704530000000046,-0.04000999999999988,0.0724
1996,3,-0.0014357299999999684,-0.005454089999999967,-0.005454089999999967,0.05028980999999999,0.0735
1996,4,0.003247097000000032,0.005068840000000074,0.005068840000000074,-0.016795349999999987,0.07490000000000001
1996,5,0.02714155500000004,0.0258391899999999,0.0258391899999999,0.06527024000000003,0.0735
1996,6,0.013777375000000092,0.013033945999999963,0.013033945999999963,0.038642799000000005,0.0728
1996,7,0.00861275100000003,0.0075489150000001,0.0075489150000001,0.02003910199999992,0.0733
1996,8,0.04068749999999999,0.03936610000000007,0.03936610000000007,0.05319261999999991,0.0722
1996,9,0.017387400000000053,0.017406370000000004,0.017406370000000004,0.030431560000000024,0.0703
1996,10,0.032086969000000076,0.029684229999999978,0.029684229999999978,0.0652967579999999,0.0687
1996,11,0.04549690000000006,0.04556286999999992,0.04556286999999992,0.0425816698999999,0.0665
1996,12,0.09964299999999993,0.10392899999999994,0.10392899999999994,0.05954119999999996,0.0605
1997,1,0.011135668000000098,0.011173117300000035,0.011173117300000035,0.0446396,0.0602
1997,2,0.000858360000000058,-0.0020433899999998673,-0.0020433899999998673,0.029122239999999966,0.060700000000000004
1997,3,-0.009251719999999852,-0.0021266800000000474,-0.0021266800000000474,-0.09502668999999997,0.061200000000000004
1997,4,-0.02279359999999997,-0.027517000000000014,-0.027517000000000014,0.045013552999999984,0.064
1997,5,0.03200000000000003,0.029400000000000093,0.029400000000000093,0.06689999999999996,0.06280000000000001
1997,6,0.04799876999999997,0.048600999999999894,0.048600999999999894,0.03646210000000005,0.060599999999999994
1997,7,0.029925999999999897,0.030891779999999924,0.030891779999999924,0.029991600000000007,0.0583
1997,8,-0.002003553999999963,-0.0023930549999999773,-0.0023930549999999773,-0.010024316999999838,0.0591
1997,9,0.07987768000000006,0.08727280000000004,0.08727280000000004,-0.006423323599999864,0.0545
1997,10,-0.02548280000000014,-0.02702950000000015,-0.02702950000000015,-0.032034600000000135,0.056100000000000004
1997,11,0.016954562600000056,0.02161592194000006,0.02161592194000006,-0.01775923359999998,0.0558
1997,12,0.019685477785299943,0.023609872101000073,0.023609872101000073,-0.04128654113375796,0.0548
1998,1,-0.004679161320000014,-0.005285573899999951,-0.005285573899999951,0.04395645419999994,0.054630460000000006
1998,2,-0.016968258419999938,-0.01701545119500003,-0.01701545119500003,-0.021370573600000053,0.055405939999999994
1998,3,0.01649288989200004,0.01794213512804199,0.01794213512804199,0.007004846885614091,0.055467
1998,4,-0.032146410472200015,-0.03257264571381402,-0.03257264571381402,-0.01695277564895803,0.059652000000000004
1998,5,-0.008480302700267006,-0.007006347554221581,-0.007006347554221581,-0.028524790228374952,0.060700258
1998,6,-0.006232683799999972,-0.006769585523599964,-0.006769585523599964,0.01025292096315411,0.0613
1998,7,-0.06555776753566,-0.06491800346327703,-0.06491800346327703,-0.02660991351967701,0.0649
1998,8,-0.10346873976762605,-0.094372972025354,-0.094372972025354,-0.20656144166643287,0.0722
1998,9,0.06347338313841888,0.05661165157820802,0.05661165157820802,0.12654996171866695,0.0688
1998,10,-0.02723285312999102,-0.018513444766031117,-0.018513444766031117,-0.14348646999632397,0.0717
1998,11,0.01820316132370392,0.0147252386144201,0.0147252386144201,0.10316973764082205,0.07200000000000001
1998,12,-0.03012424814201986,-0.0252077605349601,-0.0252077605349601,-0.13259029325181104,0.0747
1999,1,-0.019882666585787412,-0.020892537745977324,-0.020892537745977324,-0.012077716173022557,0.07408000000000001
1999,2,-0.02685100177211963,-0.02348785987793256,-0.02348785987793256,-0.055312227675416,0.07614
1999,3,-0.005020432770271532,-0.0045122629529738,-0.0045122629529738,0.0022054957107013884,0.07955
1999,4,0.09709861339740167,0.09489522338036283,0.09489522338036283,0.13690153175490738,0.07284
1999,5,0.02200497757643749,0.021966421243052592,0.021966421243052592,0.029103298778220488,0.07179
1999,6,-0.013762993656333933,-0.01619409549206363,-0.01619409549206363,0.037215845755271815,0.07339999999999999
1999,7,-0.036701297102435526,-0.03181989690204312,-0.03181989690204312,-0.1323347168692559,0.07719999999999999
1999,8,-0.021827310977349912,-0.012709240180745929,-0.012709240180745929,-0.18466600720622828,0.079
1999,9,-0.03721666187752293,-0.03796467348594268,-0.03796467348594268,-0.037460772460363945,0.0827
1999,10,-0.025801502468308146,-0.02459535695919801,-0.02459535695919801,-0.04198964064443366,0.0852
1999,11,-0.021018131984286592,-0.016265311695221385,-0.016265311695221385,-0.12933405442909585,0.0877
1999,12,0.030017508701994267,0.03166765184545639,0.03166765184545639,0.03589584541323387,0.087
2000,1,0.0033968047231820453,0.0032935106735378916,0.0032935106735378916,-0.018592261608573968,0.0852
2000,2,-0.013050891708767387,-0.01191300581093313,-0.01191300581093313,-0.02427634798196754,0.084559
2000,3,0.032418239497372214,0.03288011886750852,0.03288011886750852,0.04875363372338426,0.08304700000000001
2000,4,0.06586401194277025,0.06719282354174583,0.06719282354174583,-0.007339999582039902,0.077766
2000,5,0.010466916031277362,0.009835625242974766,0.009835625242974766,-0.01363042207314702,0.07776
2000,6,0.02653169423452817,0.02565155670480701,0.02565155670480701,0.037547403234507115,0.076141
2000,7,0.08497570809950172,0.08740216277755476,0.08740216277755476,0.010609896741962777,0.07014999999999999
2000,8,-0.03965860563521095,-0.0405845030995311,-0.0405845030995311,0.019948261568619285,0.074154
2000,9,0.03215745372521783,0.03181767593171325,0.03181767593171325,0.04272192066238989,0.074505
2000,10,-0.042875038466274384,-0.04329139212860578,-0.04329139212860578,0.015679398837590064,0.07924199999999999
2000,11,0.011905427366835308,0.01283983919787346,0.01283983919787346,-0.010111324977302383,0.078497
2000,12,0.06923306253835992,0.07038794962359907,0.07038794962359907,0.05181454039165012,0.07522999999999999
2001,1,0.014555865350639907,0.010437376202496296,0.010437376202496296,0.1416627886728128,0.072334
2001,2,-0.012956030683861752,-0.01597174151249947,-0.01597174151249947,0.042563562638547214,0.074335
2001,3,0.009107082760194007,0.009705454638026856,0.009705454638026856,0.03347298401641852,0.074764
2001,4,0.02629752743157332,0.023855593707241773,0.023855593707241773,0.08037508425049911,0.072577
2001,5,0.025333814057690196,0.02420885660653549,0.02420885660653549,0.08408337701181236,0.07177
2001,6,0.058462379404576215,0.058613414339315106,0.058613414339315106,0.034463257841814476,0.068409
2001,7,-0.017297743535061194,-0.019863384485789837,-0.019863384485789837,0.06249741082962834,0.07066
2001,8,0.03387400598305712,0.03656460743958845,0.03656460743958845,-0.054641926649302786,0.070607
2001,9,-0.04008013825056967,-0.041525079452947915,-0.041525079452947915,0.04156023513990226,0.074287
2001,10,-0.026941576228174835,-0.02861300153860724,-0.02861300153860724,0.017861997952800968,0.076392
2001,11,0.05353210348848614,0.05503159360546106,0.05503159360546106,0.008675325829687441,0.073007
2001,12,0.026395263886161535,0.024357112785029722,0.024357112785029722,0.1078302091762209,0.07143
2002,1,0.0038059349383094965,0.001960975190586023,0.001960975190586023,0.019765414711269802,0.067883
2002,2,0.018100207434497806,0.01928107819084257,0.01928107819084257,-0.020611162024031904,0.06720100000000001
2002,3,0.05986574197739625,0.05998762603009067,0.05998762603009067,0.05037366468654336,0.064403
2002,4,0.013134919449131255,0.00852687653898987,0.00852687653898987,0.10323565681786008,0.064146
2002,5,0.01445181681527652,0.013539901993242287,0.013539901993242287,0.057313782539589075,0.063507
2002,6,0.027384328042323602,0.027330913057331596,0.027330913057331596,0.05848484002989962,0.062074
2002,7,-0.05048544222159057,-0.05230608078619669,-0.05230608078619669,-0.05322635596883563,0.066413
2002,8,-0.00024288763201707475,-0.001954884764242326,-0.001954884764242326,0.04949476985937995,0.06654399999999999
2002,9,-0.03952054467383692,-0.038378029735570696,-0.038378029735570696,-0.07592774338335206,0.070077
2002,10,-0.04568806815540527,-0.04812307072874722,-0.04812307072874722,-0.02438517166952403,0.072958
2002,11,0.04530104126380774,0.04708967103628381,0.04708967103628381,0.036974310870373506,0.070588
2002,12,0.011442697352407105,0.007425075138571824,0.007425075138571824,0.08939811447210966,0.070493
2003,1,-0.02789465831936777,-0.02907077543346437,-0.02907077543346437,-0.010811411381931202,0.07281
2003,2,0.016200212058589125,0.016544937278955674,0.016544937278955674,0.006645623321443361,0.072311
2003,3,0.020674360540076764,0.02001868524168504,0.02001868524168504,0.032762910054594085,0.072105
2003,4,0.047702424992083436,0.04396887707554331,0.04396887707554331,0.11191642041009973,0.069145
2003,5,0.0612135423850535,0.06039123099316601,0.06039123099316601,0.06358810885941635,0.065345
2003,6,0.0260103515183856,0.02175164855344014,0.02175164855344014,0.0645812179490135,0.064221
2003,7,0.05235316097242104,0.053518235900944955,0.053518235900944955,0.046331050978671406,0.060505
2003,8,0.004303324036545986,0.0053558533134736575,0.0053558533134736575,-0.016716972403932773,0.06066099999999999
2003,9,0.03147652481621632,0.03400090454625371,0.03400090454625371,-0.003916269313450238,0.059908
2003,10,0.021543051941853575,0.018066491880290858,0.018066491880290858,0.0825979639584804,0.059014
2003,11,0.04517071442544052,0.0435949785394818,0.0435949785394818,0.06996004936180222,0.056594
2003,12,0.03428987019419738,0.03498009349350695,0.03498009349350695,0.02404114218187603,0.055180999999999994
2004,1,0.04302144049615153,0.04326103800276293,0.04326103800276293,0.04946222185486637,0.052077
2004,2,0.021933056254220373,0.017485667367076463,0.017485667367076463,0.07244081748867659,0.052329
2004,3,0.055975170461536994,0.055264572588054506,0.055264572588054506,0.07354511420044196,0.050058
2004,4,-0.15263975515389272,-0.14581403645951896,-0.14581403645951896,-0.23737169361499255,0.059009
2004,5,0.07062023604469725,0.07127998192491303,0.07127998192491303,0.061166075736962755,0.05548600000000001
2004,6,0.029927316161182826,0.029325314018035842,0.029325314018035842,0.03436418144913023,0.05434
2004,7,0.0004212796297708987,0.003294078624973995,0.003294078624973995,-0.03181483626315762,0.054287999999999996
2004,8,0.07882270872808239,0.0793653264883083,0.0793653264883083,0.08142758611328628,0.050753000000000006
2004,9,0.0019393463411294665,-0.0005953604535485768,-0.0005953604535485768,0.027264648451064355,0.0512
2004,10,0.04546141179147867,0.053592543798633985,0.053592543798633985,-0.038654242448580844,0.049018
2004,11,0.04637396930475246,0.04303174379574526,0.04303174379574526,0.0832384246869118,0.047869999999999996
2004,12,0.0482391672069995,0.04853422389184692,0.04853422389184692,0.045444016015026456,0.046558999999999996
2005,1,-0.0791175631112997,-0.08396980135863628,-0.08396980135863628,-0.028623460042749516,0.050441
2005,2,0.022540626365040728,0.03066911969345476,0.03066911969345476,-0.05580454290716297,0.047941000000000004
2005,3,-0.018596249678163534,-0.015498711348848726,-0.015498711348848726,-0.04867379020640882,0.051679
2005,4,0.046785962414040316,0.05319346714935036,0.05319346714935036,-0.007259622859349779,0.049626
2005,5,0.035756064692281875,0.0346595298335044,0.0346595298335044,0.046244402923957706,0.048088
2005,6,0.04699724973366859,0.050273189161583964,0.050273189161583964,0.021529005195749518,0.046034
2005,7,0.06567127483396873,0.07136606107199617,0.07136606107199617,0.008828425080172009,0.043016
2005,8,-0.042460350246913754,-0.03656663658245718,-0.03656663658245718,-0.10616663654396585,0.045274
2005,9,-0.0010056878271527125,0.005957854278294317,0.005957854278294317,-0.07704305294396163,0.045572
2005,10,-0.027343874602361984,-0.023662317592181514,-0.023662317592181514,-0.06436444280042541,0.046978
2005,11,0.04338342177850851,0.04213385294369654,0.04213385294369654,0.06851075023773401,0.045579
2005,12,-0.0022050782989481155,-0.0019947452008934885,-0.0019947452008934885,-0.0027781866816785072,0.045669
2006,1,0.06998047363881477,0.07304990417989843,0.07304990417989843,0.04227777338041139,0.041983
2006,2,0.014438808439647177,0.017891534421804245,0.017891534421804245,-0.038147387040010416,0.040843
2006,3,0.0500394,0.05050681,0.05050681,0.05080199999999999,0.0406
2006,4,-0.031028959999999998,-0.03716393,-0.03716393,0.0456813,0.0421
2006,5,-0.02783242,-0.028466239999999997,-0.028466239999999997,-0.01819331,0.0437
2006,6,0.04991337,0.05202592999999999,0.05202592999999999,0.03422397,0.0421
2006,7,0.030132910000000002,0.03373005,0.03373005,-0.013734610000000001,0.041000000000000016
2006,8,0.034211200000000004,0.037849219999999996,0.037849219999999996,-0.02805886,0.0397
2006,9,0.01979734,0.01848133,0.01848133,0.04246618,0.0393
2006,10,0.06318855999999999,0.06264107000000001,0.06264107000000001,0.03927619,0.0373
2006,11,0.044562939999999995,0.04648633999999999,0.04648633999999999,0.01106126,0.0359
2006,12,-0.01220343,-0.015632379999999998,-0.015632379999999998,0.01595183,0.0369
2007,1,0.07832957,0.08421300000000001,0.08421300000000001,0.01699613,0.034
2007,2,-0.02915376,-0.022392029999999997,-0.022392029999999997,-0.11434873,0.035699999999999996
2007,3,-0.02500278,-0.02386884,-0.02386884,-0.04812618,0.0373
2007,4,0.0010908279999999998,-0.0001980967,-0.0001980967,0.01531459,0.0377
2007,5,0.0010470013,0.0005227204,0.0005227204,0.01047471,0.0379
2007,6,-0.09040700000000002,-0.0906869,-0.0906869,-0.09016460999999999,0.04190000000000001
2007,7,-0.08794362,-0.07802192,-0.07802192,-0.2211462,0.045599999999999995
2007,8,0.05497034999999999,0.06571327,0.06571327,-0.12380047,0.0426
2007,9,0.04243216,0.04405762999999999,0.04405762999999999,0.05287410000000001,0.0412
2007,10,0.008151885,0.0112057,0.0112057,-0.02621147,0.0417
2007,11,-0.08623405,-0.0906957,-0.0906957,-0.02309033,0.04600000000000001
2007,12,-0.044225589999999995,-0.050283379999999996,-0.050283379999999996,0.053906289999999996,0.049100000000000005
2008,1,-0.003048861,-0.01025685,-0.01025685,0.08080409,0.049699999999999994
2008,2,-0.03846813,-0.03558226,-0.03558226,-0.04114961,0.052300000000000006
2008,3,0.038808669999999997,0.06231386,0.06231386,-0.24107199999999998,0.0499
2008,4,0.061012409999999996,0.05859236,0.05859236,0.09366957,0.0472
2008,5,0.0075724,0.0077082059999999996,0.0077082059999999996,0.03223256,0.047
2008,6,-0.11253587,-0.10875524,-0.10875524,-0.15447371000000001,0.053000000000000005
2008,7,0.028111920000000002,0.03471076,0.03471076,-0.03290707,0.0513
2008,8,0.02006769,0.02209194,0.02209194,-0.01886505,0.0504
2008,9,-0.003323909,-0.001932706,-0.001932706,-0.03135061,0.0509
2008,10,-0.30225840000000004,-0.31668199999999996,-0.31668199999999996,-0.09072364000000001,0.0745
2008,11,-0.21513770000000002,-0.2305537,-0.2305537,-0.008218004,0.09390000000000001
2008,12,0.15874477,0.16392320000000002,0.16392320000000002,0.10390667,0.0756
2009,1,-0.1649391,-0.1730784,-0.1730784,-0.05385554,0.09050000000000001
2009,2,-0.19463519999999998,-0.208244,-0.208244,-0.08079431999999999,0.1008
2009,3,0.04409184,0.04061832,0.04061832,0.048395640000000004,0.0902
2009,4,0.2797494,0.31019559999999996,0.31019559999999996,0.03530303,0.0665
2009,5,0.02139569,0.02156795,0.02156795,0.01146397,0.059500000000000004
2009,6,-0.024691420000000002,-0.03732244,-0.03732244,0.097111,0.058600000000000006
2009,7,0.10179122,0.10472813,0.10472813,0.08919661999999999,0.0492
2009,8,0.12223742,0.13389514,0.13389514,0.04542611,0.0436
2009,9,0.06367111,0.06395159,0.06395159,0.05804571,0.04019999999999999
2009,10,-0.048017189999999994,-0.04504382,-0.04504382,-0.07111711,0.0412
2009,11,0.06843632999999999,0.06910574,0.06910574,0.07133737999999999,0.0388
2009,12,0.06426869,0.0714972,0.0714972,-0.007645063999999999,0.0373
2010,1,-0.04678089,-0.05210561,-0.05210561,-0.001459503,0.0414
2010,2,0.05057423,0.05338519,0.05338519,0.020795940000000002,0.0416
2010,3,0.09418714999999998,0.10184436,0.10184436,0.0047487,0.038599999999999995
2010,4,0.06580515,0.06941993,0.06941993,0.01495445,0.0361
2010,5,-0.05316099999999999,-0.05545322,-0.05545322,-0.01715129,0.0392
2010,6,-0.045331579999999996,-0.05017013000000001,-0.05017013000000001,0.01604007,0.0416
2010,7,0.08993679,0.09522461,0.09522461,0.034279000000000004,0.0381
2010,8,-0.01404112,-0.0138799,-0.0138799,-0.004577368,0.038900000000000004
2010,9,0.04455051,0.044672739999999996,0.044672739999999996,0.04429,0.0378
2010,10,0.04555769,0.047013309999999996,0.047013309999999996,0.026006490000000004,0.0361
2010,11,-0.01624,-0.019581,-0.019581,0.01961955,0.037599999999999995
2010,12,0.04674015,0.046568889999999995,0.04667922,0.050067249999999994,0.0354
2011,1,0.03640763,0.041249079999999994,0.032458680000000004,0.004294821,0.034300000000000004
2011,2,0.044861389999999994,0.04582882,0.04619326,0.03578717,0.0336
2011,3,-0.013802710000000001,-0.01280823,-0.01549636,-0.02287444,0.0346
2011,4,0.048926080000000004,0.05113542,0.05702612999999999,0.01829503,0.0329
2011,5,0.008390392,0.009991837,0.01386063,0.0024751029999999998,0.032799999999999996
2011,6,-0.0268173,-0.03070972,-0.03305691,0.0036163479999999997,0.0344
2011,7,0.0038633499999999998,0.01052372,0.015410299999999998,-0.06318105,0.034300000000000004
2011,8,-0.05056731999999999,-0.055963849999999996,-0.05667207999999999,0.02150239,0.0365
2011,9,-0.1041481,-0.10973479,-0.10956916,-0.05808344,0.041000000000000016
2011,10,0.13312881000000001,0.14277207,0.1440127,0.03947791,0.0361
2011,11,-0.035274610000000005,-0.03758724,-0.03775958,-0.0231671,0.0381
2011,12,0.04551321,0.04794980000000001,0.04668322,0.02385884,0.0382
2012,1,0.06470365,0.06358287,0.06499638999999999,0.07304342,0.034
2012,2,-0.006641861,-0.009109820999999999,-0.010691260000000001,0.01188729,0.0348
2012,3,0.04393216,0.048408500000000014,0.05155221,0.004579588,0.0334
2012,4,0.02799454,0.026729759999999998,0.028793350000000002,0.035096409999999995,0.0327
2012,5,-0.03948893,-0.044107219999999996,-0.04543248999999999,0.006018081,0.0345
2012,6,0.05883938,0.059659000000000004,0.05608441,0.04226884,0.0329
2012,7,0.02296376,0.021699609999999998,0.01954956,0.04048941999999999,0.0323
2012,8,0.00458277,0.0011967347,0.0002067684,0.01414136,0.0326
2012,9,-0.008919261,-0.012332339999999999,-0.017824660000000003,0.0255396,0.0335
2012,10,-0.0033398660000000004,-0.00251194,-0.008391221999999999,-0.01864754,0.0337
2012,11,-0.00640772,-0.0027179310000000003,-0.002851436,-0.03359414,0.0342
2012,12,0.03196281,0.036475469999999996,0.03745751,-0.01326927,0.0351
2013,1,0.042829900000000004,0.036573549999999996,0.037420499999999995,0.09871964,0.0342
2013,2,0.01294246,0.01240955,0.01262082,0.016506840000000002,0.0341
2013,3,0.0329206,0.03007555,0.02989194,0.055128830000000004,0.0331
2013,4,0.058018709999999994,0.06330627,0.06681211999999999,0.00826375,0.0313
2013,5,-0.06561,-0.05900073,-0.059250939999999995,-0.12612584,0.0337
2013,6,-0.022754129999999997,-0.02188032,-0.01922695,-0.03872725,0.0353
2013,7,0.005268052,0.008287745,0.009531727,-0.01999093,0.0351
2013,8,-0.062312229999999996,-0.06622183,-0.06965948999999999,-0.03480217,0.0378
2013,9,0.03546946,0.03434164,0.03183764,0.03689991,0.0368
2013,10,0.04061425,0.043348519999999995,0.044820259999999994,0.005683321,0.0355
2013,11,-0.04409161999999999,-0.048655,-0.05191631,-0.03498275,0.0377
2013,12,0.008420949,0.005781782,0.0023053039999999998,0.03193218,0.0391
2014,1,0.03377004,0.033120250000000004,0.04143739,0.05962488,0.0365
2014,2,0.04687368,0.04666761999999999,0.05013083,0.042998909999999994,0.0359
2014,3,0.003246917,0.00353204,0.005634600000000001,0.00583286,0.0364
2014,4,0.02882125,0.029944259999999997,0.033117709999999995,0.01859038,0.035699999999999996
2014,5,0.02758794,0.029140830000000003,0.0241033,0.02380173,0.0349
2014,6,0.01178315,0.01066446,0.01112257,0.01560529,0.0352
2014,7,-0.0019041930000000002,0.0003184225,0.00034814570000000003,-0.024105829999999998,0.0353
2014,8,0.03381266,0.03274905,0.0295097,0.04604207,0.0347
2014,9,-0.05634156,-0.05605284,-0.059539749999999995,-0.06238113999999999,0.0375
2014,10,0.08723937,0.08989064,0.09942577999999999,0.05135795,0.0345
2014,11,0.0229791,0.023367680000000002,0.01964874,0.022171189999999997,0.034
2014,12,0.010913949999999999,0.0125623,0.01872007,-0.02659246,0.0356
2015,1,0.05594709,0.06165835,0.06707278,-0.004604759,0.0327
2015,2,-0.025805630000000003,-0.030393089999999998,-0.034819840000000005,0.018315440000000002,0.0341
2015,3,0.011502209999999999,0.01011711,0.01709061,0.00975062,0.0337
2015,4,-0.04710236,-0.049486,-0.05492895,-0.006947873,0.035699999999999996
2015,5,-0.0011406209,-0.002212351,-0.0012362833,0.004929408,0.0362
2015,6,-0.04318538999999998,-0.041164969999999995,-0.046006659999999984,-0.07083834,0.0387
2015,7,0.04854727,0.049871349999999995,0.05639347,0.030333779999999998,0.037000000000000005
2015,8,-0.05676493,-0.05819743,-0.061891919999999996,-0.03523076,0.039599999999999996
2015,9,0.01874834,0.02133048,0.029267219999999997,-0.023735330000000002,0.0397
2015,10,0.06142792999999999,0.06471078,0.05867789,-0.001701819,0.0374
2015,11,-0.002581008,-0.001705209,-0.0052086369999999995,0.009229537999999999,0.0377
2015,12,0.011942219999999998,0.013104560000000001,0.018419110000000002,-0.017975699999999997,0.0385
2016,1,-0.034788440000000004,-0.03519572,-0.03352791,-0.05252482,0.04
2016,2,-0.002874025,-0.00427866,-0.004193477,0.026930999999999997,0.0405
2016,3,0.09988878999999999,0.10171181000000001,0.10141474,0.0715847,0.037599999999999995
2016,4,-0.01664925,-0.01813661,-0.02385569,0.017168410000000002,0.038599999999999995
2016,5,0.023386809999999997,0.02313615,0.024277060000000003,0.042697000000000006,0.0379
2016,6,0.06684208,0.06918972999999999,0.06975321999999999,0.03479952,0.0359
2016,7,0.0387193,0.03889056,0.04151878,0.03206854,0.0347
2016,8,-0.03281649,-0.034749,-0.03668228,0.01232042,0.0361
2016,9,-0.01409683,-0.014810160000000001,-0.01760127,0.005071095,0.037000000000000005
2016,10,-0.04890028,-0.05110135,-0.05655748,-0.0012723180000000001,0.0391
2016,11,-0.02041225,-0.02422323,-0.01685519,0.01702275,0.0398
2016,12,0.0420087,0.04462903,0.04692852999999999,0.006538009,0.039599999999999996
2017,1,0.00243977,0.001659182,0.0011477705,0.015981540000000002,0.0395
2017,2,0.041609030000000005,0.040141849999999986,0.03409176,0.05768453999999999,0.0383
2017,3,-0.01387271,-0.01573759,-0.02285081,0.0312816,0.0385
2017,4,0.005072800000000001,0.004332089,0.001222667,0.034609,0.0385
2017,5,-0.0014684249999999998,-0.0012732,-0.007715455999999999,-0.01318918,0.0387
2017,6,0.02028228,0.01962949,0.021881529999999996,0.025090400000000002,0.0385
2017,7,0.011931830000000001,0.012650570000000002,0.01220379,0.004316614999999999,0.0381
2017,8,0.006225792999999999,0.006420814,-0.0025456859999999997,0.01532669,0.0378
2017,9,-0.005745200000000001,-0.007932578000000001,-0.0002590644,0.014983729999999999,0.0385
2017,10,-0.001459224,0.001274575,-0.009631816999999999,-0.03143039,0.0385
2017,11,0.02627416,0.02654284,0.027109070000000002,0.005680141,0.0378
2017,12,-0.001056613,-0.002932079,-0.002126397,0.02446793,0.0394
2018,1,-0.03237019,-0.02945163,-0.041779159999999996,-0.06912922,0.0407
2018,2,-0.07019532,-0.07271193999999999,-0.07711422,-0.03259745,0.0443
2018,3,0.03741536,0.03709864,0.03810412,0.06537433999999999,0.042699999999999995
2018,4,0.005503296999999999,0.005208406,0.014308920000000001,0.0044214219999999995,0.0425
2018,5,0.03525194,0.03601953,0.03947974,0.02732149,0.041100000000000005
2018,6,0.04060677,0.041839400000000006,0.043638569999999995,0.014752359999999999,0.039599999999999996
2018,7,0.007720734999999999,0.006074191999999999,0.008012063,0.037964000000000005,0.0395
2018,8,0.02675384,0.02776875,0.030403129999999997,0.00183684,0.0387
2018,9,-0.02357449,-0.024472,-0.02538258,-0.010148999999999998,0.04
2018,10,-0.02623568,-0.02645379,-0.0296636,-0.0180247,0.041100000000000005
2018,11,0.044893029999999993,0.047523369999999995,0.04737727,0.01747837,0.0393
2018,12,-0.07726951,-0.07889856999999999,-0.08225536,-0.05649248,0.0437
2019,1,0.11419114000000001,0.11579767,0.11747778,0.09083561999999999,0.0391
2019,2,0.004967834,0.005415812999999999,0.007284423999999999,-0.009712692,0.039
2019,3,0.042212379999999994,0.04448368,0.03349919,0.01930243,0.037200000000000004
2019,4,-0.0005884739,-0.002316838,-0.002353435,0.0193055,0.0375
2019,5,0.002003797,0.006440575,0.002211071,-0.06897455,0.0374
2019,6,0.01627122,0.013731930000000002,0.0125928,0.05126163,0.0375
2019,7,0.01575687,0.0154025,0.012806550000000002,0.023092320000000003,0.0369
2019,8,0.03395065,0.04140877,0.03397465,-0.06480069,0.0358
2019,9,0.02112928,0.01877342,0.02934934,0.06702578,0.0354
2019,10,0.01143661,0.01082612,0.01365283,0.02879748,0.0354
2019,11,-0.013510409999999999,-0.01542888,-0.0150569,0.01472968,0.0359
2019,12,0.007742823999999999,0.006134305999999999,-0.005980261999999999,0.03632675,0.037000000000000005
2020,1,0.01403279,0.012652380000000001,0.012075279999999999,0.03562144,0.0363
2020,2,-0.07083665,-0.07025687,-0.08006416999999999,-0.08391615999999999,0.0392
2020,3,-0.20849530000000002,-0.1868468,-0.219202,-0.537532,0.0475
2020,4,0.09059139,0.08829647,0.08302714,0.1941125,0.0432
2020,5,0.01708468,0.01710452,0.001908858,0.025354260000000003,0.0415
2020,6,0.02737123,0.02309578,0.03055164,0.12583174,0.0397
2020,7,0.03772505,0.038163140000000005,0.04047760999999998,0.05057691,0.0373
2020,8,0.003264472,0.00136579,0.007817471999999999,0.022816839999999998,0.0374
2020,9,-0.025462,-0.02663078,-0.032649449999999997,-0.009678259,0.0384
2020,10,-0.03172267,-0.03354678,-0.026134179999999996,-0.005027796,0.0398
2020,11,0.09729618999999999,0.09223173,0.10916581,0.18373,0.0365
2020,12,0.02756036,0.024498000000000002,0.03286662,0.07165151,0.0356
2021,1,-0.001622247,-0.0007115646,0.0010340655,-0.024060079999999998,0.0355
2021,2,0.03057108,0.02722396,0.04008124,0.08284666,0.0346
2021,3,0.05434918,0.05526472,0.045687769999999996,0.05862,0.0331
2021,4,0.07889110000000002,0.08117126,0.08056428,0.045030219999999996,0.030699999999999998
2021,5,0.007808104999999999,0.008230731,0.010236199999999999,0.0032968,0.0291
2021,6,0.027405910000000002,0.02770228,0.02614422,0.01756374,0.0285
2021,7,0.04011512,0.04364436000000001,0.04808703,-0.025456029999999998,0.0273
2021,8,0.021421960000000004,0.02083262,0.01841467,0.028818769999999997,0.0269
2021,9,-0.05729028,-0.059216300000000006,-0.05398650000000001,-0.02272723,0.0292
2021,10,0.06918495,0.07077879,0.07601158,0.03847011,0.0279
2021,11,-0.01275004,-0.010136210000000001,-0.006746522,-0.055940750000000004,0.028399999999999998
2021,12,0.0918154,0.09603878,0.08831840999999999,0.008536654999999999,0.0259
2022,1,-0.07712213999999999,-0.07932525,-0.06847308,-0.017942180000000002,0.027999999999999997
2022,2,-0.039166,-0.03893214,-0.031301209999999996,-0.06117435,0.0292
2022,3,0.06863369,0.07068880000000001,0.06546075999999999,0.03191932,0.0286
2022,4,-0.04026577,-0.036550769999999996,-0.04392246,-0.09429230999999999,0.0298
2022,5,-0.04322846999999999,-0.04681446,-0.06234939,0.03775894,0.0315
2022,6,-0.07270850000000001,-0.07099087,-0.07412561999999999,-0.10377888,0.0344
2022,7,0.08743034,0.08547523,0.09057442,0.14390728,0.0315
2022,8,-0.059172279999999994,-0.058841229999999994,-0.05972704999999998,-0.07060788999999999,0.0337
2022,9,-0.13186420999999998,-0.12717591,-0.12175364,-0.2417888,0.0395
2022,10,0.03864328,0.03381824,0.04894380000000001,0.12233335000000001,0.038599999999999995
2022,11,0.06021789,0.05994347999999999,0.057670589999999994,0.08581984999999999,0.0368
2022,12,-0.050928900000000006,-0.04967224,-0.05139485,-0.06780176,0.0397
2023,1,0.10297195,0.10069521999999999,0.10671051999999999,0.15687539,0.0361
2023,2,-0.06038856,-0.059257849999999994,-0.047994329999999995,-0.08164205,0.039
2023,3,-0.020668259999999997,-0.01740636,-0.025393279999999997,-0.08517161999999999,0.0407
2023,4,0.0031958629999999997,0.002975134,0.008337091,0.01643344,0.0407
2023,5,-0.04172915,-0.04228350000000001,-0.03220028,-0.03393218,0.0426
2023,6,0.05690169,0.05357826,0.051528779999999996,0.12769079,0.0408
2023,7,0.0211127,0.020026079999999998,0.028506269999999997,0.04510939,0.0397
2023,8,-0.03273234,-0.03327591,-0.03111078,-0.018681430000000002,0.0412
2023,9,-0.06894817,-0.07040934,-0.068041,-0.046080579999999996,0.0444
2023,10,-0.03525388,-0.031177640000000003,-0.043649129999999994,-0.11532518,0.045899999999999996
2023,11,0.11915393,0.11862328,0.10558624,0.14364574,0.0414
2023,12,0.08882923,0.08861780999999999,0.09919912,0.08276961999999999,0.0392
2024,1,-0.04832204,-0.04860480000000001,-0.04150506,-0.040839300000000016,0.0412
2024,2,0.017821629999999998,0.01926837,0.020266000000000003,-0.007648349,0.0404
2024,3,0.01919086,0.01776314,0.020574910000000002,0.04377852,0.0406
2024,4,-0.07804602999999999,-0.07911684,-0.07012887999999999,-0.05779787,0.044000000000000004
2024,5,0.051636470000000004,0.052875319999999996,0.04590796,0.03091352,0.04190000000000001
2024,6,0.021717919999999998,0.02212442,0.02886443,0.009515986999999998,0.041299999999999996
2024,7,0.07119816999999999,0.0717661,0.06226395,0.05900284,0.038599999999999995
2024,8,0.053703089999999995,0.05625204,0.06406527,0.022546430000000003,0.036699999999999997
2024,9,0.02991011,0.03166752,0.027029559999999998,0.0123095,0.0358
2024,10,-0.03722041,-0.03609814,-0.02902482,-0.05516077,0.0371
2024,11,0.03455634,0.03573823,0.04294547,0.03913713,0.0359
2024,12,-0.07864121,-0.07998253999999999,-0.07383253,-0.042841,0.039599999999999996
2025,1,0.01165606,0.0102537,0.01040072,0.053617719999999994,0.0393
2025,2,0.041821769999999994,0.04163577,0.03614949,0.06075171,0.0379
2025,3,-0.024009,-0.023568699999999998,-0.03609077,-0.04399072,0.039599999999999996
2025,4,-0.022325710000000002,-0.01978967,-0.02679056,-0.04782267,0.0406
