target,upper,lower,adj,mode,min_remain,swr_mean,swr_std,success_rate_mean,success_rate_std,funded_ratio_mean,funded_ratio_std,eff_success_mean,eff_success_std,eff_funded_mean,eff_funded_std,median_cew_mean,median_cew_std,p10_cew_mean,p10_cew_std,p10_avg_wd_mean,p10_avg_wd_std,p50_avg_wd_mean,p50_avg_wd_std,p90_avg_wd_mean,p90_avg_wd_std,p90_max_drop_mean,p90_max_drop_std,mean_years_below_floor_mean,mean_years_below_floor_std,init_wd_mean,init_wd_std,n_seeds,init_wd_floor60,passes_eff_sr,passes_p10_wd,passes_years_below,gating_pass
0.95,0.99,0.8,0.05,amount,1,0.023707692307692218,3.440104580769952e-05,0.9675,0.0,0.99261,4.472135954998466e-05,0.9641,0.0002236067977500102,0.9902660000000001,1.3416407864999743e-05,36228.81130996674,31.015725183408648,24656.402821424406,0.8203296023716018,29570.72065982535,52.7539542828316,84329.57203227494,26.77213632514488,295721.61037256016,98.56494529290052,0.0332119719210513,3.2222665363962486e-06,0.4969,0.00022360679774998226,23707.692307692312,34.401045807691,5,14224.615384615387,True,True,True,True
0.95,0.99,0.8,0.05,amount,3,0.023707692307692218,3.440104580769952e-05,0.9675,0.0,0.99261,4.472135954998466e-05,0.9640000000000001,0.0,0.990264,8.944271910008104e-06,36206.91673633556,30.6999993340724,24621.264850159863,7.971551212662005,28917.995978014427,44.72244463731285,80333.18950673073,29.392548054933936,276134.7888849836,69.80793885031058,0.03351986756626366,5.899295550240097e-06,0.4979,0.00022360679774998226,23707.692307692312,34.401045807691,5,14224.615384615387,True,True,True,True
0.95,0.99,0.8,0.05,amount,5,0.023707692307692218,3.440104580769952e-05,0.9682999999999999,0.0004472135954999645,0.9926260000000001,5.366563145999277e-05,0.9635999999999999,0.00022360679774995434,0.990244,8.944271910008104e-06,36171.58401607506,34.09808169951332,24571.723031726302,18.03388841278774,28382.57477909841,42.652978708975944,77345.99368713403,42.455751368230686,259442.35619955914,72.57709543303767,0.0339518909090474,2.2891789958342573e-05,0.4989,0.00022360679774998226,23707.692307692312,34.401045807691,5,14224.615384615387,True,True,True,True
0.95,0.99,0.8,0.05,amount,10,0.023707692307692218,3.440104580769952e-05,0.9689,0.00022360679774995434,0.9926960000000001,5.366563145999277e-05,0.9635999999999999,0.00022360679774995434,0.990232,4.472135954991639e-06,36050.709675800186,23.44747753150869,24324.171613684593,12.567148453781197,27033.421125362063,0.0023917310715741644,69992.77260537166,104.39972942805811,226171.37744331989,77.66990882435101,0.03492365285559777,4.942569568147107e-06,0.5013,0.001788854381999827,23707.692307692312,34.401045807691,5,14224.615384615387,True,True,True,True
0.95,0.9,0.8,0.05,amount,1,0.023707692307692218,3.440104580769952e-05,0.9663999999999999,0.0002236067977500102,0.9924759999999999,3.130495168501595e-05,0.9629,0.00022360679774995434,0.990066,1.3416407864999743e-05,37577.174303543856,39.57458312170661,24932.560010508074,16.413256657480417,29684.74759512998,2.9975422943679644,83743.41248829568,89.44926989981573,292967.20606195554,227.9298304018317,0.033527175906769,3.5904666914372593e-06,0.503,0.0,23707.692307692312,34.401045807691,5,14224.615384615387,True,True,True,True
0.95,0.9,0.8,0.05,amount,3,0.023707692307692218,3.440104580769952e-05,0.9663999999999999,0.0002236067977500102,0.9924759999999999,3.130495168501595e-05,0.9624,0.0002236067977500102,0.990056,1.3416407864999743e-05,37568.37263712996,39.13900812516608,24894.578579946898,18.872035334569617,29159.722716949655,23.289399081508307,79598.20642133152,21.720471239951664,275617.8948371811,29.48222529130791,0.033906179227397214,1.4248637166086617e-05,0.5059,0.0002236067977500102,23707.692307692312,34.401045807691,5,14224.615384615387,True,True,True,True
0.95,0.9,0.8,0.05,amount,5,0.023707692307692218,3.440104580769952e-05,0.9669000000000001,0.00022360679774995434,0.992494,3.577708763997656e-05,0.962,0.0,0.9900439999999999,8.944271910008104e-06,37554.26937986519,42.661798906768524,24855.347675442248,19.098014616296613,28798.009226004262,12.415459480599338,76686.2035786564,39.533685617704926,256286.82989912582,108.99648682111905,0.03420357818148518,3.8589797048066314e-05,0.5078,0.0004472135954999645,23707.692307692312,34.401045807691,5,14224.615384615387,True,True,True,True
0.95,0.9,0.8,0.05,amount,10,0.023707692307692218,3.440104580769952e-05,0.9679,0.00022360679774995434,0.992558,2.6832815729968453e-05,0.9621000000000001,0.0002236067977500102,0.990016,1.3416407865024569e-05,37416.28159470354,41.777049297998936,24638.41919356965,22.403435587452602,27545.20363680257,10.487170550419405,69828.00350568778,76.53673255139981,222666.56288452828,82.37861673458688,0.035778699526725,6.108714385003888e-05,0.5102,0.0006708203932499189,23707.692307692312,34.401045807691,5,14224.615384615387,True,True,True,True
0.95,0.99,0.7,0.05,amount,10,0.023707692307692218,3.440104580769952e-05,0.9665000000000001,0.0,0.992164,3.577708763997656e-05,0.9632,0.0004472135954999645,0.98994,2.2360679775007845e-05,36097.12095488734,38.71900560413173,24646.62900632967,26.04854858364925,27076.622942666414,21.182859950730254,69981.83500969077,93.57392369059825,225612.7507588604,135.54282607578577,0.035870122355966635,4.143099744919666e-06,0.5178999999999999,0.0013416407864998625,23707.692307692312,34.401045807691,5,14224.615384615387,True,True,True,True
0.95,0.99,0.7,0.05,amount,5,0.023707692307692218,3.440104580769952e-05,0.9655000000000001,0.0,0.992104,3.577708763997656e-05,0.9629999999999999,0.0,0.9899359999999999,1.3416407864999743e-05,36209.758182039994,27.86936764507575,24879.810673393677,16.812741868849578,28281.61731425401,12.8197199177612,77361.73273482334,40.56562143026219,259442.35619955914,72.57709543303767,0.03475524010360518,7.309161874036822e-06,0.5146,0.000894427190999929,23707.692307692312,34.401045807691,5,14224.615384615387,True,True,True,True
0.95,0.99,0.7,0.05,amount,1,0.023707692307692218,3.440104580769952e-05,0.9651,0.0002236067977500102,0.9920960000000001,3.130495168501595e-05,0.9625999999999999,0.00022360679774995434,0.9899280000000001,1.7888543819960352e-05,36270.58824421436,35.16601281438154,24965.75811214452,27.254138086644325,29454.71211324087,8.668294158018492,84312.17627958787,18.100574627489646,294859.18489224283,115.32151473071745,0.0339340182280008,2.6941022813342112e-05,0.5149999999999999,0.0011180339887498834,23707.692307692312,34.401045807691,5,14224.615384615387,True,True,True,True
0.95,0.99,0.7,0.05,amount,3,0.023707692307692218,3.440104580769952e-05,0.9651,0.0002236067977500102,0.9920960000000001,3.130495168501595e-05,0.9625999999999999,0.00022360679774995434,0.9899280000000001,1.7888543819960352e-05,36244.61157678966,31.03178533174807,24934.26512902627,21.758250164805045,28974.465568960422,5.646423021021413,80302.61869128158,31.199391093800422,276134.7888849836,69.80793885031058,0.03428346028132652,1.39008647385389e-05,0.5149999999999999,0.0011180339887498834,23707.692307692312,34.401045807691,5,14224.615384615387,True,True,True,True
0.95,0.95,0.8,0.05,amount,1,0.023707692307692218,3.440104580769952e-05,0.9644999999999999,0.0,0.992154,3.577708763997656e-05,0.961,0.0,0.989884,1.3416407865024569e-05,37604.85921062935,40.90141253936305,25042.465699141594,0.4117215835414406,29715.2430707736,10.07960471506653,83568.11169096244,63.08435895655162,291597.979156229,233.85700909867418,0.033974608817565824,2.0306239922265094e-05,0.5149999999999999,0.0011180339887499082,23707.692307692312,34.401045807691,5,14224.615384615387,True,True,True,True
0.95,0.95,0.8,0.05,amount,5,0.023707692307692218,3.440104580769952e-05,0.9661,0.000894427190999929,0.992186,5.366563145999277e-05,0.9614,0.0002236067977500102,0.989882,1.788854382001621e-05,37594.588455245736,36.257933235774864,24953.793633209636,13.112958075289665,28846.42771319414,2.349192511240542,76685.32058962525,37.042089151407005,255989.6887977894,109.71438721891387,0.034476126353259515,2.9161341801877933e-05,0.5168999999999999,0.000894427190999929,23707.692307692312,34.401045807691,5,14224.615384615387,True,True,True,True
0.95,0.95,0.8,0.05,amount,3,0.023707692307692218,3.440104580769952e-05,0.9644999999999999,0.0,0.992154,3.577708763997656e-05,0.9606,0.00022360679774995434,0.989876,8.944271910008104e-06,37590.795999234615,41.61076108709507,25005.924554474965,8.26477569598724,29269.673445216315,9.186318140173963,79539.82119369887,34.84867349052445,275617.8948371811,29.48222529130791,0.0343563879976415,1.972449628692126e-05,0.5166999999999999,0.0004472135954999645,23707.692307692312,34.401045807691,5,14224.615384615387,True,True,True,True
0.95,0.95,0.8,0.05,amount,10,0.023707692307692218,3.440104580769952e-05,0.9677999999999999,0.0004472135954999645,0.9922600000000001,4.472135955004052e-05,0.9621000000000001,0.0002236067977500102,0.989842,4.472135954991639e-06,37457.08317302413,42.99014575645945,24743.70314618906,18.80349622377037,27571.400301988033,1.6440847219149282,69773.1768125006,107.22122970781746,222511.7784649853,86.32216715968136,0.03609089215327508,1.2785123199547322e-05,0.52,0.0,23707.692307692312,34.401045807691,5,14224.615384615387,True,True,True,True
0.95,0.9,0.7,0.05,amount,10,0.023707692307692218,3.440104580769952e-05,0.9639,0.00022360679774995434,0.9919040000000001,3.577708763997656e-05,0.9603999999999999,0.0002236067977500102,0.9896840000000001,8.944271910008104e-06,37448.50997796115,40.531790925240365,24884.56840085346,28.79624377944199,27562.96901766521,0.3830083990266475,69700.58781338918,57.70251884704391,221685.9133924485,96.60084998714319,0.036438855671915536,1.1562490639086075e-05,0.5266,0.000894427190999929,23707.692307692312,34.401045807691,5,14224.615384615387,True,True,True,True
0.95,0.9,0.7,0.05,amount,5,0.023707692307692218,3.440104580769952e-05,0.962,0.0,0.991826,3.130495168501595e-05,0.9586,0.00022360679774995434,0.9896320000000001,2.6832815729968453e-05,37568.15625342133,41.86675608046184,25082.04216069539,22.20569867253256,28729.396466431488,35.39449289201668,76659.75312351297,36.22231484575704,256286.82989912582,108.99648682111905,0.03520861337870726,2.80160962557524e-06,0.5277999999999999,0.0015652475842498168,23707.692307692312,34.401045807691,5,14224.615384615387,True,True,True,True
0.95,0.9,0.7,0.05,amount,1,0.023707692307692218,3.440104580769952e-05,0.962,0.0,0.991818,2.6832815729968453e-05,0.9586,0.00022360679774995434,0.9896240000000001,3.130495168501595e-05,37598.47716742419,40.58332808229319,25189.813877755085,22.95545940528137,29612.274801922023,33.76639535990338,83582.2285786784,55.14926727527459,291582.6447812839,64.46003975181317,0.03439236029931294,8.933591782632379e-06,0.5267999999999999,0.0015652475842498168,23707.692307692312,34.401045807691,5,14224.615384615387,True,True,True,True
0.95,0.9,0.7,0.05,amount,3,0.023707692307692218,3.440104580769952e-05,0.962,0.0,0.991818,2.6832815729968453e-05,0.9586,0.00022360679774995434,0.9896240000000001,3.130495168501595e-05,37587.02842052798,41.03298307637586,25144.89792859759,23.357278535376366,29184.066600149694,12.807787844735074,79598.20642133152,21.720471239951664,275617.8948371811,29.48222529130791,0.03458210772664598,1.817867471231778e-05,0.5269,0.0013416407864998625,23707.692307692312,34.401045807691,5,14224.615384615387,True,True,True,True
0.95,0.95,0.7,0.05,amount,10,0.023707692307692218,3.440104580769952e-05,0.9621000000000001,0.0002236067977500102,0.9915839999999999,1.3416407864999743e-05,0.9591,0.0002236067977500102,0.9894640000000001,3.1304951684960096e-05,37537.926068838075,43.38442180582318,25069.755999922196,8.912486489881834,27508.85459174884,25.553982380461083,69632.79373212917,47.24119300227118,221453.69997235178,98.07573977113732,0.03674835907537676,1.8904437899094712e-05,0.5374000000000001,0.0013416407864998625,23707.692307692312,34.401045807691,5,14224.615384615387,True,True,True,True
0.95,0.95,0.7,0.05,amount,5,0.023707692307692218,3.440104580769952e-05,0.9611000000000001,0.0002236067977500102,0.991512,1.7888543819960352e-05,0.9586,0.00022360679774995434,0.9894339999999999,3.130495168501595e-05,37647.81879083563,43.73597226728629,25272.01253378836,10.178077048711414,28727.847225770063,76.77365682146281,76641.47935459919,45.55139577239932,255989.6887977894,109.71438721891387,0.035953025313075315,3.573620183083154e-05,0.537,0.0011180339887498834,23707.692307692312,34.401045807691,5,14224.615384615387,True,True,True,True
0.95,0.95,0.7,0.05,amount,1,0.023707692307692218,3.440104580769952e-05,0.961,0.0,0.9915099999999999,2.2360679775007845e-05,0.9585000000000001,0.0,0.9894320000000001,2.683281573002431e-05,37678.88308177156,42.274233363256556,25354.421885112366,11.38812797857844,29595.801340033504,27.346480435284423,83421.20969711698,78.61771850208488,290827.3721449023,66.3644488167214,0.034805202513578805,0.00013449612688352843,0.537,0.0011180339887498834,23707.692307692312,34.401045807691,5,14224.615384615387,True,True,True,True
0.95,0.95,0.7,0.05,amount,3,0.023707692307692218,3.440104580769952e-05,0.961,0.0,0.9915099999999999,2.2360679775007845e-05,0.9585000000000001,0.0,0.9894320000000001,2.683281573002431e-05,37666.952462628426,43.47751279331374,25322.485879979515,13.617180473325893,29237.15862037814,7.823513205877591,79535.47810185306,23.686717772157202,275617.8948371811,29.48222529130791,0.0351542533246813,9.907269556433678e-05,0.537,0.0011180339887498834,23707.692307692312,34.401045807691,5,14224.615384615387,True,True,True,True
0.95,0.99,0.5,0.05,amount,10,0.023707692307692218,3.440104580769952e-05,0.9599,0.00022360679774995434,0.9905079999999999,4.919349550503216e-05,0.9585000000000001,0.0,0.9891439999999999,1.3416407864999743e-05,36117.89027147005,30.76488081765529,24852.396677240045,26.436219614024356,27096.627052437514,16.38996658819845,69836.70618007521,25.527305140045712,224947.7081218347,146.48103185958308,0.03666598186143364,1.7549418190398483e-05,0.5552,0.0004472135954999645,23707.692307692312,34.401045807691,5,14224.615384615387,True,True,True,True
0.95,0.99,0.5,0.05,amount,5,0.023707692307692218,3.440104580769952e-05,0.9583999999999999,0.0002236067977500102,0.9904120000000001,4.0249223595024054e-05,0.9583,0.0004472135954999645,0.989136,8.944271910008104e-06,36230.29050535533,26.517130980095498,25106.454005540127,0.26357397406970473,28317.182329567244,2.244485060405935,77361.73273482334,40.56562143026219,259442.35619955914,72.57709543303767,0.03597294670241562,1.877091766115879e-05,0.5542,0.0004472135954999645,23707.692307692312,34.401045807691,5,14224.615384615387,True,True,True,True
0.95,0.99,0.5,0.05,amount,1,0.023707692307692218,3.440104580769952e-05,0.958,0.0,0.9904040000000001,3.577708763997656e-05,0.958,0.0,0.98913,0.0,36282.43225577382,32.18837086758766,25146.66031634789,36.27340113004078,29374.570296899736,0.24820529061349006,84286.72940311153,29.212596690940615,294859.18489224283,115.32151473071745,0.03476301967135362,1.5436985026143967e-05,0.5544,0.00022360679774995434,23707.692307692312,34.401045807691,5,14224.615384615387,True,True,True,True
0.95,0.99,0.5,0.05,amount,3,0.023707692307692218,3.440104580769952e-05,0.958,0.0,0.9904040000000001,3.577708763997656e-05,0.958,0.0,0.98913,0.0,36256.21407001495,29.010492304419877,25115.813927899337,29.466113905937704,28836.852979780095,19.989975252974602,80299.00749117113,35.6121308017447,276134.7888849836,69.80793885031058,0.03509107584750536,6.456240329886e-06,0.5544,0.00022360679774995434,23707.692307692312,34.401045807691,5,14224.615384615387,True,True,True,True
0.95,0.9,0.5,0.05,amount,1,0.023707692307692218,3.440104580769952e-05,0.9551000000000001,0.0002236067977500102,0.990208,4.472135955016465e-06,0.9545999999999999,0.00022360679774995434,0.9887819999999999,2.6832815729968453e-05,37631.32629208611,42.443782027679006,25462.858407833985,53.48358329822174,29509.975604933203,40.429833827158824,83582.2285786784,55.14926727527459,291582.6447812839,64.46003975181317,0.03558701992004762,1.1253733087773664e-05,0.5725,0.0011180339887498834,23707.692307692312,34.401045807691,5,14224.615384615387,True,True,True,True
0.95,0.9,0.5,0.05,amount,3,0.023707692307692218,3.440104580769952e-05,0.9551000000000001,0.0002236067977500102,0.990208,4.472135955016465e-06,0.9545999999999999,0.00022360679774995434,0.9887819999999999,2.6832815729968453e-05,37621.90179337103,42.59609427649691,25432.971594476905,45.11612644099161,29106.91297074443,47.74173763936952,79598.20642133152,21.720471239951664,275617.8948371811,29.48222529130791,0.03626555084592996,5.306253090846449e-07,0.5729,0.0013416407864998625,23707.692307692312,34.401045807691,5,14224.615384615387,True,True,True,True
0.95,0.9,0.5,0.05,amount,5,0.023707692307692218,3.440104580769952e-05,0.9551000000000001,0.0002236067977500102,0.990208,4.472135955016465e-06,0.9545999999999999,0.00022360679774995434,0.9887819999999999,2.6832815729968453e-05,37594.60513536453,41.348485735506664,25383.67577870449,36.454954255694474,28711.47189805038,20.96993483639019,76659.75312351297,36.22231484575704,256286.82989912582,108.99648682111905,0.03657316149573096,3.61306632086954e-05,0.5729,0.0013416407864998625,23707.692307692312,34.401045807691,5,14224.615384615387,True,True,True,True
0.95,0.9,0.5,0.05,amount,10,0.023707692307692218,3.440104580769952e-05,0.9574999999999999,0.0,0.990288,4.472135954991639e-06,0.9556000000000001,0.00022360679774995434,0.9887739999999999,3.130495168501595e-05,37479.961003086486,43.55911852412116,25298.81892765825,24.801953800919968,27557.753240368118,29.815911693668394,69579.94693271878,65.00535983892327,220671.9619977909,98.65454412728201,0.0373203787859752,9.283580611986333e-06,0.5747,0.001788854381999827,23707.692307692312,34.401045807691,5,14224.615384615387,True,True,True,True
0.95,0.95,0.5,0.05,amount,10,0.023707692307692218,3.440104580769952e-05,0.9556000000000001,0.00022360679774995434,0.98986,2.2360679775007845e-05,0.9545999999999999,0.00022360679774995434,0.988532,4.472135954991639e-06,37560.2289742484,40.76125832166003,25458.864259645554,31.53720899474314,27525.53281868715,20.311519860110963,69443.11323640482,22.105313328438115,220395.39285773752,100.19762213355581,0.03749190646760536,1.869871949266427e-05,0.5859,0.00022360679774995434,23707.692307692312,34.401045807691,5,14224.615384615387,True,True,True,True
0.95,0.95,0.5,0.05,amount,3,0.023707692307692218,3.440104580769952e-05,0.9541000000000001,0.0002236067977500102,0.989762,1.788854382001621e-05,0.9541000000000001,0.0002236067977500102,0.988516,1.3416407864999743e-05,37741.46765018134,43.86772400236811,25657.705594349267,46.21303432147685,29130.717048585182,17.71125893059747,79516.43778710133,17.3536164006738,275617.8948371811,29.48222529130791,0.03633502086077822,9.108763146313375e-06,0.5852,0.0006708203932499747,23707.692307692312,34.401045807691,5,14224.615384615387,True,True,True,True
0.95,0.95,0.5,0.05,amount,1,0.023707692307692218,3.440104580769952e-05,0.954,0.0,0.9897600000000001,2.2360679775007845e-05,0.954,0.0,0.988514,8.944271910008104e-06,37754.449312901255,44.526255289276875,25685.91404266761,22.74004119626467,29526.806459489708,35.88395051536689,83350.49769067198,33.2049810251354,290827.3721449023,66.3644488167214,0.035974583285147924,1.3274937987030624e-05,0.5852999999999999,0.0004472135954999645,23707.692307692312,34.401045807691,5,14224.615384615387,True,True,True,True
0.95,0.95,0.5,0.05,amount,5,0.023707692307692218,3.440104580769952e-05,0.9541000000000001,0.0002236067977500102,0.989762,1.788854382001621e-05,0.954,0.0,0.988514,8.944271910008104e-06,37714.343956831624,42.78818512563931,25601.226942997237,41.260141043966115,28660.2175803977,5.511810214570216,76641.47935459919,45.55139577239932,255989.6887977894,109.71438721891387,0.036805309081970876,2.822770327759757e-05,0.5854,0.0002236067977500102,23707.692307692312,34.401045807691,5,14224.615384615387,True,True,True,True
0.95,0.99,0.7,0.1,amount,1,0.023707692307692218,3.440104580769952e-05,0.976,0.0,0.9967499999999999,2.2360679775007845e-05,0.9599,0.00022360679774995434,0.987884,1.3416407865024569e-05,38827.81398573431,43.743576839195356,24978.657178727044,34.3429534703868,32779.011475030304,30.357464093604154,102507.06927522676,85.57608871036813,375768.4618005542,201.54493220016616,0.06785973493805583,4.785644858473819e-05,0.5635,0.0022360679774997916,23707.692307692312,34.401045807691,5,14224.615384615387,True,True,True,True
0.95,0.99,0.7,0.1,amount,3,0.023707692307692218,3.440104580769952e-05,0.976,0.0,0.9967499999999999,2.2360679775007845e-05,0.9599,0.00022360679774995434,0.987884,1.3416407865024569e-05,38810.561538064074,45.40595805638326,24957.898807190213,27.26895500145515,31877.471413792628,67.50854608196964,98028.72540579416,158.18608381922914,353746.94944346143,95.80323968127513,0.06929012180190826,2.6163834248955585e-05,0.5655,0.0022360679774997916,23707.692307692312,34.401045807691,5,14224.615384615387,True,True,True,True
0.95,0.99,0.7,0.1,amount,5,0.023707692307692218,3.440104580769952e-05,0.976,0.0,0.9967499999999999,2.2360679775007845e-05,0.9595,0.0,0.987874,1.3416407864999743e-05,38752.32533385314,38.373225665090814,24906.06022474367,13.901812192941705,30928.89606718031,29.121754790719798,93376.1437176173,71.51754564163004,331804.232160968,125.40300225758054,0.07127387820600224,8.198597428511764e-06,0.5689,0.002012461179749837,23707.692307692312,34.401045807691,5,14224.615384615387,True,True,True,True
0.95,0.99,0.7,0.1,amount,10,0.023707692307692218,3.440104580769952e-05,0.9795,0.0,0.996888,2.683281573002431e-05,0.9601,0.0002236067977500102,0.987802,4.472135954991639e-06,38629.58012518866,28.499493255531107,24737.454514789726,27.519531536646454,29004.122707315175,9.44747328178056,82881.44222856572,79.56859443633493,279524.60583794455,63.89780865082233,0.07328972565147973,1.7418937331577144e-05,0.5935,0.0022360679774997916,23707.692307692312,34.401045807691,5,14224.615384615387,True,True,True,True
0.95,0.99,0.5,0.1,amount,5,0.023707692307692218,3.440104580769952e-05,0.9669000000000001,0.00022360679774995434,0.995344,3.577708763997656e-05,0.9551000000000001,0.0002236067977500102,0.9877939999999998,8.944271910008104e-06,38807.86544125285,42.9249527783174,25298.48562985997,5.7748510302140375,30655.517050337796,47.20086961236147,93274.39703941596,71.08986061877035,331804.232160968,125.40300225758054,0.07519706609676571,7.037764064396631e-05,0.6092,0.0004472135954999645,23707.692307692312,34.401045807691,5,14224.615384615387,True,True,True,True
0.95,0.99,0.5,0.1,amount,1,0.023707692307692218,3.440104580769952e-05,0.9669000000000001,0.00022360679774995434,0.995342,4.0249223595024054e-05,0.9551000000000001,0.0002236067977500102,0.987792,4.472135955016465e-06,38856.38239582807,44.9335362676234,25392.172852153853,28.45589059407819,32188.146427198477,16.263806499285547,102360.94014798259,68.30873090824865,378587.6357742715,240.08417959187346,0.07067098294614352,8.612943859146707e-05,0.6041000000000001,0.0002236067977500102,23707.692307692312,34.401045807691,5,14224.615384615387,True,True,True,True
0.95,0.99,0.5,0.1,amount,3,0.023707692307692218,3.440104580769952e-05,0.9669000000000001,0.00022360679774995434,0.995342,4.0249223595024054e-05,0.9551000000000001,0.0002236067977500102,0.987792,4.472135955016465e-06,38836.4642859742,45.88701478206211,25361.92132400113,24.66007362578867,31313.055357769557,11.905459555545514,97625.07151616624,95.26955129651556,353746.94944346143,95.80323968127513,0.07310055198455766,0.0001634804415370869,0.6056,0.00022360679774995434,23707.692307692312,34.401045807691,5,14224.615384615387,True,True,True,True
0.95,0.99,0.5,0.1,amount,10,0.023707692307692218,3.440104580769952e-05,0.9699,0.00022360679774995434,0.9955300000000001,4.472135955004052e-05,0.9541000000000001,0.0002236067977500102,0.9877839999999999,8.944271910008104e-06,38674.72119701394,34.99115325116762,25022.622842181623,29.10438426415072,28773.062732245853,2.255175857123925,82960.15831884858,57.290186587051984,280075.4550384101,66.0441061459758,0.07705308667816196,0.00018653731557910763,0.6175,0.0,23707.692307692312,34.401045807691,5,14224.615384615387,True,True,True,True
0.95,0.95,0.7,0.1,amount,1,0.023707692307692218,3.440104580769952e-05,0.9724,0.0002236067977500102,0.996272,1.788854382001621e-05,0.9561999999999999,0.0006708203932499747,0.987376,0.00025491174943497027,41079.39318887955,43.32739495729696,25441.792485802704,19.629644893313884,32302.50484509158,52.92161641875921,99334.83316718419,109.26451794727777,370444.91114125244,335.74860302384724,0.07037127167993149,0.00013574324017187804,0.5929,0.0031304951684997208,23707.692307692312,34.401045807691,5,14224.615384615387,True,True,True,True
0.95,0.95,0.7,0.1,amount,3,0.023707692307692218,3.440104580769952e-05,0.9724,0.0002236067977500102,0.996272,1.788854382001621e-05,0.9561999999999999,0.0006708203932499747,0.987376,0.00025491174943497027,41059.53192376473,44.57343749901635,25396.101310327966,14.409220476314012,31761.621536402137,20.66119606690381,95049.60458841888,164.38650693937385,345373.4554776136,259.2096541934426,0.07295771217789804,1.6997205856725323e-05,0.5949,0.0031304951684997208,23707.692307692312,34.401045807691,5,14224.615384615387,True,True,True,True
0.95,0.95,0.7,0.1,amount,5,0.023707692307692218,3.440104580769952e-05,0.9730000000000001,0.0,0.9962920000000001,1.7888543819960352e-05,0.9558,0.0004472135954999645,0.987364,0.00025938388538998677,41045.514287597165,42.583036868213995,25394.46904615815,23.916217170371038,31176.605347017387,8.89525015963159,91568.80452254288,55.380688763403555,321943.4414650564,156.72585832330407,0.07454997176163322,8.040426701746402e-05,0.5965,0.0033541019662497,23707.692307692312,34.401045807691,5,14224.615384615387,True,True,True,True
0.95,0.95,0.7,0.1,amount,10,0.023707692307692218,3.440104580769952e-05,0.9771000000000001,0.0002236067977500102,0.996482,1.788854382001621e-05,0.9578,0.0004472135954999645,0.987322,0.00024149534156997054,40923.99557318571,44.76697020961051,25286.637588157868,26.93402099499764,29262.28341057068,2.2432161036689866,81742.25923002399,31.149911871925717,276937.5346088105,172.25549573304278,0.07530600792495155,3.3546267065939554e-05,0.6241,0.002459674775249746,23707.692307692312,34.401045807691,5,14224.615384615387,True,True,True,True
0.95,0.99,0.2,0.05,amount,10,0.023707692307692218,3.440104580769952e-05,0.9505000000000001,0.0,0.987716,2.0736441353288005e-05,0.9496,0.00022360679774995434,0.9872780000000001,1.643167672515002e-05,36129.05859057863,31.18206572244475,25131.978093464473,33.20857666282343,27114.026146010332,8.675318138414468,69706.60879531555,65.62211709788757,224947.7081218347,146.48103185958308,0.03732441281383184,7.514377233060594e-06,0.642,0.0006123724356958611,23707.692307692312,34.401045807691,5,14224.615384615387,True,True,True,True
0.95,0.99,0.2,0.05,amount,5,0.023707692307692218,3.440104580769952e-05,0.9494,0.0002236067977500102,0.9876339999999999,2.5099800796046815e-05,0.9488999999999999,0.00022360679774995434,0.9872059999999999,2.0736441353288005e-05,36230.29050535533,26.517130980095498,25335.256534096527,21.949636344221535,28330.333522662237,28.45676498223564,77237.95401513534,52.06761874767659,259442.35619955914,72.57709543303767,0.03685289414552372,2.4554274647049613e-06,0.6456,0.000821583836257765,23707.692307692312,34.401045807691,5,14224.615384615387,True,True,True,True
0.85,0.9,0.5,0.25,success_rate,1,0.0331185185185185,1.6563466499982825e-05,0.9935,0.0,0.99968,0.0,0.8599,0.00022360679774995434,0.930874,4.393176527301237e-05,53978.76596642233,14.164922021973254,26973.90019260381,27.271486502706583,33105.12489621966,59.92753573874557,95004.8241369844,120.30354684579552,339980.736247531,183.15345792852733,0.4376083219792547,0.0004458643282709183,1.7260000000000002,0.003937003937005831,33118.518518518526,16.563466499994135,5,19871.111111111113,True,True,True,True
0.85,0.9,0.5,0.25,success_rate,3,0.0331185185185185,1.6563466499982825e-05,0.9964999999999999,0.0,0.9997399999999999,0.0,0.8566,0.0004183300132670365,0.9308080000000001,4.71168759575955e-05,53748.34989125974,13.574114050200764,27071.70351627039,35.67753633535102,32243.17123628459,28.127379307913863,90040.85952328224,55.48506816182102,312172.16919591883,146.46372934805362,0.5661879568007124,9.699864288673847e-05,1.7925,0.004486089611231591,33118.518518518526,16.563466499994135,5,19871.111111111113,True,True,True,True
0.85,0.9,0.5,0.2,success_rate,1,0.0331185185185185,1.6563466499982825e-05,0.993,0.0,0.99961,0.0,0.8617000000000001,0.0002738612787525529,0.9333579999999999,0.00013311649033832367,53661.37062278124,17.933768498683957,26949.751970773523,9.73260961250463,32851.31451794754,29.208527905211422,95798.5879403678,140.79030708435198,347225.0765422721,167.71596032018155,0.4346432308141247,0.0010604517776554385,1.7713,0.004438468204234415,33118.518518518526,16.563466499994135,5,19871.111111111113,True,True,True,True
0.85,0.9,0.5,0.2,success_rate,3,0.0331185185185185,1.6563466499982825e-05,0.9960000000000001,0.0,0.9996699999999998,0.0,0.8592000000000001,0.0002738612787526475,0.9333079999999999,0.00013311649033832367,53507.80093043245,17.67729086502788,26709.770224166266,40.72728196640561,32101.081065383838,33.674652188515,90493.4826586816,80.63600429924442,316431.88931476243,111.61582003127562,0.5686068663848612,0.0012313147873640445,1.839,0.0039999999999999255,33118.518518518526,16.563466499994135,5,19871.111111111113,True,True,True,True
0.85,0.9,0.7,0.25,success_rate,1,0.0331185185185185,1.6563466499982825e-05,0.9935,0.0,0.99968,0.0,0.8676,0.00022360679774995434,0.92828,0.00013982131454107492,53427.8683275052,21.50981147938862,27246.833024097235,15.444370454797259,34678.52224555564,57.39644815078804,97902.2289578265,68.88954295201302,344191.8489628196,143.7802077864611,0.4638273835686782,0.00036805702657372323,1.6381000000000001,0.007610847521794072,33118.518518518526,16.563466499994135,5,19871.111111111113,True,True,True,True
0.85,0.9,0.7,0.25,success_rate,3,0.0331185185185185,1.6563466499982825e-05,0.9964999999999999,0.0,0.9997399999999999,0.0,0.8671,0.0002236067977500102,0.92827,0.00013982131454112903,53373.66555745005,28.994099987393437,27173.269750623393,3.9979686958565717,33414.281637655586,36.735139236341645,92702.72124354515,39.9670320911814,320432.14190355956,195.9402637099836,0.563033936404727,8.344347505934549e-05,1.6777000000000002,0.007387489424696275,33118.518518518526,16.563466499994135,5,19871.111111111113,True,True,True,True
0.85,0.9,0.5,0.2,success_rate,5,0.0331185185185185,1.6563466499982825e-05,0.9960000000000001,0.0,0.9996699999999998,0.0,0.8507,0.0002738612787525529,0.932942,0.00013809417076768443,53373.155612170835,14.308355372153168,26778.894795817025,15.055760654133687,31335.586589670205,25.732556758946167,87369.82031156888,31.416426650205658,302250.69286834786,162.05071605491224,0.5114697038010462,0.00032437311402482103,1.884,0.004286607049870498,33118.518518518526,16.563466499994135,5,19871.111111111113,True,True,True,True
0.85,0.9,0.5,0.15,success_rate,1,0.0331185185185185,1.6563466499982825e-05,0.9925,0.0,0.9995899999999999,0.0,0.8688,0.00044721359549992624,0.93894,8.803408430833895e-05,53249.51725513418,34.18885927044974,26651.35592720647,103.76871289929274,32537.13363907172,130.73785305050367,96861.2716601925,82.74141748221825,356528.4500344944,306.0047314752765,0.4296435015435883,0.0017376534381385886,1.7815,0.0056347138347923615,33118.518518518526,16.563466499994135,5,19871.111111111113,True,True,True,True
0.85,0.9,0.8,0.25,success_rate,1,0.0331185185185185,1.6563466499982825e-05,0.9945,0.0,0.99978,0.0,0.8632,0.00027386127875263016,0.9250260000000001,0.00017714400921282466,53242.98608395213,27.339247203386787,27211.3303964155,35.22706572905349,35082.17805007562,11.267822094272816,99332.93567459549,91.34395820377313,347348.90317931946,142.79610435062855,0.45525987672614365,0.0017203564934222771,1.6055,0.004227883631321877,33118.518518518526,16.563466499994135,5,19871.111111111113,True,True,True,True
0.85,0.9,0.7,0.2,success_rate,1,0.0331185185185185,1.6563466499982825e-05,0.9935,0.0,0.99968,0.0,0.8710000000000001,0.0,0.931732,9.391485505496095e-05,53216.46226272307,17.291262764045165,27173.223405982157,3.3585564744172607,34177.43004511751,76.85116905586031,98169.0171722025,41.74034830224998,351348.5889466674,203.70691826213798,0.45590817416384033,0.0006512266053026677,1.6370999999999998,0.005091659847240447,33118.518518518526,16.563466499994135,5,19871.111111111113,True,True,True,True
0.85,0.9,0.7,0.25,success_rate,5,0.0331185185185185,1.6563466499982825e-05,0.9964999999999999,0.0,0.9997399999999999,0.0,0.8605,0.0,0.9280079999999999,0.0001353513945254963,53194.14407522329,14.722627625465638,26967.816803035086,23.549116984321778,32467.525215138878,42.5213474985981,88247.20732085181,63.59643805874444,306970.96308337443,75.29808461838658,0.49665095614123933,0.00012507691828280427,1.7277999999999998,0.007164146843832824,33118.518518518526,16.563466499994135,5,19871.111111111113,True,True,True,True
0.85,0.9,0.7,0.2,success_rate,3,0.0331185185185185,1.6563466499982825e-05,0.9964999999999999,0.0,0.9997399999999999,0.0,0.8695,0.0,0.9317019999999999,9.391485505496095e-05,53160.5025082944,22.65408639477677,27068.265825346945,18.614178658180947,32958.251840983336,78.51952510568906,92663.14817899808,118.85605908595237,326444.99722454714,211.8344692078018,0.5602792988671892,1.6139778809418044e-05,1.6795000000000002,0.00448608961123159,33118.518518518526,16.563466499994135,5,19871.111111111113,True,True,True,True
0.85,0.95,0.2,0.25,success_rate,1,0.0331185185185185,1.6563466499982825e-05,0.9935,0.0,0.99962,0.0,0.8526,0.00022360679774994607,0.9341060000000001,8.619744775803971e-05,53152.72253785909,38.222116425476784,26370.629720023833,1.3146528699107891,31241.905759782567,7.781367812615965,96975.65945602072,72.3656501881476,351223.7414794604,205.60740469805586,0.47345177077134837,0.0004315773502678171,1.9713,0.0033090784215548614,33118.518518518526,16.563466499994135,5,19871.111111111113,True,True,True,True
0.85,0.9,0.8,0.25,success_rate,3,0.0331185185185185,1.6563466499982825e-05,0.9975000000000002,0.0,0.9998400000000001,0.0,0.8637,0.0002738612787525495,0.9250360000000001,0.00017714400921283642,53109.3392355126,13.382867260292434,27168.28003945997,35.31113164405258,33744.068938760654,100.71437585883089,93929.36703963602,45.7365119383914,322093.613050758,78.03220732467224,0.5609791114470193,0.0001609822159985856,1.6436,0.004006245124801977,33118.518518518526,16.563466499994135,5,19871.111111111113,True,True,True,True
0.85,0.9,0.8,0.25,success_rate,5,0.0331185185185185,1.6563466499982825e-05,0.9975000000000002,0.0,0.9998400000000001,0.0,0.8576,0.0002236067977499626,0.9248419999999999,0.0001718138527592743,53040.532134481866,27.480721755430505,26906.24275408219,4.6061347389255305,32894.21304539351,6.503529275669881,89306.40261729187,80.04585390341963,309514.86631982465,184.56442860774354,0.49386633387308987,0.00014073051107075529,1.6925000000000001,0.004227883631321877,33118.518518518526,16.563466499994135,5,19871.111111111113,True,True,True,True
0.85,0.9,0.5,0.15,success_rate,3,0.0331185185185185,1.6563466499982825e-05,0.9949999999999999,0.0,0.99964,0.0,0.8655000000000002,0.0003535533905932921,0.938874,8.67755725997189e-05,53034.719830738984,24.724630086767764,26702.29289403835,11.915400878367448,31952.79050630847,7.731487108058034,91416.61095584305,230.59731586641308,328152.07419564936,154.7846845180284,0.5515945928837277,0.00035877658107345546,1.8484000000000003,0.00609713047260754,33118.518518518526,16.563466499994135,5,19871.111111111113,True,True,True,True
0.85,0.9,0.8,0.2,success_rate,1,0.0331185185185185,1.6563466499982825e-05,0.994,0.0,0.9997299999999999,0.0,0.8695,0.0,0.930606,2.5099800795979178e-05,53031.466792398365,16.077125664592295,27141.081176162028,4.10884267237565,34616.13076445713,50.64184848829705,99183.93537529024,139.72698444251697,352696.01229877083,147.15696971955543,0.4506089078290957,0.0003565809070610881,1.6012999999999997,0.004932038118263034,33118.518518518526,16.563466499994135,5,19871.111111111113,True,True,True,True
0.85,0.9,0.7,0.2,success_rate,5,0.0331185185185185,1.6563466499982825e-05,0.9964999999999999,0.0,0.9997399999999999,0.0,0.8634000000000001,0.00022360679774999624,0.931466,8.61974477580438e-05,52985.46733427867,17.96170707152197,26925.946924702952,26.072716703503403,32139.654234874975,46.870363018748776,88488.83325836512,58.97477320008907,309577.193236285,224.0225025423179,0.5010413995040774,0.00011385771522341086,1.7245000000000001,0.003640054944640227,33118.518518518526,16.563466499994135,5,19871.111111111113,True,True,True,True
0.85,0.9,0.8,0.2,success_rate,3,0.0331185185185185,1.6563466499982825e-05,0.9970000000000001,0.0,0.99979,0.0,0.8685,0.0,0.9305859999999999,2.5099800795982864e-05,52936.15117734469,23.625006166197615,27034.27848282818,2.9888304363506766,33279.199324779984,2.2749132536346806,93907.7552447813,114.49665195238127,328685.6212601205,177.25018783578605,0.5515938427914384,0.00121096913046484,1.6377,0.005155094567512733,33118.518518518526,16.563466499994135,5,19871.111111111113,True,True,True,True
0.85,0.9,0.7,0.15,success_rate,1,0.0331185185185185,1.6563466499982825e-05,0.993,0.0,0.9996600000000001,0.0,0.8731,0.00022360679775004278,0.936204,0.0001350185172485987,52901.269965845124,19.85550075060878,27054.059669778704,3.642251391573526,33610.15723426813,45.30003321121088,98697.88606808384,56.58682471809851,359829.18220615527,293.4391796553152,0.4605010447822709,0.0002977590451155263,1.671,0.0056899033383705335,33118.518518518526,16.563466499994135,5,19871.111111111113,True,True,True,True
0.85,0.95,0.5,0.25,success_rate,1,0.0331185185185185,1.6563466499982825e-05,0.994,0.0,0.99969,0.0,0.8713000000000001,0.0005700877125495784,0.9343679999999999,9.859006035092317e-05,52883.49466610119,25.883327788708925,27209.094326560727,2.486692316249271,33623.39038167703,7.573100922943244,99158.07506617726,52.03816763996046,352247.5851336831,171.22342970412987,0.41677015763299086,0.001853773324342521,1.6536000000000002,0.0015968719422671082,33118.518518518526,16.563466499994135,5,19871.111111111113,True,True,True,True
0.85,0.9,0.5,0.15,success_rate,5,0.0331185185185185,1.6563466499982825e-05,0.9960000000000001,0.0,0.9996699999999998,0.0,0.857,0.0003535533905932986,0.938468,8.871302046485015e-05,52876.67543129744,20.241197022327928,26727.781902783587,38.50910540452623,30913.19030373243,5.516228319085385,88125.31516822265,82.23889503389772,312502.6609469808,57.89421979032934,0.5159831797392899,0.00020320875713081054,1.89,0.0057771100041457595,33118.518518518526,16.563466499994135,5,19871.111111111113,True,True,True,True
0.85,0.95,0.2,0.2,success_rate,1,0.0331185185185185,1.6563466499982825e-05,0.993,0.0,0.99961,0.0,0.8564,0.0004183300132670556,0.936202,0.00014394443372355966,52871.857445637346,24.579991021243135,26218.19616382765,36.49481279369571,30902.611885199767,26.24312587203878,97993.46443163643,49.97095103348446,358783.0633415411,332.3034429641533,0.47461824061195124,9.021921230453235e-05,2.0075,0.0061339220731928155,33118.518518518526,16.563466499994135,5,19871.111111111113,True,True,True,True
0.85,0.9,0.8,0.2,success_rate,5,0.0331185185185185,1.6563466499982825e-05,0.9970000000000001,0.0,0.99979,0.0,0.8634999999999999,0.0,0.930406,2.5099800795979178e-05,52865.88260069226,17.849153797717833,26923.747178321704,5.452338665348129,32576.121395269896,2.5499493766200163,89336.99607583269,59.072465731570524,314209.3415786526,133.4796774592257,0.4898528932894838,5.148364204969433e-05,1.6801000000000001,0.005378196723809845,33118.518518518526,16.563466499994135,5,19871.111111111113,True,True,True,True
0.85,0.9,0.7,0.15,success_rate,3,0.0331185185185185,1.6563466499982825e-05,0.9955,0.0,0.99971,0.0,0.8717,0.0002738612787525495,0.936176,0.00013921206844238888,52773.13051975756,24.62009510430784,27000.12638060155,14.103728798941745,32482.073245061834,27.13455179954331,93226.31891906871,53.23532714292454,333321.18278014136,187.7493458679166,0.5440219276240107,0.0001179773399757675,1.7199000000000002,0.005909737726836927,33118.518518518526,16.563466499994135,5,19871.111111111113,True,True,True,True
0.85,0.9,0.8,0.15,success_rate,1,0.0331185185185185,1.6563466499982825e-05,0.994,0.0,0.9997200000000002,0.0,0.8760999999999999,0.0002236067977499626,0.936206,3.507135583354045e-05,52735.620015084394,16.48934762237087,27094.78601083108,0.7855607810576435,33843.322087152315,43.914402398903135,99980.0832378774,176.3063163299352,361692.32232494553,250.43402734752596,0.4541651183764455,8.846433519563584e-05,1.6331,0.0042778499272415095,33118.518518518526,16.563466499994135,5,19871.111111111113,True,True,True,True
0.85,0.95,0.5,0.2,success_rate,1,0.0331185185185185,1.6563466499982825e-05,0.993,0.0,0.99961,0.0,0.8720000000000001,0.00035355339059324465,0.9368259999999999,0.00014467204291083698,52719.65206364015,18.574139562612817,27143.236143848724,20.857597449314415,33328.35540818432,23.410861012780234,100066.6142479547,45.354802965220735,358276.74404664844,248.27229102942826,0.410407636167779,0.0008601380525137659,1.6976,0.0068319104209584175,33118.518518518526,16.563466499994135,5,19871.111111111113,True,True,True,True
0.85,0.9,0.5,0.25,amount,1,0.0331185185185185,1.6563466499982825e-05,0.9480999999999999,0.0002236067977500102,0.9965379999999999,4.472135954991639e-06,0.8589,0.0006519202405202557,0.9465260000000001,0.00017558473737772662,52677.801333111034,14.422834718107792,22262.968823664774,97.75368230206792,32103.484847886913,14.261901683353669,93227.96320188626,22.247585374318664,332390.6390913212,281.23256681806424,0.18800514167507193,4.892005113020503e-05,1.8074000000000001,0.009736529155710417,33118.518518518526,16.563466499994135,5,19871.111111111113,True,True,True,True
0.85,0.95,0.5,0.25,success_rate,3,0.0331185185185185,1.6563466499982825e-05,0.9964999999999999,0.0,0.9997399999999999,0.0,0.8664,0.00041833001326706026,0.93427,9.591663046625217e-05,52655.412664635536,22.457619903925327,27202.0992834208,14.92754128105247,32711.416291676236,1.978773029478358,93576.29195669436,236.73725968252705,325275.97326628584,205.93814714642258,0.5624299033699242,9.006111494413031e-05,1.7137,0.0019874606914352102,33118.518518518526,16.563466499994135,5,19871.111111111113,True,True,True,True
0.85,0.9,0.7,0.25,success_rate,10,0.0331185185185185,1.6563466499982825e-05,1.0,0.0,1.0,0.0,0.8506,0.00022360679774994607,0.927008,0.00012988456413292953,52650.12447594723,8.831521911009695,26573.04048112135,31.968396247873024,30920.794267181074,5.442287074714568,81075.96296628997,56.08123123695277,266363.57026333676,43.05315644573887,0.4212973733984887,0.0002266996389982245,1.8612000000000002,0.008228000972289672,33118.518518518526,16.563466499994135,5,19871.111111111113,True,True,True,True
0.85,0.9,0.5,0.25,amount,3,0.0331185185185185,1.6563466499982825e-05,0.9486000000000001,0.00022360679774995434,0.996548,4.472135955016465e-06,0.8589,0.0006519202405202557,0.9465260000000001,0.00017558473737772662,52650.060620979624,16.71136604014291,22232.183440667282,60.46358547860559,31406.880645146488,129.9453144385391,89930.19118945638,109.27183915548399,321572.6835589189,151.42122411116958,0.21328175885535935,0.00015089920685250167,1.8257,0.009896969233053119,33118.518518518526,16.563466499994135,5,19871.111111111113,True,True,True,True
0.85,0.9,0.8,0.15,success_rate,3,0.0331185185185185,1.6563466499982825e-05,0.9960000000000001,0.0,0.99976,0.0,0.8721,0.00022360679774997814,0.936126,3.5071355833485775e-05,52647.115036777876,13.380071917758741,27002.54691227572,33.012919066801274,32899.42935101762,19.6605515808916,94304.75529665037,91.42067009484863,337988.5344527685,204.48595657463989,0.5351250224884374,2.634342308429243e-05,1.6771,0.0042778499272415095,33118.518518518526,16.563466499994135,5,19871.111111111113,True,True,True,True
0.85,0.9,0.5,0.25,amount,5,0.0331185185185185,1.6563466499982825e-05,0.9574999999999999,0.0,0.9967559999999999,8.944271910008104e-06,0.8600999999999999,0.0002236067977500102,0.9465119999999999,0.00016664333169983268,52645.54266302257,15.273454376401359,23646.22291778854,62.688113836517786,30884.02910015766,19.3547499961348,87223.6585346105,155.19678367387664,303050.90461325546,221.68537584663434,0.2122725706904615,0.00019471213964428947,1.8541,0.009002777349240609,33118.518518518526,16.563466499994135,5,19871.111111111113,True,True,True,True
0.85,0.9,0.7,0.15,success_rate,5,0.0331185185185185,1.6563466499982825e-05,0.9964999999999999,0.0,0.9997399999999999,0.0,0.8667,0.0002738612787525563,0.9359759999999999,0.00013921206844238888,52632.40250853734,13.1647382051083,27034.55142860971,5.2243939512534565,31878.58400830291,21.386641269292674,89071.89677473065,28.057158364607016,317166.8748758589,118.4824160724621,0.4915897248774229,0.0001236663145979632,1.7607,0.006058052492344351,33118.518518518526,16.563466499994135,5,19871.111111111113,True,True,True,True
0.85,0.95,0.5,0.2,success_rate,3,0.0331185185185185,1.6563466499982825e-05,0.9960000000000001,0.0,0.9996699999999998,0.0,0.8682000000000001,0.0005700877125495561,0.93675,0.00015215124054705507,52572.882233134806,29.50664857143131,26982.507421947346,24.599037020509236,32415.116958704144,1.4172984133491209,94456.37162315883,203.2914211256767,330690.3137738926,247.27535444174995,0.5511708803093003,0.00019429067071857956,1.7604,0.007257754473664671,33118.518518518526,16.563466499994135,5,19871.111111111113,True,True,True,True
0.85,0.95,0.2,0.15,success_rate,1,0.0331185185185185,1.6563466499982825e-05,0.9925,0.0,0.9995100000000001,0.0,0.8596999999999999,0.0002738612787525495,0.940418,0.00012194260945215712,52565.47304243762,23.627251546471935,25933.0781635257,2.395936728117859,30617.24852600428,19.531351971031597,99165.8531036278,37.59375773960384,365412.4428382646,337.41223259701616,0.45720162847927287,0.00023251725715725706,2.0178000000000003,0.00532212363629404,33118.518518518526,16.563466499994135,5,19871.111111111113,True,True,True,True
0.85,0.9,0.8,0.15,success_rate,5,0.0331185185185185,1.6563466499982825e-05,0.9970000000000001,0.0,0.99979,0.0,0.8695,0.0003535533905932921,0.935984,3.4351128074625656e-05,52555.56900155302,11.884111882586685,26989.86655440366,99.41955986744615,32111.597122202824,2.8558553825828508,89552.80126772649,23.652268342846586,318915.7426348388,156.8055152680755,0.48969559386546574,0.00017251814536799428,1.7106999999999999,0.0032132538026118282,33118.518518518526,16.563466499994135,5,19871.111111111113,True,True,True,True
0.85,0.95,0.5,0.25,success_rate,5,0.0331185185185185,1.6563466499982825e-05,0.9964999999999999,0.0,0.9997399999999999,0.0,0.8609,0.00041833001326709897,0.9339999999999999,0.00010319883720277668,52501.19693145911,33.44152527698327,27042.218657042908,13.456863153178025,31772.655388672392,0.39217901924555326,89763.74507911995,115.69299720273939,310422.1279612088,234.67263329106365,0.5017867611947062,0.0020573874728819015,1.759,0.0021794494717703606,33118.518518518526,16.563466499994135,5,19871.111111111113,True,True,True,True
0.85,0.95,0.7,0.25,success_rate,1,0.0331185185185185,1.6563466499982825e-05,0.994,0.0,0.99969,0.0,0.8709,0.00022360679774995434,0.9294319999999999,6.260990336994502e-05,52487.93056036553,29.728537867008203,27254.05110149009,2.478859163754213,34883.46945335467,54.46608560550938,101656.60312491408,72.98975598093321,364077.9513536304,174.1769085519464,0.434446480018163,0.0002729230621706848,1.6084,0.005538501602419208,33118.518518518526,16.563466499994135,5,19871.111111111113,True,True,True,True
0.85,0.9,0.7,0.2,success_rate,10,0.0331185185185185,1.6563466499982825e-05,1.0,0.0,1.0,0.0,0.8539999999999999,0.0,0.930368,0.00011861703081765926,52455.46161333333,15.859319146433368,26609.172916196414,12.092208074075119,30494.56984479453,15.239400013584694,81514.92770233423,79.36452286560139,267450.8716684183,141.87348527428367,0.4244974137471328,0.0005113288412624625,1.8631999999999997,0.005426785420486055,33118.518518518526,16.563466499994135,5,19871.111111111113,True,True,True,True
0.85,0.95,0.5,0.2,success_rate,5,0.0331185185185185,1.6563466499982825e-05,0.9960000000000001,0.0,0.9996699999999998,0.0,0.8627,0.0005700877125495805,0.936486,0.00014690132742760424,52418.91544570066,31.602949234002004,26866.30312410647,11.280671432349642,31438.525715275842,31.35999914584698,90323.45074289842,67.89828568449033,314140.6731754727,191.9997068359553,0.5100381897738739,0.0004900167981574112,1.7986,0.007869243928103915,33118.518518518526,16.563466499994135,5,19871.111111111113,True,True,True,True
0.85,0.9,0.5,0.1,success_rate,1,0.0331185185185185,1.6563466499982825e-05,0.992,0.0,0.99953,0.0,0.8716000000000002,0.0002236067977499626,0.943206,5.504543577809003e-05,52409.43923630436,23.537070208640944,26527.162390943813,38.41081517970746,32112.272386837423,9.901230551197905,98153.71499008048,72.00346550517772,371402.1499479208,205.5746309471904,0.4120343159986021,0.0003224337639185383,1.8494,0.0032093613071762584,33118.518518518526,16.563466499994135,5,19871.111111111113,True,True,True,True
0.85,0.95,0.7,0.25,success_rate,3,0.0331185185185185,1.6563466499982825e-05,0.9964999999999999,0.0,0.9997399999999999,0.0,0.8714000000000001,0.0002236067977500102,0.9294420000000001,6.260990337000087e-05,52402.138383148784,29.053690790526513,27215.178618188667,4.174282593570727,33765.98479608117,5.405731257869747,96145.27062402273,161.43603183324322,336558.7146086989,651.1290759885011,0.5581828464649449,0.0002508338549927513,1.6416,0.005366563145999512,33118.518518518526,16.563466499994135,5,19871.111111111113,True,True,True,True
0.85,0.9,0.5,0.25,amount,10,0.0331185185185185,1.6563466499982825e-05,0.9775,0.0,0.997454,5.47722557508501e-06,0.8566,0.00022360679774995434,0.9456519999999999,0.0001554670383071736,52371.50079936561,16.511877103311562,24948.863927795166,6.484784705599077,29217.18893940596,28.581172896063553,80584.01996691806,85.04395612477953,268592.56393870467,114.13606398753876,0.1939507218171203,2.3548775116127494e-05,1.9689,0.00889100669215812,33118.518518518526,16.563466499994135,5,19871.111111111113,True,True,True,True
0.85,0.95,0.5,0.15,success_rate,1,0.0331185185185185,1.6563466499982825e-05,0.993,0.0,0.9996,0.0,0.8772,0.0002738612787525563,0.941158,0.00014923136399561782,52351.86509989924,22.70279376747511,27079.513700833275,12.391789681663974,33119.94305215662,27.567038677155285,100468.36729901067,66.73044783677044,369108.47541836876,349.46706976931654,0.4039202933276592,0.0015856629661506211,1.7178,0.0071989582579703604,33118.518518518526,16.563466499994135,5,19871.111111111113,True,True,True,True
0.85,0.9,0.5,0.1,success_rate,3,0.0331185185185185,1.6563466499982825e-05,0.9949999999999999,0.0,0.9995899999999999,0.0,0.8716000000000002,0.0002236067977499626,0.943206,5.504543577809003e-05,52341.84957687786,26.693060621777704,26624.03108133194,2.070936732931244,31159.248593698198,2.2806534524545348,93082.46498282172,285.909459313338,341934.4199435371,261.31812109761114,0.5470154575627711,1.053640737653472e-05,1.8969,0.0031304951684997407,33118.518518518526,16.563466499994135,5,19871.111111111113,True,True,True,True
0.85,0.95,0.7,0.25,success_rate,5,0.0331185185185185,1.6563466499982825e-05,0.9964999999999999,0.0,0.9997399999999999,0.0,0.8659000000000001,0.00022360679774995434,0.92928,6.164414002970545e-05,52323.130961222356,33.51372497556462,27008.786325957404,19.852708011514746,32948.794452084825,63.61878274636149,90794.69050563061,118.5665332701646,315487.7896427556,293.42011628282967,0.49159691942175165,0.0001309641224282786,1.6847,0.0054267854204860504,33118.518518518526,16.563466499994135,5,19871.111111111113,True,True,True,True
0.85,0.95,0.7,0.2,success_rate,1,0.0331185185185185,1.6563466499982825e-05,0.994,0.0,0.99969,0.0,0.8775999999999999,0.0002236067977500102,0.934496,0.00012521980673997691,52318.35083909208,41.09265440809886,27178.548045998567,79.16484976333673,34643.21210542748,17.27079357898527,102163.60571090909,26.99332279421039,365098.8393008735,455.45482989163406,0.4399804912395163,0.0014517446193694477,1.5981999999999998,0.005995831885568578,33118.518518518526,16.563466499994135,5,19871.111111111113,True,True,True,True
0.85,0.9,0.7,0.25,amount,1,0.0331185185185185,1.6563466499982825e-05,0.9605,0.0,0.99734,0.0,0.8676,0.00022360679774995434,0.9427139999999999,0.00014310835055999312,52286.90897719658,17.62260644961681,24230.99668564115,8.581130637748592,33525.25093399758,3.623857044106293,95650.93849713512,85.86606922017106,341580.8694318834,152.3419217019665,0.18511151957946043,1.9498205093415645e-05,1.6591999999999998,0.005142956348249558,33118.518518518526,16.563466499994135,5,19871.111111111113,True,True,True,True
0.85,0.95,0.2,0.15,success_rate,3,0.0331185185185185,1.6563466499982825e-05,0.9945,0.0,0.9995499999999999,0.0,0.8537000000000001,0.0002738612787525495,0.940298,0.00012194260945216169,52282.12805819753,16.890776318423907,25793.51850347564,7.520252369212964,29692.25259883272,2.378878731632751,93740.21194659619,60.774927998553856,337866.65380275063,171.0561751454351,0.5767205803500237,0.0004319424792854489,2.085,0.004911720676097112,33118.518518518526,16.563466499994135,5,19871.111111111113,True,True,True,True
0.8,0.99,0.5,0.1,amount,1,0.03704285714285706,1.5971914125004665e-05,0.8973000000000001,0.0004472135954999658,0.9784279999999999,5.310367218940193e-05,0.8583999999999999,0.0006519202405202646,0.946214,0.00010064790112063224,48339.59853028882,23.383939580037595,8.457940145366765e-09,2.9022136028893777e-23,27493.83597965426,6.753415413293988,91701.72990772562,80.65639869402861,354318.8322873694,133.2715689906515,1.0,0.0,2.5887000000000002,0.003033150177620678,37042.85714285714,15.971914124997511,5,22225.714285714283,True,True,True,True
0.8,0.99,0.5,0.1,amount,3,0.03704285714285706,1.5971914125004665e-05,0.8973000000000001,0.0004472135954999658,0.9784279999999999,5.310367218940193e-05,0.8583000000000001,0.00044721359549992993,0.946212,9.65401470891561e-05,48301.287867256695,23.21474147126366,8.457940145366765e-09,2.847472392234152e-23,27158.64712582807,36.86369473568833,88724.0213602526,26.662704047899602,335254.53455865534,8.397024602218245,1.0,0.0,2.5943,0.002863564212655183,37042.85714285714,15.971914124997511,5,22225.714285714283,True,True,True,True
0.8,0.99,0.5,0.1,amount,5,0.03704285714285706,1.5971914125004665e-05,0.8987,0.0002738612787525774,0.978462,6.0166435826019926e-05,0.8587,0.0002738612787525563,0.946188,8.843076387775188e-05,48215.7029651243,34.265884776760295,8.457940145367015e-09,1.7052765185096255e-23,27126.070663152397,55.02359635005857,85214.92598611022,89.65818054026384,314834.3527470598,252.38995701616597,1.0,0.0,2.6145,0.002549509756796411,37042.85714285714,15.971914124997511,5,22225.714285714283,True,True,True,True
0.8,0.99,0.5,0.1,amount,10,0.03704285714285706,1.5971914125004665e-05,0.9053000000000001,0.0004472135954999658,0.978802,6.0166435826019926e-05,0.8567,0.0002738612787525563,0.94607,7.280109889282939e-05,47965.88512987533,27.215352110744835,17108.659330413775,403.7580213037725,26638.888938831264,68.90447452683303,76800.64405635481,26.559527547007214,273486.8016290437,9.117141199798207,0.09215589756622819,0.0002813234448946663,2.6556,0.00350713558335009,37042.85714285714,15.971914124997511,5,22225.714285714283,True,True,True,True
0.8,0.99,0.5,0.1,success_rate,1,0.03704285714285706,1.5971914125004665e-05,0.994,0.0,0.9996699999999998,0.0,0.8554,0.0005477225575051706,0.9279740000000001,6.580273550546212e-05,50250.1300255332,50.88447015040555,25909.463318174043,7.081154490728468,31480.61770751964,12.78455786223556,104751.95956071359,34.89701203148666,410351.5443527243,1281.025984264587,0.37606636411610916,0.0006247132045602344,2.6005,0.004227883631321943,37042.85714285714,15.971914124997511,5,22225.714285714283,True,True,True,True
0.8,0.99,0.5,0.1,success_rate,3,0.03704285714285706,1.5971914125004665e-05,0.9964999999999999,0.0,0.9997200000000002,0.0,0.853,0.0003535533905932986,0.927926,6.503845016596716e-05,50182.950910793326,22.932947460170357,25859.559263106832,33.472188648051954,30178.27742123015,71.44099903574613,96495.57638591525,90.14255166663081,376443.512159325,352.8315654793411,0.5054270432976466,0.001812056911550765,2.6437,0.00583737954907854,37042.85714285714,15.971914124997511,5,22225.714285714283,True,True,True,True
0.8,0.99,0.5,0.15,amount,1,0.03704285714285706,1.5971914125004665e-05,0.9339999999999999,0.0,0.990822,4.472135954991639e-06,0.8542,0.0005700877125495665,0.939518,0.0002212916627439519,48737.789253513394,24.355971657651168,21386.249110926,15.193307308867231,29167.711875624547,7.718697276354645,96450.40530906979,62.91882354577798,376566.2493092734,130.69570940074234,0.11969206963213685,2.055786042278357e-05,2.5804,0.005424481542046294,37042.85714285714,15.971914124997511,5,22225.714285714283,True,True,True,True
0.8,0.99,0.5,0.15,amount,3,0.03704285714285706,1.5971914125004665e-05,0.9353,0.0004472135954999645,0.9908480000000001,4.472135954991639e-06,0.8549,0.001140175425099137,0.939532,0.00022731036052066,48706.841851622696,19.217435386479284,21443.81535862531,28.399049862485793,28600.30409027097,33.17067895656733,92587.61759150616,98.85134993301476,359615.49898989766,117.01980090934954,0.12498740838296177,5.657819674997564e-05,2.5922,0.00615020324867398,37042.85714285714,15.971914124997511,5,22225.714285714283,True,True,True,True
0.8,0.99,0.5,0.15,amount,5,0.03704285714285706,1.5971914125004665e-05,0.9376,0.00022360679774995434,0.9908940000000002,8.944271909952246e-06,0.8552,0.000570087712549533,0.93948,0.00021943108257488486,48643.16582037678,24.34782926498182,21624.94019474448,117.9661541792534,28230.33268949975,15.386332047754218,88398.5591858605,37.03863172836725,330049.9726321635,95.37061870099477,0.12616726601888878,5.473326367606619e-06,2.6116,0.004788005847949733,37042.85714285714,15.971914124997511,5,22225.714285714283,True,True,True,True
0.8,0.99,0.5,0.15,amount,10,0.03704285714285706,1.5971914125004665e-05,0.953,0.0,0.99143,0.0,0.8558,0.00044721359549997926,0.939176,0.00022322634253148978,48476.71257028919,17.92510159729776,23161.147930058167,50.543982832438566,27313.203534284065,62.09748580630773,79711.38985786523,50.11389004239961,282636.276928603,37.790045943925854,0.12198872590079342,1.1504109211097116e-05,2.6963999999999997,0.0058030164569818155,37042.85714285714,15.971914124997511,5,22225.714285714283,True,True,True,True
0.8,0.99,0.5,0.15,success_rate,1,0.03704285714285706,1.5971914125004665e-05,0.9945,0.0,0.9997200000000002,0.0,0.8542,0.0002738612787525774,0.924542,0.0001411382301150525,50523.54995705278,56.147236844502594,26109.894356718672,61.34796565176085,32279.410578429197,32.15616030789458,104575.63708327847,33.039371433116905,400955.1660830906,611.594674849064,0.3748564077844115,0.0012290477252546363,2.5007,0.003946517452134027,37042.85714285714,15.971914124997511,5,22225.714285714283,True,True,True,True
0.8,0.99,0.5,0.15,success_rate,3,0.03704285714285706,1.5971914125004665e-05,0.9964999999999999,0.0,0.99976,0.0,0.8523,0.00044721359549992993,0.924504,0.00014536161804272452,50426.952647283404,35.753104651867154,26170.75451397513,83.85652074267317,31067.33113490183,94.02149994402505,96738.60659301525,161.9183193902293,368728.67198060115,93.06232195675085,0.5193360378750242,0.0008744990581856787,2.5454,0.004588027898781667,37042.85714285714,15.971914124997511,5,22225.714285714283,True,True,True,True
0.8,0.99,0.5,0.2,amount,1,0.03704285714285706,1.5971914125004665e-05,0.9574999999999999,0.0,0.996186,8.944271910008104e-06,0.8579000000000001,0.000547722557505177,0.93631,0.00021000000000003356,49173.65948838662,35.46445072619348,23646.131352441625,0.3981636337489283,30396.012261897362,56.890165688895415,99384.73535445228,154.91806848357854,390268.327122784,43.56319683081422,0.14618661456557003,0.00028386767625099464,2.4789000000000003,0.004159326868616967,37042.85714285714,15.971914124997511,5,22225.714285714283,True,True,True,True
0.8,0.99,0.5,0.2,amount,3,0.03704285714285706,1.5971914125004665e-05,0.9579000000000001,0.00022360679774995434,0.996194,1.3416407864999743e-05,0.8583000000000001,0.0007582875444051354,0.936318,0.00021428952377567216,49123.112027364084,30.757675373829994,23549.40348812282,65.63258830507691,30056.621903839194,25.051304356771507,94712.22851963395,27.045668978874215,366184.4950186404,132.07225282219792,0.15522336550088905,0.00040929113443126614,2.4893,0.003962322551231651,37042.85714285714,15.971914124997511,5,22225.714285714283,True,True,True,True
0.8,0.99,0.5,0.2,amount,5,0.03704285714285706,1.5971914125004665e-05,0.9625,0.0,0.9962859999999999,8.944271910008104e-06,0.8583999999999999,0.000547722557505115,0.93628,0.00021000000000003356,49064.841014352736,29.30528484701849,23887.236753967743,82.41021019778488,29168.79097649759,2.7836347937729973,90169.28027472371,58.496110828862776,338452.67473598744,104.04746245846663,0.1570990882647271,1.955001404893194e-05,2.5122,0.004764451699828612,37042.85714285714,15.971914124997511,5,22225.714285714283,True,True,True,True
0.8,0.99,0.5,0.2,amount,10,0.03704285714285706,1.5971914125004665e-05,0.9743999999999999,0.0002236067977500102,0.9968060000000001,3.130495168501595e-05,0.8554999999999999,0.0003535533905932921,0.9358319999999999,0.00020571825392998213,48801.536700953875,54.979599400785844,23926.17661627273,6.565526760465862,28002.215195453355,13.041368227849304,80971.64358524795,71.93870697769495,286719.782736079,79.4296963409726,0.15280860899862084,0.00018550505615379148,2.6008000000000004,0.005707451270050456,37042.85714285714,15.971914124997511,5,22225.714285714283,True,True,True,True
0.8,0.99,0.5,0.2,success_rate,1,0.03704285714285706,1.5971914125004665e-05,0.9949999999999999,0.0,0.99975,0.0,0.8521000000000001,0.00022360679774997814,0.921344,9.04433524367657e-05,50746.35457171058,23.870652497064146,26445.285852690566,5.435348833454043,32804.436601482426,57.94798907996335,103789.32282861909,239.07332889098626,396975.73339002725,175.50291295415832,0.38960897900035213,0.0023257972603907,2.4141,0.005447476479986022,37042.85714285714,15.971914124997511,5,22225.714285714283,True,True,True,True
0.8,0.99,0.5,0.25,amount,1,0.03704285714285706,1.5971914125004665e-05,0.9669000000000001,0.00022360679774995434,0.9975080000000001,4.472135954991639e-06,0.8547,0.0002738612787525563,0.931888,0.00017469974241538555,49414.53676349472,43.54205567509403,24259.765786561627,15.06760499961591,31276.0954998102,10.67544476064729,101682.09119522784,63.8569768456468,398892.5099184121,136.69508688998056,0.1756402913221417,2.433077532617494e-05,2.4747,0.009953642549338403,37042.85714285714,15.971914124997511,5,22225.714285714283,True,True,True,True
0.8,0.99,0.5,0.25,amount,3,0.03704285714285706,1.5971914125004665e-05,0.9677999999999999,0.0004472135954999645,0.997526,8.944271910008104e-06,0.8551,0.00022360679775004278,0.9318960000000001,0.00017038192392386354,49394.47278251893,24.711058984457168,24214.152032953025,3.019542699328023,30618.84197630389,107.65138079690648,95719.07342089084,23.316113978796515,368376.8995092176,46.15367801668167,0.187594825963404,0.00032701422060254246,2.4917000000000002,0.011638298844762567,37042.85714285714,15.971914124997511,5,22225.714285714283,True,True,True,True
0.8,0.99,0.5,0.25,amount,5,0.03704285714285706,1.5971914125004665e-05,0.9723,0.0004472135954999645,0.9976459999999999,8.944271910008104e-06,0.8554999999999999,0.0003535533905932921,0.931856,0.0001703819239238932,49365.10290304381,41.83964369254792,24553.66461575914,32.67019800995503,29839.912636396923,48.22641026027089,91083.4203834943,131.95701700292503,345891.7700746492,290.42744893700984,0.18803701875758874,0.0001283134631190369,2.5157000000000003,0.012178875153313702,37042.85714285714,15.971914124997511,5,22225.714285714283,True,True,True,True
0.8,0.99,0.5,0.25,amount,10,0.03704285714285706,1.5971914125004665e-05,0.9841,0.0002236067977500102,0.998156,5.47722557508501e-06,0.8532,0.00027386127875263016,0.931392,0.00016177144370993688,49240.73843657306,27.381439455768806,24757.475108787603,79.82879219022888,28177.764022550673,25.66014056106387,81326.16834875444,19.766872377880482,289694.4413272622,608.5848239327645,0.1806927778082573,4.9536528505883623e-05,2.6096,0.008799147685997844,37042.85714285714,15.971914124997511,5,22225.714285714283,True,True,True,True
0.8,0.99,0.7,0.05,amount,1,0.03704285714285706,1.5971914125004665e-05,0.8604,0.000547722557505115,0.959414,4.66904701196979e-05,0.8558999999999999,0.000547722557505177,0.953854,3.577708764004017e-05,46767.27443200814,20.9417933154595,1.1376940735563429e-09,2.364619160353919e-24,25384.318049616646,4.52951683238042,80525.8797523649,62.7403942550757,290830.31177776086,67.16294557940013,1.0,0.0,2.3559,0.0030083217912981893,37042.85714285714,15.971914124997511,5,22225.714285714283,True,True,True,True
0.8,0.99,0.7,0.05,amount,3,0.03704285714285706,1.5971914125004665e-05,0.8604,0.000547722557505115,0.959414,4.66904701196979e-05,0.8558999999999999,0.000547722557505177,0.953854,3.577708764004017e-05,46743.535837155156,17.626731317788877,1.1376940735563429e-09,2.364619160353919e-24,25384.318049616646,4.52951683238042,77843.6820583558,134.85547916663484,276872.9482590368,42.782716262932475,1.0,0.0,2.3574,0.0030083217912981893,37042.85714285714,15.971914124997511,5,22225.714285714283,True,True,True,True
0.8,0.99,0.7,0.05,amount,5,0.03704285714285706,1.5971914125004665e-05,0.8611000000000001,0.00022360679775004278,0.959436,4.979959839195903e-05,0.8564999999999999,0.0003535533905932414,0.953862,3.492849839317136e-05,46711.06098908732,20.785763894809904,1.1376940735563429e-09,2.364619160353919e-24,25383.88842490064,3.568846762581759,75496.08133134311,48.49765248162283,265884.02166227147,5.602869688468933,1.0,0.0,2.3575,0.002061552812808684,37042.85714285714,15.971914124997511,5,22225.714285714283,True,True,True,True
0.8,0.99,0.7,0.05,amount,10,0.03704285714285706,1.5971914125004665e-05,0.8659000000000001,0.000547722557505177,0.9596119999999999,4.3817804600363783e-05,0.858,0.0003535533905932577,0.9537880000000001,3.898717737918277e-05,46507.93744119087,18.144089373440075,1.1376940735563429e-09,2.364619160353919e-24,25381.348347661904,0.10768534858038843,69947.92723697296,236.54369813511923,236050.82727106492,14.622154195652469,1.0,0.0,2.3652,0.0033837848631377795,37042.85714285714,15.971914124997511,5,22225.714285714283,True,True,True,True
0.8,0.99,0.7,0.05,success_rate,1,0.03704285714285706,1.5971914125004665e-05,0.9915,0.0,0.99949,0.0,0.8566,0.00022360679774994607,0.9350339999999999,8.502940667795812e-05,49612.74557257964,48.74720147086208,24610.76125665874,49.23282413749571,29606.992193587288,2.734797614602684,104672.43994709081,34.67809657899174,415319.90881613054,178.04468549718274,0.45695096981811406,0.0004772476763638465,2.6332,0.006330481814206534,37042.85714285714,15.971914124997511,5,22225.714285714283,True,True,True,True
0.8,0.99,0.7,0.05,success_rate,3,0.03704285714285706,1.5971914125004665e-05,0.9955,0.0,0.99957,0.0,0.8547,0.0002738612787525563,0.9349959999999999,8.848728722242917e-05,49583.77701103939,48.071369960064295,24951.871580717147,74.71082017009631,28611.014974913105,22.12185278392967,96215.72018059168,129.83456221678452,376973.2141920068,181.81638985691026,0.5003858948058006,2.1317145363633878e-06,2.6623,0.0059853989006581464,37042.85714285714,15.971914124997511,5,22225.714285714283,True,True,True,True
0.8,0.99,0.7,0.05,success_rate,5,0.03704285714285706,1.5971914125004665e-05,0.9964999999999999,0.0,0.9996,0.0,0.851,0.00035355339059332645,0.934784,8.96102672689128e-05,49535.969874075,43.913443633448885,24865.537614795514,21.479954039333617,28287.390001013737,47.00789688834274,90554.28970721993,105.42816089342902,349266.2594351553,94.7096888815307,0.44308856932484275,0.00023859429376372806,2.7008,0.006723094525588701,37042.85714285714,15.971914124997511,5,22225.714285714283,True,True,True,True
0.8,0.99,0.7,0.1,amount,1,0.03704285714285706,1.5971914125004665e-05,0.9184000000000001,0.0006519202405202066,0.98262,4.123105625621868e-05,0.8684000000000001,0.0006519202405202646,0.946716,0.00010478549517945646,47887.66064496195,62.67361095705943,21609.3750516667,149.17636061771256,28140.062287354656,4.7569936694282,92356.35511398708,52.628681892334775,355643.5372133559,191.31267368530578,0.0822623999907088,0.00020706877332922908,2.4412999999999996,0.0030331501776205594,37042.85714285714,15.971914124997511,5,22225.714285714283,True,True,True,True
0.8,0.99,0.7,0.1,amount,3,0.03704285714285706,1.5971914125004665e-05,0.9184000000000001,0.0006519202405202066,0.98262,4.123105625621868e-05,0.8684000000000001,0.0006519202405202646,0.946716,0.00010478549517945646,47859.666309606364,49.635197827775485,21560.498196065975,151.83093104175353,28015.48841301866,1.7925202633010455,89460.36014006697,32.66468789065776,335450.5517302696,3.440926807598449,0.08492402775923039,5.481004151251259e-06,2.4473,0.0030331501776207155,37042.85714285714,15.971914124997511,5,22225.714285714283,True,True,True,True
0.8,0.99,0.7,0.1,amount,5,0.03704285714285706,1.5971914125004665e-05,0.9189,0.0006519202405202646,0.982634,4.7749345545262095e-05,0.8679,0.0006519202405202066,0.946688,0.00010894952959970017,47776.41156553831,45.640764055609715,21531.637963327106,148.90911602669607,27579.15882931671,60.26879647727775,85852.79816036322,90.87086849602949,315087.23492221127,163.51015523236202,0.08648508732741694,0.00036537969089909595,2.466,0.0027386127875257908,37042.85714285714,15.971914124997511,5,22225.714285714283,True,True,True,True
0.8,0.99,0.7,0.1,amount,10,0.03704285714285706,1.5971914125004665e-05,0.9257,0.00027386127875263016,0.982966,3.577708763999906e-05,0.8683,0.00044721359549992993,0.9465939999999999,0.00010064790112073731,47634.488807003945,62.23745318488554,22235.81219234178,79.9655116113612,27016.669237374375,4.237887392220254,77630.82413811407,43.11762823647678,274365.1364575881,5.6996782067577065,0.08442017573465468,4.863684348060752e-05,2.5327,0.005069516742254603,37042.85714285714,15.971914124997511,5,22225.714285714283,True,True,True,True
0.8,0.99,0.7,0.1,success_rate,1,0.03704285714285706,1.5971914125004665e-05,0.9945,0.0,0.9997299999999999,0.0,0.8626000000000001,0.00022360679774994607,0.928532,8.843076387772834e-05,50096.12132029048,24.21569083445111,26167.01413744095,5.2982550511372555,31994.694710170344,17.282950456604294,105031.64003330946,40.145405096721184,410411.6437261457,1002.5489095830695,0.4203844767784388,2.4258094276531183e-05,2.4488999999999996,0.004144273157020157,37042.85714285714,15.971914124997511,5,22225.714285714283,True,True,True,True
0.8,0.99,0.7,0.1,success_rate,3,0.03704285714285706,1.5971914125004665e-05,0.9964999999999999,0.0,0.99977,0.0,0.8611000000000001,0.00022360679775004278,0.9285019999999999,8.843076387770826e-05,50062.57495470873,33.30951559964583,26135.331782353293,2.1531022647960896,30677.1974056273,7.554546238249194,97313.12780173596,36.52253178224712,376892.12867224787,15.608130816857892,0.49312450824959253,0.000887129577078625,2.4837,0.004563441683641752,37042.85714285714,15.971914124997511,5,22225.714285714283,True,True,True,True
0.8,0.99,0.7,0.1,success_rate,5,0.03704285714285706,1.5971914125004665e-05,0.9975000000000002,0.0,0.9998000000000001,0.0,0.8556000000000001,0.0002236067977499626,0.928322,8.843076387772834e-05,49996.14504962069,36.89292347174708,26021.553435807917,26.979553865482387,29859.606460479547,11.702671387918109,92052.97639891962,98.06072756145848,349660.2329580271,354.31940050974805,0.43509151023093634,7.777642555590092e-05,2.5156,0.004306971093471518,37042.85714285714,15.971914124997511,5,22225.714285714283,True,True,True,True
0.8,0.99,0.7,0.15,amount,1,0.03704285714285706,1.5971914125004665e-05,0.9515,0.0,0.99304,0.0,0.8605,0.0003535533905932414,0.9370800000000001,8.48528137424542e-05,48406.58448950894,34.904895712355064,23552.431352410313,6.286654232360267,30305.576063432214,44.39027319966302,98116.62298981653,144.02146786673083,385201.4491734797,141.18427727054973,0.11246588950209353,8.353287128705745e-05,2.4335999999999998,0.0020432816741703273,37042.85714285714,15.971914124997511,5,22225.714285714283,True,True,True,True
0.8,0.99,0.7,0.15,amount,3,0.03704285714285706,1.5971914125004665e-05,0.9515,0.0,0.99304,0.0,0.8605,0.0003535533905932414,0.9370800000000001,8.48528137424542e-05,48355.66812141409,56.5147229369802,23502.154744298157,18.446742083750205,29667.045361056826,104.26614177504717,93816.28451880362,219.14947889243908,361193.5352645504,126.7391912789198,0.11662560741078405,4.6120388247150804e-05,2.4425999999999997,0.0020432816741703273,37042.85714285714,15.971914124997511,5,22225.714285714283,True,True,True,True
0.8,0.99,0.7,0.15,amount,5,0.03704285714285706,1.5971914125004665e-05,0.953,0.0,0.99307,0.0,0.8600999999999999,0.00022360679774997814,0.9370620000000001,8.136338242721407e-05,48242.16499917697,45.903710142254,23585.791432055554,35.9504458659818,28799.246992388857,11.157921464946662,89350.71405791535,88.16234402558293,335431.41512178874,159.41648448080014,0.11829898912284027,4.186243667692696e-05,2.4587,0.0019874606914352232,37042.85714285714,15.971914124997511,5,22225.714285714283,True,True,True,True
0.8,0.99,0.7,0.15,amount,10,0.03704285714285706,1.5971914125004665e-05,0.9646000000000001,0.00022360679774995434,0.993498,4.472135955016465e-06,0.8634999999999999,0.0003535533905932921,0.936914,7.797435475853332e-05,48152.55833905931,44.89161983654865,24425.399160582747,15.440420434396792,27860.595644911304,57.17835937764542,80860.15224060138,132.34662376585405,283493.54428759485,43.845965907339476,0.11595333962371983,1.1385544551983518e-05,2.5428,0.0030943496893531142,37042.85714285714,15.971914124997511,5,22225.714285714283,True,True,True,True
0.8,0.99,0.7,0.15,success_rate,1,0.03704285714285706,1.5971914125004665e-05,0.9945,0.0,0.99975,0.0,0.8602000000000001,0.0007582875444051917,0.923194,0.0003503284173457848,50196.615179523746,26.28960955369186,26364.406404663518,5.939501701391556,33153.61553530946,40.78690516692363,105476.89957115683,159.8898145555891,399242.8228516561,136.5618949040525,0.4222580643252952,0.0017188036421717171,2.3551,0.004306971093471506,37042.85714285714,15.971914124997511,5,22225.714285714283,True,True,True,True
0.8,0.99,0.7,0.15,success_rate,3,0.03704285714285706,1.5971914125004665e-05,0.9964999999999999,0.0,0.99979,0.0,0.8593,0.0005700877125495784,0.9231760000000001,0.00034616470068453355,50106.87124665971,46.997106590349105,26450.66990099464,17.218719388481325,32117.429866465292,5.818835753375184,98347.19515534474,85.48009349526014,369932.3404828785,857.4228623174115,0.5007852441339753,0.00027144394923582613,2.393,0.0040620192023180296,37042.85714285714,15.971914124997511,5,22225.714285714283,True,True,True,True
0.8,0.99,0.7,0.15,success_rate,5,0.03704285714285706,1.5971914125004665e-05,0.9975000000000002,0.0,0.99982,0.0,0.8568,0.0005700877125496506,0.9230879999999999,0.00034200877181733583,49996.22296185359,66.81676134615162,26411.183970219696,11.374541765717428,30962.83356786028,23.782981517256616,92094.02012942985,89.8006516131712,336370.76069866825,256.1593774832043,0.45210823462912,0.0008292600530858172,2.4371,0.0037148351242012067,37042.85714285714,15.971914124997511,5,22225.714285714283,True,True,True,True
0.8,0.99,0.7,0.2,amount,1,0.03704285714285706,1.5971914125004665e-05,0.9673999999999999,0.0002236067977500102,0.9973219999999999,4.472135955016465e-06,0.8566,0.00022360679774994607,0.929504,0.0001314534138012018,48718.594294799026,21.17638680113373,24379.975387764192,3.3689409982579805,31848.86766671858,36.150297598057136,100922.7078878587,50.47950932445047,397379.16473821475,160.98410223364388,0.14120516895113933,9.44228864178982e-06,2.4276,0.0047749345545251565,37042.85714285714,15.971914124997511,5,22225.714285714283,True,True,True,True
0.8,0.99,0.7,0.2,amount,3,0.03704285714285706,1.5971914125004665e-05,0.9675,0.0,0.9973240000000001,8.944271910008104e-06,0.8567,0.0002738612787525563,0.9295059999999999,0.0001355728586406124,48693.298963103385,20.485783228769186,24346.031221316494,6.771872062308592,31324.13468112087,1.202511909410372,95539.30237070986,63.44918716942896,368010.30989175127,141.9431983428588,0.14892295462720032,9.68605452407081e-06,2.4383,0.004353159771935658,37042.85714285714,15.971914124997511,5,22225.714285714283,True,True,True,True
0.8,0.99,0.7,0.2,amount,5,0.03704285714285706,1.5971914125004665e-05,0.9713,0.0004472135954999645,0.9974000000000001,0.0,0.8582000000000001,0.0002738612787525774,0.929524,0.00013145341380122247,48608.538858607986,19.081809824346536,24401.82273314955,11.816818376152618,30252.69860710965,12.879272437569558,91118.36628382925,62.303568818789294,339999.3488768091,150.42293598944445,0.1507556817134562,8.573277941852077e-06,2.4644,0.004144273157020388,37042.85714285714,15.971914124997511,5,22225.714285714283,True,True,True,True
0.8,0.99,0.7,0.2,amount,10,0.03704285714285706,1.5971914125004665e-05,0.9804,0.0002236067977500102,0.9978400000000001,2.2360679775007845e-05,0.8556000000000001,0.0002236067977499626,0.92928,0.00014387494569938948,48448.552381850044,23.502933331074672,24799.137447158308,10.255970385367236,28294.99493751846,29.38445702016501,81932.71682972976,69.81234004342271,287676.61035194696,355.63857776632585,0.146955229016986,0.00011194346281783623,2.5619,0.006066300355241328,37042.85714285714,15.971914124997511,5,22225.714285714283,True,True,True,True
0.8,0.99,0.7,0.2,success_rate,1,0.03704285714285706,1.5971914125004665e-05,0.9949999999999999,0.0,0.99978,0.0,0.8531000000000001,0.00022360679775004278,0.916572,5.357238094390664e-05,50294.84222423057,20.48783983085514,26427.022540338618,12.600397718610974,33979.55798108759,45.54014040267978,106064.01389833601,32.817341545711336,398294.63690454984,64.38313917705892,0.415685516592454,0.0003830689521060904,2.3577,0.003474910070778775,37042.85714285714,15.971914124997511,5,22225.714285714283,True,True,True,True
0.8,0.99,0.7,0.2,success_rate,3,0.03704285714285706,1.5971914125004665e-05,0.9975000000000002,0.0,0.99983,0.0,0.8511,0.00022360679775004278,0.9165319999999999,5.357238094388929e-05,50189.5576059569,28.827979905529624,26427.918170858444,11.528913829915114,32570.298603328854,49.94658409690137,98454.53330868299,62.8183532354071,362608.9421900656,221.45793403749147,0.5119146258659526,0.0003697228432542996,2.3952,0.0034749100707788796,37042.85714285714,15.971914124997511,5,22225.714285714283,True,True,True,True
0.8,0.99,0.7,0.25,amount,1,0.03704285714285706,1.5971914125004665e-05,0.9712,0.0004472135954999645,0.997882,4.472135955016465e-06,0.8542,0.0004472135954999645,0.923892,0.00016099689438000934,48867.723579240825,28.181983767396236,24514.745474662155,92.66521811312789,33037.80704338748,1.5066053192903774,103525.44219717325,201.67350771913814,401053.2691758204,180.36635078920102,0.16660419315410246,4.330639891104501e-05,2.4134,0.008049844718999126,37042.85714285714,15.971914124997511,5,22225.714285714283,True,True,True,True
0.8,0.99,0.7,0.25,amount,3,0.03704285714285706,1.5971914125004665e-05,0.9722999999999999,0.0006708203932499747,0.9979039999999999,8.944271910008104e-06,0.8552,0.0004472135954999645,0.923912,0.00016099689438000934,48834.92834535088,45.242842721448085,24715.72728389878,110.22981398408086,31881.553420219803,25.9537605174283,97207.57856101535,115.47218875032958,369449.5085515011,123.2400537620533,0.1804699237370225,3.133405838173587e-05,2.4271000000000003,0.008734987120768978,37042.85714285714,15.971914124997511,5,22225.714285714283,True,True,True,True
