Year,Country,Gold_USD_per_oz,xrusd,Gold_Nominal_Return
1871,AUS,18.93,0.3691464496,0.00599625
1872,AUS,18.94,0.3692388093,0.00077859
1873,AUS,18.94,0.3624047758,-0.01850844
1874,AUS,18.94,0.3722234551,0.02709313
1875,AUS,18.94,0.3609256158,-0.0303523
1876,AUS,18.94,0.372021708,0.03074343
1877,AUS,18.94,0.3999106798,0.07496598
1878,AUS,18.94,0.4125728812,0.03166257
1879,AUS,18.94,0.4150882566,0.0060968
1880,AUS,18.94,0.412522539,-0.00618114
1881,AUS,18.94,0.4158748782,0.00812644
1882,AUS,18.94,0.4124365263,-0.00826776
1883,AUS,18.94,0.4131763214,0.00179372
1884,AUS,18.94,0.4137967507,0.00150161
1885,AUS,18.94,0.4130946605,-0.0016967
1886,AUS,18.94,0.4121250083,-0.00234729
1887,AUS,18.94,0.4144716821,0.00569408
1888,AUS,18.94,0.4129029645,-0.00378486
1889,AUS,18.93,0.4117739386,-0.0032609
1890,AUS,18.94,0.4127704267,0.00294953
1891,AUS,18.96,0.413350539,0.00246286
1892,AUS,18.96,0.4123145092,-0.00250642
1893,AUS,18.96,0.4131714963,0.00207848
1894,AUS,18.94,0.4124115767,-0.00289215
1895,AUS,18.93,0.4110428471,-0.00384507
1896,AUS,18.98,0.4130498689,0.00753696
1897,AUS,18.98,0.4129649029,-0.0002057
1898,AUS,18.98,0.416281522,0.00803124
1899,AUS,18.94,0.4155174734,-0.00393903
1900,AUS,18.96,0.4155043642,0.00102438
1901,AUS,18.98,0.4150841149,4.237e-05
1902,AUS,18.97,0.4152713811,-7.596e-05
1903,AUS,18.95,0.4155164907,-0.00046468
1904,AUS,18.96,0.4146392389,-0.00158464
1905,AUS,18.92,0.4148814572,-0.00152677
1906,AUS,18.9,0.4149464724,-0.00090054
1907,AUS,18.94,0.4119695344,-0.00507305
1908,AUS,18.95,0.4148029921,0.00740945
1909,AUS,18.96,0.4135551535,-0.00248215
1910,AUS,18.92,0.4139599673,-0.00113291
1911,AUS,18.92,0.4146558862,0.00168113
1912,AUS,18.93,0.4141647358,-0.00065656
1913,AUS,18.92,0.4138494397,-0.00128914
1914,AUS,18.99,0.4096698417,-0.0064369
1915,AUS,18.99,0.4272693557,0.04296024
1916,AUS,18.99,0.4259171288,-0.00316481
1917,AUS,18.99,0.4245090663,-0.00330595
1918,AUS,18.99,0.4244381209,-0.00016712
1919,AUS,19.95,0.4573750556,0.13207716
1920,AUS,20.68,0.5594117323,0.26784666
1921,AUS,20.58,0.5297549951,-0.05759338
1922,AUS,20.66,0.4526623618,-0.1422035
1923,AUS,21.32,0.4356875302,-0.00675216
1924,AUS,20.69,0.4423204623,-0.01477553
1925,AUS,20.64,0.4144714195,-0.06522571
1926,AUS,20.63,0.4125745185,-0.00505895
1927,AUS,20.64,0.4143383441,0.00476197
1928,AUS,20.66,0.4151414263,0.0029091
1929,AUS,20.63,0.4365832222,0.0501223
1930,AUS,20.65,0.5307128195,0.21678365
1931,AUS,17.06,0.5523449889,-0.14017551
1932,AUS,20.69,0.7169864075,0.57427996
1933,AUS,26.33,0.593316383,0.05309072
1934,AUS,34.69,0.5002905825,0.11093699
1935,AUS,34.84,0.5122578567,0.02834809
1936,AUS,34.87,0.5049468226,-0.01342339
1937,AUS,34.79,0.5077324401,0.00320976
1938,AUS,34.85,0.5134151835,0.01293633
1939,AUS,34.42,0.565962986,0.08874809
1940,AUS,33.85,0.6553938917,0.13883857
1941,AUS,33.85,0.6225099602,-0.0501743
1942,AUS,33.85,0.6220839813,-0.00068429
1943,AUS,33.85,0.6198090988,-0.00365687
1944,AUS,33.85,0.6195786865,-0.00037175
1945,AUS,34.71,0.6211180124,0.0279538
1946,AUS,34.71,0.6223937263,0.0020539
1947,AUS,34.71,0.6230529595,0.00105919
1948,AUS,34.71,0.6203473045,-0.00434258
1949,AUS,31.69,0.8928569999,0.3140583
1950,AUS,34.72,0.8928569999,0.09561376
1951,AUS,34.72,0.8992805759,0.00719441
1952,AUS,34.6,0.8920606609,-0.01145702
1953,AUS,34.84,0.8920606609,0.00693642
1954,AUS,35.04,0.8992805759,0.01388051
1955,AUS,35.03,0.8940545381,-0.00609508
1956,AUS,34.99,0.8992805759,0.00469677
1957,AUS,34.95,0.8924587246,-0.00872041
1958,AUS,35.1,0.8940545381,0.00608763
1959,AUS,35.1,0.8948545865,0.00089485
1960,AUS,35.27,0.89365505,0.00349633
1961,AUS,35.25,0.8924587246,-0.00190498
1962,AUS,35.23,0.8940545381,0.00121972
1963,AUS,35.09,0.8960573485,-0.00174264
1964,AUS,35.1,0.897666069,0.00208083
1965,AUS,35.12,0.8940545381,-0.00345574
1966,AUS,35.13,0.8976660682,0.00432538
1967,AUS,34.95,0.8920606609,-0.01133625
1968,AUS,38.925,0.9009009009,0.12477091
1969,AUS,41.083,0.8944543836,0.04788761
1970,AUS,35.942,0.8968609874,-0.12278303
1971,AUS,40.804,0.8396305633,0.06282951
1972,AUS,58.159,0.7843137261,0.33142212
1973,AUS,97.326,0.6720430112,0.4339011
1974,AUS,159.245,0.7535795032,0.83471638
1975,AUS,161.029,0.7954816648,0.06742996
1976,AUS,124.816,0.9204712813,-0.10309544
1977,AUS,147.721,0.87611705,0.12648099
1978,AUS,193.239,0.8691873106,0.2977881
1979,AUS,306.668,0.9045680696,0.65158738
1980,AUS,607.864,0.8469551968,0.855911
1981,AUS,459.754,0.8866034231,-0.20825002
1982,AUS,375.797,1.019783807,-0.05982976
1983,AUS,422.53,1.10864745,0.22233315
1984,AUS,360.478,1.208021261,-0.0703867
1985,AUS,317.908,1.468644441,0.07217279
1986,AUS,367.694,1.504211793,0.1846155
1987,AUS,446.473,1.384083045,0.11727946
1988,AUS,437.048,1.168907072,-0.1732927
1989,AUS,381.432,1.261511291,-0.05811226
1990,AUS,383.467,1.293159188,0.03055629
1991,AUS,362.183,1.316135825,-0.03872248
1992,AUS,343.733,1.4522219,0.04718988
1993,AUS,359.77,1.476886723,0.064432
1994,AUS,384.012,1.28733268,-0.06961338
1995,AUS,384.164,1.342281879,0.04309725
1996,AUS,387.696,1.255492639,-0.05605846
1997,AUS,331.096,1.532097418,0.04216102
1998,AUS,294.161,1.628929767,-0.05540175
1999,AUS,278.768,1.529519731,-0.11016282
2000,AUS,279.032,1.805054152,0.18126203
2001,AUS,270.989,1.958480219,0.05372335
2002,AUS,309.972,1.766160367,0.03152973
2003,AUS,363.509,1.333333333,-0.1146779
2004,AUS,409.212,1.283697047,0.08381959
2005,AUS,444.843,1.362954886,0.15419008
2006,AUS,604.336,1.263743207,0.25964758
2007,AUS,696.72,1.13430127,0.03478326
2008,AUS,871.707,1.443418014,0.59212059
2009,AUS,972.966,1.1149515,-0.13783381
2010,AUS,1224.664,0.9839614287,0.11081411
2011,AUS,1569.211,0.9846396219,0.28222319
2012,AUS,1669.518,0.9610764056,0.03846143
2013,AUS,1411.462,1.128031585,-0.00770357
2014,AUS,1265.578,1.219214826,-0.03087744
2015,AUS,1160.663,1.368738024,0.02957342
2016,AUS,1248.988,1.381978994,0.08650877
2017,AUS,1257.559,1.282051282,-0.06594154
2018,AUS,1269.227,1.416831964,0.11538264
2019,AUS,1392.498,1.427347987,0.10526597
2020,AUS,1770.254,1.298364061,0.15639878
2021,AUS,1799.629,1.376,0.07738109
2022,AUS,1800.602,1.468,0.06743728
2023,AUS,1942.666,1.468,0.07889806
2024,AUS,2387.702,1.562,0.30778682
2025,AUS,3441.506,1.536,0.41735485
1871,BEL,18.93,4.613972776,0.02227808
1872,BEL,18.94,4.669705654,0.01261379
1873,BEL,18.94,4.573538024,-0.02059394
1874,BEL,18.94,4.649791375,0.01667273
1875,BEL,18.94,4.503980104,-0.03135867
1876,BEL,18.94,4.647440688,0.03185196
1877,BEL,18.94,4.9574292,0.06670091
1878,BEL,18.94,5.146447,0.03812819
1879,BEL,18.94,5.200773923,0.0105562
1880,BEL,18.94,5.216444756,0.00301317
1881,BEL,18.94,5.23,0.00259856
1882,BEL,18.94,5.26,0.00573614
1883,BEL,18.94,5.16,-0.01901141
1884,BEL,18.94,5.14,-0.00387597
1885,BEL,18.94,5.17,0.00583658
1886,BEL,18.94,5.14,-0.00580271
1887,BEL,18.94,5.21,0.01361868
1888,BEL,18.94,5.2,-0.00191939
1889,BEL,18.93,5.18,-0.00437211
1890,BEL,18.94,5.23,0.01018587
1891,BEL,18.96,5.24,0.00297003
1892,BEL,18.96,5.3,0.01145038
1893,BEL,18.96,5.56,0.0490566
1894,BEL,18.94,5.66,0.01691179
1895,BEL,18.93,5.39,-0.04820598
1896,BEL,18.98,5.51,0.02496357
1897,BEL,18.98,5.39,-0.02177858
1898,BEL,18.98,5.56,0.03153989
1899,BEL,18.94,5.52,-0.00928656
1900,BEL,18.96,5.47,-0.00801157
1901,BEL,18.98,5.35,-0.02090613
1902,BEL,18.97,5.19,-0.03041766
1903,BEL,18.95,5.13,-0.0126028
1904,BEL,18.96,5.13,0.0005277
1905,BEL,18.92,5.11,-0.00600012
1906,BEL,18.9,5.16,0.00871731
1907,BEL,18.94,5.17,0.00405849
1908,BEL,18.95,5.11,-0.01108356
1909,BEL,18.96,5.13,0.00444366
1910,BEL,18.92,5.17,0.00567112
1911,BEL,18.92,5.18,0.00193424
1912,BEL,18.93,5.21,0.00632311
1913,BEL,18.92,5.25,0.00714523
1914,BEL,18.99,5.23,-0.00012383
1915,BEL,18.99,6.06,0.15869981
1916,BEL,18.99,6.57,0.08415842
1917,BEL,18.99,7.41,0.12785388
1918,BEL,18.99,7.85,0.05937922
1919,BEL,19.95,8.76,0.17233676
1920,BEL,20.68,13.5501,0.60341532
1921,BEL,20.58,13.4302,-0.01364144
1922,BEL,20.66,13.0159,-0.02708103
1923,BEL,21.32,19.1608,0.51913482
1924,BEL,20.69,21.5341,0.09065245
1925,BEL,20.64,21.0172,-0.02636241
1926,BEL,20.63,30.6251,0.45643864
1927,BEL,20.64,35.9305,0.17380569
1928,BEL,20.66,35.8985,7.752e-05
1929,BEL,20.63,35.939,-0.00032554
1930,BEL,20.65,35.836,-0.00189928
1931,BEL,17.06,35.8975,-0.17243208
1932,BEL,20.69,35.936,0.21407913
1933,BEL,26.33,27.9335,-0.01079571
1934,BEL,34.69,21.4715,0.01272253
1935,BEL,34.84,27.1385,0.26939651
1936,BEL,34.87,29.5565,0.09003631
1937,BEL,34.79,29.6275,0.00010243
1938,BEL,34.85,29.596,0.0006596
1939,BEL,34.42,29.6705,-0.00985242
1940,BEL,33.85,29.62,-0.01823398
1941,BEL,33.85,31.12494442,0.05080839
1942,BEL,33.85,31.11111111,-0.00044444
1943,BEL,33.85,31.11111111,0.0
1944,BEL,33.85,43.821,0.40853214
1945,BEL,34.71,43.821,0.0254062
1946,BEL,34.71,57,0.30074622
1947,BEL,34.71,48.75,-0.14473684
1948,BEL,34.71,53.75,0.1025641
1949,BEL,31.69,50.4,-0.14390947
1950,BEL,34.72,51.7,0.12387364
1951,BEL,34.72,54,0.04448743
1952,BEL,34.6,51.1,-0.05697431
1953,BEL,34.84,50.45,-0.00587197
1954,BEL,35.04,50,-0.0032304
1955,BEL,35.03,49.96,-0.00108516
1956,BEL,34.99,50.225,0.00415631
1957,BEL,34.95,50.0175,-0.00526987
1958,BEL,35.1,49.8425,0.00077805
1959,BEL,35.1,49.9375,0.001906
1960,BEL,35.27,49.7,6.433e-05
1961,BEL,35.25,49.78,0.00104169
1962,BEL,35.23,49.7513,-0.00114359
1963,BEL,35.09,49.8275,-0.00244835
1964,BEL,35.1,49.6325,-0.00362964
1965,BEL,35.12,49.6425,0.0007714
1966,BEL,35.13,50.0525,0.00854614
1967,BEL,34.95,49.6275,-0.0135714
1968,BEL,38.925,50.14,0.12523536
1969,BEL,41.083,49.6663,0.04546863
1970,BEL,35.942,49.675,-0.12498367
1971,BEL,40.804,44.755,0.02283171
1972,BEL,58.159,44.0625,0.40327169
1973,BEL,97.326,41.32,0.56928969
1974,BEL,159.245,36.1225,0.43038984
1975,BEL,161.029,39.5275,0.10652145
1976,BEL,124.816,35.9825,-0.29440068
1977,BEL,147.721,32.94,0.08343844
1978,BEL,193.239,28.8,0.14372453
1979,BEL,306.668,28.048,0.54555011
1980,BEL,607.864,31.523,1.2277354
1981,BEL,459.754,38.46,-0.07721435
1982,BEL,375.797,46.92,-0.00281321
1983,BEL,422.53,55.64,0.33331682
1984,BEL,360.478,63.08,-0.03277886
1985,BEL,317.908,50.36,-0.29592856
1986,BEL,367.694,40.41,-0.07191401
1987,BEL,446.473,33.1525,-0.00382396
1988,BEL,437.048,37.345,0.10268157
1989,BEL,381.432,35.76,-0.16429494
1990,BEL,383.467,30.9825,-0.12897661
1991,BEL,362.183,31.27,-0.04673974
1992,BEL,343.733,33.18,0.00702828
1993,BEL,359.77,36.11,0.13908157
1994,BEL,384.012,31.8375,-0.05890965
1995,BEL,384.164,29.415,-0.07572381
1996,BEL,387.696,32.005,0.09805384
1997,BEL,331.096,36.92,-0.01484067
1998,BEL,294.161,34.5745,-0.16799607
1999,BEL,278.768,40.15518614,0.10063561
2000,BEL,279.032,43.35292853,0.08065704
2001,BEL,270.989,45.77317599,0.02539279
2002,BEL,309.972,38.46657767,-0.03873461
2003,BEL,363.509,31.93974663,-0.02626536
2004,BEL,409.212,29.61596065,0.04382465
2005,BEL,444.843,34.19504959,0.25515053
2006,BEL,604.336,30.63014427,0.21690734
2007,BEL,696.72,27.40296176,0.03140272
2008,BEL,871.707,28.98606021,0.32343904
2009,BEL,972.966,28.00215188,0.07827453
2010,BEL,1224.664,30.19001646,0.35703557
2011,BEL,1569.211,31.17698431,0.32322942
2012,BEL,1669.518,30.57442777,0.04335955
2013,BEL,1411.462,29.25088826,-0.1911671
2014,BEL,1265.578,33.22617577,0.01849998
2015,BEL,1160.663,37.05327455,0.0227358
2016,BEL,1248.988,38.26951902,0.11142084
2017,BEL,1257.559,33.63620445,-0.1150391
2018,BEL,1269.227,35.23135371,0.05714188
2019,BEL,1392.498,35.90875912,0.11821766
2020,BEL,1770.254,32.87417488,0.16384586
2021,BEL,1799.629,35.4587721,0.09651917
2022,BEL,1800.602,37.7984863,0.06656042
2023,BEL,1942.666,36.5479494,0.04320346
2024,BEL,2387.702,38.726304,0.30234192
2025,BEL,3441.506,37.7984863,0.40681427
1900,CHE,18.96,5.2010632,-0.00143088
1901,CHE,18.98,5.17617,-0.00373637
1902,CHE,18.97,5.1852621,0.00122873
1903,CHE,18.95,5.1774192,-0.00256524
1904,CHE,18.96,5.180188,0.00106277
1905,CHE,18.92,5.179064,-0.00232623
1906,CHE,18.9,5.1914529,0.0013325
1907,CHE,18.94,5.1906876,0.00196867
1908,CHE,18.95,5.1701745,-0.00342601
1909,CHE,18.96,5.1681672,0.00013925
1910,CHE,18.92,5.1938672,0.00285255
1911,CHE,18.92,5.1986561,0.00092203
1912,CHE,18.93,5.1993555,0.00066315
1913,CHE,18.92,5.1978524,-0.0008172
1914,CHE,18.99,5.114616,-0.01237307
1915,CHE,18.99,5.3274,0.04160312
1916,CHE,18.99,5.2202,-0.02012239
1917,CHE,18.99,4.7687,-0.08649094
1918,CHE,18.99,4.3793,-0.08165747
1919,CHE,19.95,5.2679,0.26371971
1920,CHE,20.68,5.9161,0.16414109
1921,CHE,20.58,5.7624,-0.03068991
1922,CHE,20.66,5.2452,-0.0862159
1923,CHE,21.32,5.5371,0.08937448
1924,CHE,20.69,5.4876,-0.03822525
1925,CHE,20.64,5.1742,-0.05938919
1926,CHE,20.63,5.1779,0.00023024
1927,CHE,20.64,5.1916,0.00313187
1928,CHE,20.66,5.1922,0.00108468
1929,CHE,20.63,5.1869,-0.00247136
1930,CHE,20.65,5.1594,-0.0043375
1931,CHE,17.06,5.1544,-0.17465051
1932,CHE,20.69,5.1533,0.21251961
1933,CHE,26.33,4.0265,-0.00566518
1934,CHE,34.69,3.0896,0.01094608
1935,CHE,34.84,3.0772,0.00029319
1936,CHE,34.87,3.3125,0.07739254
1937,CHE,34.79,4.3596,0.3130862
1938,CHE,34.85,4.3723,0.00464277
1939,CHE,34.42,4.4396,0.00286384
1940,CHE,33.85,4.4099,-0.02313915
1941,CHE,33.85,4.3086,-0.02297104
1942,CHE,33.85,4.3,-0.00199601
1943,CHE,33.85,4.297,-0.00069767
1944,CHE,33.85,4.29,-0.00162904
1945,CHE,34.71,4.29,0.0254062
1946,CHE,34.71,3.6,-0.16083916
1947,CHE,34.71,4.14,0.15
1948,CHE,34.71,3.99,-0.03623188
1949,CHE,31.69,4.3,-0.0160723
1950,CHE,34.72,4.29,0.09306582
1951,CHE,34.72,4.36,0.01631702
1952,CHE,34.6,4.28,-0.02174143
1953,CHE,34.84,4.29,0.00928907
1954,CHE,35.04,4.28,0.00339614
1955,CHE,35.03,4.28,-0.00028539
1956,CHE,34.99,4.28,-0.00114188
1957,CHE,34.95,4.28,-0.00114318
1958,CHE,35.1,4.307999999,0.01086198
1959,CHE,35.1,4.322999999,0.00348189
1960,CHE,35.27,4.304999999,0.00065936
1961,CHE,35.25,4.315999999,0.00198667
1962,CHE,35.23,4.318999999,0.00012732
1963,CHE,35.09,4.314999999,-0.00489635
1964,CHE,35.1,4.314999999,0.00028498
1965,CHE,35.12,4.317999999,0.00126545
1966,CHE,35.13,4.326999999,0.00236963
1967,CHE,34.95,4.324999999,-0.00558367
1968,CHE,38.925,4.301999999,0.10781116
1969,CHE,41.083,4.317999999,0.05936534
1970,CHE,35.942,4.315999999,-0.12554213
1971,CHE,40.804,3.914999999,0.02979512
1972,CHE,58.159,3.773999999,0.37399237
1973,CHE,97.326,3.243999999,0.43843716
1974,CHE,159.245,2.539999999,0.28111997
1975,CHE,161.029,2.619999999,0.04305177
1976,CHE,124.816,2.4495,-0.27532661
1977,CHE,147.721,1.999999999,-0.03367207
1978,CHE,193.239,1.619999999,0.05958929
1979,CHE,306.668,1.579999999,0.54780324
1980,CHE,607.864,1.763499999,1.21236276
1981,CHE,459.754,1.798499999,-0.2286454
1982,CHE,375.797,1.994499999,-0.09353427
1983,CHE,422.53,2.179499999,0.22864686
1984,CHE,360.478,2.585,0.01187039
1985,CHE,317.908,2.076499999,-0.29157467
1986,CHE,367.694,1.6235,-0.09571476
1987,CHE,446.473,1.278,-0.04415556
1988,CHE,437.048,1.504,0.15199586
1989,CHE,381.432,1.5465,-0.10259171
1990,CHE,383.467,1.2955,-0.15783272
1991,CHE,362.183,1.3555,-0.01176059
1992,CHE,343.733,1.456,0.01942439
1993,CHE,359.77,1.4795,0.06354853
1994,CHE,384.012,1.3115,-0.05382128
1995,CHE,384.164,1.1505,-0.12241297
1996,CHE,387.696,1.3464,0.18103328
1997,CHE,331.096,1.4553,-0.07691639
1998,CHE,294.161,1.3765,-0.15966037
1999,CHE,278.768,1.5996,0.10126796
2000,CHE,279.032,1.6365,0.02403714
2001,CHE,270.989,1.6773,-0.00461203
2002,CHE,309.972,1.3868,-0.05425536
2003,CHE,363.509,1.2369,0.0459561
2004,CHE,409.212,1.1316,0.02989166
2005,CHE,444.843,1.3143,0.26258309
2006,CHE,604.336,1.2203,0.26137381
2007,CHE,696.72,1.1255,0.06330707
2008,CHE,871.707,1.0637,0.18245852
2009,CHE,972.966,1.0305,0.08132431
2010,CHE,1224.664,0.9396,0.14766279
2011,CHE,1569.211,0.9409,0.28311285
2012,CHE,1669.518,0.9166,0.03644473
2013,CHE,1411.462,0.8915,-0.17772028
2014,CHE,1265.578,0.9891,-0.00519358
2015,CHE,1160.663,0.9921,-0.08011726
2016,CHE,1248.988,1.016,0.1020223
2017,CHE,1257.559,0.9753,-0.0334716
2018,CHE,1269.227,0.9847,0.01900578
2019,CHE,1392.498,0.9682,0.07873909
2020,CHE,1770.254,0.8806,0.15625762
2021,CHE,1799.629,0.912,0.05284286
2022,CHE,1800.602,0.924,0.01370568
2023,CHE,1942.666,0.841,-0.01801595
2024,CHE,2387.702,0.883,0.29046637
2025,CHE,3441.506,0.842,0.37442104
1871,DEU,18.93,3.69606e-12,0.01711147
1872,DEU,18.94,3.6989832e-12,0.00131958
1873,DEU,18.94,3.6105075e-12,-0.02391892
1874,DEU,18.94,3.736125e-12,0.0347922
1875,DEU,18.94,3.6608307e-12,-0.02015305
1876,DEU,18.94,3.7680296e-12,0.02928267
1877,DEU,18.94,4.026483e-12,0.06859113
1878,DEU,18.94,4.1765035e-12,0.03725845
1879,DEU,18.94,4.209198e-12,0.0078282
1880,DEU,18.94,4.216752e-12,0.00179464
1881,DEU,18.94,4.229631e-12,0.00305425
1882,DEU,18.94,4.202491e-12,-0.00641664
1883,DEU,18.94,4.213697e-12,0.00266651
1884,DEU,18.94,4.207962e-12,-0.00136104
1885,DEU,18.94,4.2015954e-12,-0.00151299
1886,DEU,18.94,4.1946344e-12,-0.00165675
1887,DEU,18.94,4.1948e-12,3.948e-05
1888,DEU,18.94,4.1797e-12,-0.00359969
1889,DEU,18.93,4.1864e-12,0.00107416
1890,DEU,18.94,4.1819e-12,-0.00054722
1891,DEU,18.96,4.1794e-12,0.00045752
1892,DEU,18.96,4.1784e-12,-0.00023927
1893,DEU,18.96,4.1875e-12,0.00217787
1894,DEU,18.94,4.1808e-12,-0.00265316
1895,DEU,18.93,4.1753e-12,-0.00184283
1896,DEU,18.98,4.1812e-12,0.00405811
1897,DEU,18.98,4.1856e-12,0.00105233
1898,DEU,18.98,4.2091e-12,0.00561449
1899,DEU,18.94,4.1963e-12,-0.0051421
1900,DEU,18.96,4.2012e-12,0.00222489
1901,DEU,18.98,4.1853e-12,-0.00273377
1902,DEU,18.97,4.1937e-12,0.0014791
1903,DEU,18.95,4.1964e-12,-0.00041115
1904,DEU,18.96,4.1788e-12,-0.00366858
1905,DEU,18.92,4.1842e-12,-0.00082019
1906,DEU,18.9,4.2154e-12,0.00639166
1907,DEU,18.94,4.2033e-12,-0.0007601
1908,DEU,18.95,4.197e-12,-0.00097163
1909,DEU,18.96,4.188e-12,-0.00161782
1910,DEU,18.92,4.2023e-12,0.00129761
1911,DEU,18.92,4.1979e-12,-0.00104705
1912,DEU,18.93,4.201e-12,0.0012674
1913,DEU,18.92,4.2107e-12,0.00177949
1914,DEU,18.99,4.28e-12,0.02021875
1915,DEU,18.99,4.86e-12,0.13551402
1916,DEU,18.99,5.52e-12,0.13580247
1917,DEU,18.99,6.58e-12,0.19202899
1918,DEU,18.99,6.01e-12,-0.08662614
1919,DEU,19.95,1.976e-11,2.45406418
1920,DEU,20.68,6.306e-11,2.30806977
1921,DEU,20.58,1.0457e-10,0.6502433
1922,DEU,20.66,1.88578e-09,17.10376336
1923,DEU,21.32,0.5349,292710602.8440014
1924,DEU,20.69,4.201151115,6.6220009
1925,DEU,20.64,4.200445247,-0.00258424
1926,DEU,20.63,4.202386956,-2.246e-05
1927,DEU,20.64,4.184100418,-0.00386884
1928,DEU,20.66,4.201680672,0.00517474
1929,DEU,20.63,4.184100418,-0.00563011
1930,DEU,20.65,4.201680672,0.00517522
1931,DEU,17.06,4.237288136,-0.16684861
1932,DEU,20.69,4.201680672,0.20258701
1933,DEU,26.33,2.679528403,-0.18843055
1934,DEU,34.69,2.48818114,0.22342421
1935,DEU,34.84,2.486325211,0.00357489
1936,DEU,34.87,2.485707184,0.00061229
1937,DEU,34.79,2.481389578,-0.00402722
1938,DEU,34.85,2.450980392,-0.0105514
1939,DEU,34.42,2.493765586,0.00490238
1940,DEU,33.85,2.501250625,-0.01360834
1941,DEU,33.85,2.489391796,-0.00474116
1942,DEU,33.85,2.489391796,0.0
1943,DEU,33.85,2.489391796,0.0
1944,DEU,33.85,2.489391796,0.0
1945,DEU,34.71,,
1946,DEU,34.71,17.5,
1947,DEU,34.71,23.5,0.34285714
1948,DEU,34.71,20.5,-0.12765957
1949,DEU,31.69,6.05,-0.73055561
1950,DEU,34.72,4.199999999,-0.23940863
1951,DEU,34.72,4.199999999,0.0
1952,DEU,34.6,4.199999999,-0.00345622
1953,DEU,34.84,4.199999999,0.00693642
1954,DEU,35.04,4.199799999,0.00569264
1955,DEU,35.03,4.215199999,0.00338041
1956,DEU,34.99,4.198599999,-0.00507551
1957,DEU,34.95,4.201699999,-0.00040569
1958,DEU,35.1,4.177499999,-0.00149245
1959,DEU,35.1,4.169999999,-0.00179533
1960,DEU,35.27,4.170999999,0.00508427
1961,DEU,35.25,3.996499999,-0.04237982
1962,DEU,35.23,3.997999999,-0.00019226
1963,DEU,35.09,3.975199999,-0.00965407
1964,DEU,35.1,3.976999999,0.00073792
1965,DEU,35.12,4.005599999,0.00776525
1966,DEU,35.13,3.977299999,-0.00678238
1967,DEU,34.95,3.998999999,0.00030418
1968,DEU,38.925,3.999499999,0.11387316
1969,DEU,41.083,3.689899999,-0.02626132
1970,DEU,35.942,3.647999999,-0.13507127
1971,DEU,40.804,3.268499999,0.01717144
1972,DEU,58.159,3.201499999,0.39610862
1973,DEU,97.326,2.702999999,0.41287742
1974,DEU,159.245,2.409499999,0.45853822
1975,DEU,161.029,2.622299999,0.10050935
1976,DEU,124.816,2.362499999,-0.30167819
1977,DEU,147.721,2.104999999,0.05451378
1978,DEU,193.239,1.827999999,0.13599556
1979,DEU,306.668,1.731499999,0.50321113
1980,DEU,607.864,1.959,1.24259011
1981,DEU,459.754,2.254799999,-0.12945208
1982,DEU,375.797,2.376499999,-0.13849543
1983,DEU,422.53,2.723799999,0.28866976
1984,DEU,360.478,3.148,-0.01399135
1985,DEU,317.908,2.4613,-0.31047103
1986,DEU,367.694,1.9408,-0.08798639
1987,DEU,446.473,1.5815,-0.01054267
1988,DEU,437.048,1.7803,0.10193996
1989,DEU,381.432,1.6978,-0.16769726
1990,DEU,383.467,1.494,-0.11534296
1991,DEU,362.183,1.516,-0.04159589
1992,DEU,343.733,1.614,0.01040967
1993,DEU,359.77,1.7263,0.11948031
1994,DEU,384.012,1.5488,-0.04236741
1995,DEU,384.164,1.4335,-0.07407838
1996,DEU,387.696,1.5548,0.09459004
1997,DEU,331.096,1.7921,-0.01564824
1998,DEU,294.161,1.673,-0.17059842
1999,DEU,278.768,1.946874378,0.10280776
2000,DEU,279.032,2.10191295,0.08065704
2001,DEU,270.989,2.219255645,0.02539279
2002,DEU,309.972,1.865004291,-0.03873461
2003,DEU,363.509,1.548558987,-0.02626536
2004,DEU,409.212,1.435893106,0.04382465
2005,DEU,444.843,1.657904552,0.25515053
2006,DEU,604.336,1.485064541,0.21690734
2007,DEU,696.72,1.328598601,0.03140272
2008,DEU,871.707,1.405353165,0.32343904
2009,DEU,972.966,1.35764959,0.07827453
2010,DEU,1224.664,1.46372549,0.35703557
2011,DEU,1569.211,1.511577402,0.32322942
2012,DEU,1669.518,1.482363195,0.04335955
2013,DEU,1411.462,1.418193024,-0.1911671
2014,DEU,1265.578,1.610929907,0.01849998
2015,DEU,1160.663,1.796482043,0.0227358
2016,DEU,1248.988,1.855450147,0.11142084
2017,DEU,1257.559,1.630809639,-0.1150391
2018,DEU,1269.227,1.708148472,0.05714188
2019,DEU,1392.498,1.740991633,0.11821766
2020,DEU,1770.254,1.593863581,0.16384586
2021,DEU,1799.629,1.71917457,0.09651917
2022,DEU,1800.602,1.83261271,0.06656042
2023,DEU,1942.666,1.77198198,0.04320346
2024,DEU,2387.702,1.8775968,0.30234192
2025,DEU,3441.506,1.83261271,0.40681427
1873,DNK,18.94,3.259824,-0.01315941
1874,DNK,18.94,3.345723,0.02635081
1875,DNK,18.94,3.2547277,-0.0271975
1876,DNK,18.94,3.3457536,0.02796729
1877,DNK,18.94,3.582839,0.07086158
1878,DNK,18.94,3.718219,0.03778568
1879,DNK,18.94,3.7389,0.00556207
1880,DNK,18.94,3.741,0.00056166
1881,DNK,18.94,3.766779,0.00689094
1882,DNK,18.94,3.7378971,-0.00766753
1883,DNK,18.94,3.750778,0.00344603
1884,DNK,18.94,3.746934,-0.00102485
1885,DNK,18.94,3.7477918,0.00022893
1886,DNK,18.94,3.7328379,-0.00399006
1887,DNK,18.94,3.7419516,0.00244149
1888,DNK,18.94,3.7274268,-0.00388161
1889,DNK,18.93,3.7354044,0.00161113
1890,DNK,18.94,3.7404488,0.0018794
1891,DNK,18.96,3.7342778,-0.00059558
1892,DNK,18.96,3.722328,-0.00320003
1893,DNK,18.96,3.732668,0.00277783
1894,DNK,18.94,3.71706,-0.0052319
1895,DNK,18.93,3.7149222,-0.00110281
1896,DNK,18.98,3.728248,0.00623789
1897,DNK,18.98,3.7302008,0.00052378
1898,DNK,18.98,3.7536285,0.00628055
1899,DNK,18.94,3.746032,-0.00412699
1900,DNK,18.96,3.750144,0.00215482
1901,DNK,18.98,3.7282788,-0.00478179
1902,DNK,18.97,3.7348176,0.00122604
1903,DNK,18.95,3.7413032,0.0006804
1904,DNK,18.96,3.7343774,-0.00132445
1905,DNK,18.92,3.7371912,-0.00135781
1906,DNK,18.9,3.7555542,0.00385131
1907,DNK,18.94,3.760995,0.0035682
1908,DNK,18.95,3.740922,-0.00481199
1909,DNK,18.96,3.7348452,-0.00109757
1910,DNK,18.92,3.7427424,3e-07
1911,DNK,18.92,3.7433286,0.00015662
1912,DNK,18.93,3.7444155,0.00081905
1913,DNK,18.92,3.7377,-0.00232079
1914,DNK,18.99,3.7558,0.00856026
1915,DNK,18.99,3.8765,0.03213696
1916,DNK,18.99,3.5315,-0.08899781
1917,DNK,18.99,3.3294,-0.05722781
1918,DNK,18.99,3.3065,-0.00687812
1919,DNK,19.95,4.2946,0.36449556
1920,DNK,20.68,6.3391,0.53007429
1921,DNK,20.58,5.6192,-0.11785145
1922,DNK,20.66,4.774,-0.1471103
1923,DNK,21.32,5.4454,0.17707532
1924,DNK,20.69,5.9799,0.06570603
1925,DNK,20.64,4.7324,-0.21052801
1926,DNK,20.63,3.8131,-0.19464699
1927,DNK,20.64,3.7418,-0.01822303
1928,DNK,20.66,3.7393,0.00030022
1929,DNK,20.63,3.7481,0.00089788
1930,DNK,20.65,3.7362,-0.00220856
1931,DNK,17.06,3.9907,-0.11757473
1932,DNK,20.69,5.3102,0.61377603
1933,DNK,26.33,5.2436,0.25663469
1934,DNK,34.69,4.4445,0.11672643
1935,DNK,34.84,4.5697,0.03261547
1936,DNK,34.87,4.5067,-0.01293726
1937,DNK,34.79,4.5312,0.00312964
1938,DNK,34.85,4.582,0.01295513
1939,DNK,34.42,4.9149,0.05941882
1940,DNK,33.85,5.1791,0.03630458
1941,DNK,33.85,5.165538462,-0.00261851
1942,DNK,33.85,4.789118756,-0.07287134
1943,DNK,33.85,4.766780432,-0.00466439
1944,DNK,33.85,4.766780432,0.0
1945,DNK,34.71,4.77384072,0.02692498
1946,DNK,34.71,8.1,0.69674702
1947,DNK,34.71,8.15,0.00617284
1948,DNK,34.71,9.6,0.17791411
1949,DNK,31.69,9.3,-0.11553767
1950,DNK,34.72,9.7,0.14273693
1951,DNK,34.72,8.8,-0.09278351
1952,DNK,34.6,7.8,-0.11669983
1953,DNK,34.84,7.45,-0.03824663
1954,DNK,35.04,7.48,0.00979049
1955,DNK,35.03,7.11,-0.04973651
1956,DNK,34.99,7.52,0.05645754
1957,DNK,34.95,6.913999999,-0.08163617
1958,DNK,35.1,6.905999999,0.00312981
1959,DNK,35.1,6.907999999,0.0002896
1960,DNK,35.27,6.905999999,0.00455238
1961,DNK,35.25,6.885999999,-0.00346144
1962,DNK,35.23,6.901999999,0.00175486
1963,DNK,35.09,6.910999999,-0.0026751
1964,DNK,35.1,6.920999999,0.00173236
1965,DNK,35.12,6.890999999,-0.0037673
1966,DNK,35.13,6.915999999,0.00391369
1967,DNK,34.95,7.461999999,0.07341903
1968,DNK,38.925,7.500999999,0.11955481
1969,DNK,41.083,7.491999999,0.05417359
1970,DNK,35.942,7.488999999,-0.12548724
1971,DNK,40.804,7.061999999,0.07054365
1972,DNK,58.159,6.846999999,0.38193242
1973,DNK,97.326,6.289999999,0.53731287
1974,DNK,159.245,5.649999999,0.46972044
1975,DNK,161.029,6.177499999,0.10561163
1976,DNK,124.816,5.787499999,-0.27381978
1977,DNK,147.721,5.777499999,0.18146519
1978,DNK,193.239,5.089999999,0.15247197
1979,DNK,306.668,5.364999999,0.67272914
1980,DNK,607.864,6.014999999,1.22230605
1981,DNK,459.754,7.324999999,-0.07893328
1982,DNK,375.797,8.383999999,-0.06444046
1983,DNK,422.53,9.875,0.32431127
1984,DNK,360.478,11.26,-0.02720238
1985,DNK,317.908,8.969,-0.29752912
1986,DNK,367.694,7.3425,-0.05314164
1987,DNK,446.473,6.0965,0.00819672
1988,DNK,437.048,6.874,0.1037301
1989,DNK,381.432,6.6075,-0.1610895
1990,DNK,383.467,5.776,-0.12117807
1991,DNK,362.183,5.9135,-0.03302002
1992,DNK,343.733,6.2555,0.00394656
1993,DNK,359.77,6.7725,0.13315861
1994,DNK,384.012,6.083,-0.04128692
1995,DNK,384.164,5.546,-0.08791793
1996,DNK,387.696,5.9445,0.0817082
1997,DNK,331.096,6.826,-0.01935105
1998,DNK,294.161,6.3865,-0.1687574
1999,DNK,278.768,7.3988,0.09788335
2000,DNK,279.032,8.0205,0.08505374
2001,DNK,270.989,8.4095,0.01827805
2002,DNK,309.972,7.0822,-0.03668391
2003,DNK,363.509,5.9576,-0.0135028
2004,DNK,409.212,5.4676,0.0331386
2005,DNK,444.843,6.3241,0.25736218
2006,DNK,604.336,5.6614,0.21617709
2007,DNK,696.72,5.0753,0.03351715
2008,DNK,871.707,5.2849,0.30282868
2009,DNK,972.966,5.1901,0.09614014
2010,DNK,1224.664,5.6133,0.36132498
2011,DNK,1569.211,5.7456,0.31153996
2012,DNK,1669.518,5.6591,0.04790459
2013,DNK,1411.462,5.4127,-0.19137964
2014,DNK,1265.578,6.1214,0.01404337
2015,DNK,1160.663,6.83,0.02326276
2016,DNK,1248.988,7.0528,0.11120194
2017,DNK,1257.559,6.2077,-0.11378467
2018,DNK,1269.227,6.5194,0.05995601
2019,DNK,1392.498,6.6759,0.12345963
2020,DNK,1770.254,6.0576,0.15353765
2021,DNK,1799.629,6.542,0.09788625
2022,DNK,1800.602,6.982,0.06783475
2023,DNK,1942.666,6.752,0.04335716
2024,DNK,2387.702,7.154,0.30226235
2025,DNK,3441.506,6.988,0.40790181
1900,ESP,18.96,6.694336,0.0373769
1901,ESP,18.98,7.16,0.07068912
1902,ESP,18.97,7,-0.02286147
1903,ESP,18.95,6.99,-0.00248136
1904,ESP,18.96,7.13,0.02056689
1905,ESP,18.92,6.78,-0.0510945
1906,ESP,18.9,5.84,-0.13955359
1907,ESP,18.94,5.77,-0.00989527
1908,ESP,18.95,5.85,0.01440012
1909,ESP,18.96,5.7,-0.02512685
1910,ESP,18.92,5.54,-0.03012066
1911,ESP,18.92,5.61,0.01263538
1912,ESP,18.93,5.52,-0.01552272
1913,ESP,18.92,5.54,0.00309301
1914,ESP,18.99,5.42,-0.018041
1915,ESP,18.99,5.23,-0.03505535
1916,ESP,18.99,5.19,-0.00764818
1917,ESP,18.99,4.43,-0.14643545
1918,ESP,18.99,4.17,-0.05869074
1919,ESP,19.95,4.06,0.0228405
1920,ESP,20.68,6.37,0.62637629
1921,ESP,20.58,7.38,0.15295343
1922,ESP,20.66,6.45,-0.12261885
1923,ESP,21.32,6.96,0.1135415
1924,ESP,20.69,7.51,0.04713816
1925,ESP,20.64,6.97,-0.07414699
1926,ESP,20.63,6.72,-0.03633512
1927,ESP,20.64,5.86,-0.12755349
1928,ESP,20.66,6.03,0.03000734
1929,ESP,20.63,6.82,0.12936929
1930,ESP,20.65,8.68,0.27396113
1931,ESP,17.06,10.55,0.00413408
1932,ESP,20.69,12.41,0.42659529
1933,ESP,26.33,7.39,-0.2421853
1934,ESP,34.69,7.35,0.31037724
1935,ESP,34.84,7.3109,-0.00101872
1936,ESP,34.87,8.121,0.11176364
1937,ESP,34.79,16.5218,1.02978637
1938,ESP,34.85,17.8571,0.08268451
1939,ESP,34.42,9.4072,-0.47969556
1940,ESP,33.85,10.7277,0.1214865
1941,ESP,33.85,10.9529,0.02099238
1942,ESP,33.85,10.95,-0.00026477
1943,ESP,33.85,10.95,0.0
1944,ESP,33.85,10.95,0.0
1945,ESP,34.71,10.95,0.0254062
1946,ESP,34.71,29,1.64840183
1947,ESP,34.71,41.5,0.43103448
1948,ESP,34.71,37.5,-0.09638554
1949,ESP,31.69,47.75,0.1625449
1950,ESP,34.72,51.45,0.18050948
1951,ESP,34.72,52,0.01068999
1952,ESP,34.6,47.7,-0.08586273
1953,ESP,34.84,43.25,-0.0870021
1954,ESP,35.04,44,0.02318112
1955,ESP,35.03,43.85,-0.00369351
1956,ESP,34.99,50.5,0.15033832
1957,ESP,34.95,60,0.18676057
1958,ESP,35.1,59.6,-0.00240343
1959,ESP,35.1,60.75,0.0192953
1960,ESP,35.27,61.5,0.01724878
1961,ESP,35.25,61.15,-0.00625488
1962,ESP,35.23,60.3,-0.01445973
1963,ESP,35.09,60.15,-0.00645156
1964,ESP,35.1,60.17,0.00061758
1965,ESP,35.12,60.25,0.00190012
1966,ESP,35.13,60,-0.00386582
1967,ESP,34.95,69.7,0.15571449
1968,ESP,38.925,69.82,0.11565138
1969,ESP,41.083,70.06,0.05906793
1970,ESP,35.942,69.72,-0.12938261
1971,ESP,40.804,66.02,0.07502519
1972,ESP,58.159,63.57,0.37243215
1973,ESP,97.326,56.95,0.4991789
1974,ESP,159.245,56.112,0.61212588
1975,ESP,161.029,59.774,0.07719632
1976,ESP,124.816,68.288,-0.11448028
1977,ESP,147.721,80.912,0.40229867
1978,ESP,193.239,70.11,0.13349491
1979,ESP,306.668,66.149,0.49732817
1980,ESP,607.864,79.25,1.37472842
1981,ESP,459.754,97.45,-0.06995992
1982,ESP,375.797,125.601,0.05351093
1983,ESP,422.53,156.7,0.40274956
1984,ESP,360.478,173.4,-0.05593627
1985,ESP,317.908,154.15,-0.21599808
1986,ESP,367.694,132.395,-0.00662519
1987,ESP,446.473,109,-0.00031409
1988,ESP,437.048,113.45,0.01885396
1989,ESP,381.432,109.72,-0.15594784
1990,ESP,383.467,96.909,-0.11204863
1991,ESP,362.183,96.688,-0.05765804
1992,ESP,343.733,114.623,0.1251032
1993,ESP,359.77,142.214,0.29859671
1994,ESP,384.012,131.739,-0.01123779
1995,ESP,384.164,121.409,-0.07804784
1996,ESP,387.696,131.275,0.09120363
1997,ESP,331.096,151.702,-0.01310285
1998,ESP,294.161,142.60699,-0.16481888
1999,ESP,278.768,165.624129,0.10062816
2000,ESP,279.032,178.8135411,0.08065704
2001,ESP,270.989,188.7960967,0.02539279
2002,ESP,309.972,158.6592925,-0.03873461
2003,ESP,363.509,131.7387173,-0.02626536
2004,ESP,409.212,122.1540269,0.04382465
2005,ESP,444.843,141.0409426,0.25515053
2006,ESP,604.336,126.3371298,0.21690734
2007,ESP,696.72,113.026289,0.03140272
2008,ESP,871.707,119.5559388,0.32343904
2009,ESP,972.966,115.4977093,0.07827453
2010,ESP,1224.664,124.5217782,0.35703557
2011,ESP,1569.211,128.5926269,0.32322942
2012,ESP,1669.518,126.1073215,0.04335955
2013,ESP,1411.462,120.6482489,-0.1911671
2014,ESP,1265.578,137.0447245,0.01849998
2015,ESP,1160.663,152.8299807,0.0227358
2016,ESP,1248.988,157.8465041,0.11142084
2017,ESP,1257.559,138.7359293,-0.1150391
2018,ESP,1269.227,145.3152838,0.05714188
2019,ESP,1392.498,148.109311,0.11821766
2020,ESP,1770.254,135.5928612,0.16384586
2021,ESP,1799.629,146.253294,0.09651917
2022,ESP,1800.602,155.903682,0.06656042
2023,ESP,1942.666,150.745716,0.04320346
2024,ESP,2387.702,159.73056,0.30234192
2025,ESP,3441.506,155.903682,0.40681427
1896,FIN,18.98,0.05183825,0.00408337
1897,FIN,18.98,0.05185232,0.00027142
1898,FIN,18.98,0.05223516,0.00738328
1899,FIN,18.94,0.052428,0.0015765
1900,FIN,18.96,0.05214016,-0.00444003
1901,FIN,18.98,0.05195664,-0.0024686
1902,FIN,18.97,0.05206408,0.00153992
1903,FIN,18.95,0.0521196,1.096e-05
1904,FIN,18.96,0.0519662,-0.00241708
1905,FIN,18.92,0.05205792,-0.00034843
1906,FIN,18.9,0.05245245,0.00651358
1907,FIN,18.94,0.05264364,0.00576913
1908,FIN,18.95,0.05217645,-0.00835128
1909,FIN,18.96,0.05207976,-0.00132641
1910,FIN,18.92,0.05209904,-0.00174028
1911,FIN,18.92,0.05216552,0.00127603
1912,FIN,18.93,0.0521148,-0.00044426
1913,FIN,18.92,0.05221268,0.00134891
1914,FIN,18.99,0.058812,0.13056047
1915,FIN,18.99,0.0720986,0.22591648
1916,FIN,18.99,0.0739545,0.02574114
1917,FIN,18.99,0.0640195,-0.13433936
1918,FIN,18.99,0.0883679,0.38032787
1919,FIN,19.95,0.282375,2.35698689
1920,FIN,20.68,0.31042375,0.13955773
1921,FIN,20.58,0.579354,0.85730789
1922,FIN,20.66,0.4206654,-0.27108359
1923,FIN,21.32,0.383643,-0.05887487
1924,FIN,20.69,0.4258584,0.07723692
1925,FIN,20.64,0.3992888,-0.06465654
1926,FIN,20.63,0.3968853,-0.00650103
1927,FIN,20.64,0.3988523,0.00544323
1928,FIN,20.66,0.3964095,-0.00516152
1929,FIN,20.63,0.3996519,0.00671546
1930,FIN,20.65,0.3967953,-0.00618519
1931,FIN,17.06,0.518175,0.07886948
1932,FIN,20.69,0.64883,0.5185739
1933,FIN,26.33,0.53572,0.05074494
1934,FIN,34.69,0.450595,0.10815867
1935,FIN,34.84,0.46308,0.03215163
1936,FIN,34.87,0.456724,-0.01287623
1937,FIN,34.79,0.459221,0.00316042
1938,FIN,34.85,0.464215,0.01261833
1939,FIN,34.42,0.444235,-0.05484794
1940,FIN,33.85,0.498701,0.10401576
1941,FIN,33.85,0.48608,-0.02530775
1942,FIN,33.85,0.485688,-0.00080645
1943,FIN,33.85,0.485688,0.0
1944,FIN,33.85,0.485688,0.0
1945,FIN,34.71,1.357107,1.86518493
1946,FIN,34.71,4,1.9474463
1947,FIN,34.71,4.1,0.025
1948,FIN,34.71,5.4,0.31707317
1949,FIN,31.69,3.61,-0.38964702
1950,FIN,34.72,5,0.51747058
1951,FIN,34.72,4.35,-0.13
1952,FIN,34.6,3.85,-0.11800148
1953,FIN,34.84,3.95,0.03309061
1954,FIN,35.04,3.54,-0.09865279
1955,FIN,35.03,3.58,0.01101082
1956,FIN,34.99,3.58,-0.00114188
1957,FIN,34.95,3.8,0.06023908
1958,FIN,35.1,3.64,-0.03799413
1959,FIN,35.1,3.5,-0.03846154
1960,FIN,35.27,3.3,-0.05257631
1961,FIN,35.25,3.219,-0.02509859
1962,FIN,35.23,3.223,0.00067454
1963,FIN,35.09,3.22,-0.004901
1964,FIN,35.1,3.22,0.00028498
1965,FIN,35.12,3.22,0.0005698
1966,FIN,35.13,3.22,0.00028474
1967,FIN,34.95,4.2,0.29766458
1968,FIN,38.925,4.2,0.11373391
1969,FIN,41.083,4.2,0.05543995
1970,FIN,35.942,4.18,-0.12930293
1971,FIN,40.804,4.15,0.1271256
1972,FIN,58.159,4.18,0.43562951
1973,FIN,97.326,3.845,0.53933097
1974,FIN,159.245,3.551,0.51109323
1975,FIN,161.029,3.85,0.0963478
1976,FIN,124.816,3.767,-0.24159523
1977,FIN,147.721,4.018,0.26236891
1978,FIN,193.239,3.926,0.27818261
1979,FIN,306.668,3.711,0.50007972
1980,FIN,607.864,3.84,1.05105938
1981,FIN,459.754,4.357,-0.14182585
1982,FIN,375.797,5.291,-0.00739149
1983,FIN,422.53,5.81,0.23464645
1984,FIN,360.478,6.53,-0.04113324
1985,FIN,317.908,5.417,-0.26840901
1986,FIN,367.694,4.794,0.02358587
1987,FIN,446.473,3.946,-0.00053473
1988,FIN,437.048,4.169,0.03421004
1989,FIN,381.432,4.059,-0.15028136
1990,FIN,383.467,3.634,-0.09992906
1991,FIN,362.183,4.133,0.07418862
1992,FIN,343.733,5.245,0.20440695
1993,FIN,359.77,5.7845,0.15431423
1994,FIN,384.012,4.7432,-0.12476342
1995,FIN,384.164,4.3586,-0.08072077
1996,FIN,387.696,4.6439,0.0752526
1997,FIN,331.096,5.4207,-0.0031378
1998,FIN,294.161,5.096,-0.16477169
1999,FIN,278.768,5.918504878,0.10062764
2000,FIN,279.032,6.389822676,0.08065704
2001,FIN,270.989,6.746544877,0.02539279
2002,FIN,309.972,5.669619529,-0.03873461
2003,FIN,363.509,4.707624703,-0.02626536
2004,FIN,409.212,4.365120035,0.04382465
2005,FIN,444.843,5.040035602,0.25515053
2006,FIN,604.336,4.514601367,0.21690734
2007,FIN,696.72,4.038944365,0.03140272
2008,FIN,871.707,4.272278508,0.32343904
2009,FIN,972.966,4.127259475,0.07827453
2010,FIN,1224.664,4.449730579,0.35703557
2011,FIN,1569.211,4.595200556,0.32322942
2012,FIN,1669.518,4.506389268,0.04335955
2013,FIN,1411.462,4.311311725,-0.1911671
2014,FIN,1265.578,4.897232518,0.01849998
2015,FIN,1160.663,5.461311656,0.0227358
2016,FIN,1248.988,5.640574898,0.11142084
2017,FIN,1257.559,4.957666972,-0.1150391
2018,FIN,1269.227,5.192777293,0.05714188
2019,FIN,1392.498,5.292620616,0.11821766
2020,FIN,1770.254,4.845350827,0.16384586
2021,FIN,1799.629,5.22629667,0.09651917
2022,FIN,1800.602,5.57114901,0.06656042
2023,FIN,1942.666,5.38683138,0.04320346
2024,FIN,2387.702,5.7079008,0.30234192
2025,FIN,3441.506,5.57114901,0.40681427
1871,FRA,18.93,0.046776456,0.03711149
1872,FRA,18.94,0.046832478,0.00172655
1873,FRA,18.94,0.045826851,-0.02147285
1874,FRA,18.94,0.046470015,0.01403465
1875,FRA,18.94,0.045048809,-0.03058329
1876,FRA,18.94,0.046465112,0.0314393
1877,FRA,18.94,0.04953959,0.06616745
1878,FRA,18.94,0.05146447,0.03885539
1879,FRA,18.94,0.05201294,0.01065726
1880,FRA,18.94,0.052169664,0.00301317
1881,FRA,18.94,0.05229441,0.00239116
1882,FRA,18.94,0.051727388,-0.01084288
1883,FRA,18.94,0.052026322,0.00577903
1884,FRA,18.94,0.05189552,-0.00251415
1885,FRA,18.94,0.051979455,0.00161738
1886,FRA,18.94,0.051883711,-0.00184196
1887,FRA,18.94,0.052137117,0.00488411
1888,FRA,18.94,0.051951165,-0.0035666
1889,FRA,18.93,0.05182242,-0.00300487
1890,FRA,18.94,0.051887825,0.00179103
1891,FRA,18.96,0.051902224,0.00133376
1892,FRA,18.96,0.05163858,-0.00507963
1893,FRA,18.96,0.051753632,0.00222802
1894,FRA,18.94,0.05156775,-0.00464273
1895,FRA,18.93,0.051634902,0.00077354
1896,FRA,18.98,0.051696593,0.00383922
1897,FRA,18.98,0.051689896,-0.00012954
1898,FRA,18.98,0.052092813,0.00779489
1899,FRA,18.94,0.05182148,-0.00730515
1900,FRA,18.96,0.051694008,-0.00140646
1901,FRA,18.98,0.0516078,-0.00061457
1902,FRA,18.97,0.051608314,-0.00051692
1903,FRA,18.95,0.051694008,0.00060442
1904,FRA,18.96,0.051662208,-8.778e-05
1905,FRA,18.92,0.051679616,-0.00177346
1906,FRA,18.9,0.051830028,0.00185031
1907,FRA,18.94,0.051849252,0.00248809
1908,FRA,18.95,0.051681195,-0.00271499
1909,FRA,18.96,0.051706296,0.00101365
1910,FRA,18.92,0.05187288,0.00110523
1911,FRA,18.92,0.051957763,0.00163637
1912,FRA,18.93,0.051870255,-0.00115656
1913,FRA,18.92,0.05184,-0.00111124
1914,FRA,18.99,0.05095,-0.01353194
1915,FRA,18.99,0.05569,0.09303238
1916,FRA,18.99,0.05887,0.05710181
1917,FRA,18.99,0.05764,-0.02089349
1918,FRA,18.99,0.05616,-0.02567661
1919,FRA,19.95,0.07309,0.36725273
1920,FRA,20.68,0.14205,1.01460965
1921,FRA,20.58,0.13413,-0.060321
1922,FRA,20.66,0.12193,-0.08742284
1923,FRA,21.32,0.16444,0.39172612
1924,FRA,20.69,0.19096,0.12695929
1925,FRA,20.64,0.20977,0.09584763
1926,FRA,20.63,0.30838,0.46937403
1927,FRA,20.64,0.25484,-0.17321639
1928,FRA,20.66,0.25504,0.00175456
1929,FRA,20.63,0.25536,-0.0001992
1930,FRA,20.65,0.25478,-0.00130404
1931,FRA,17.06,0.2551,-0.17281225
1932,FRA,20.69,0.25461,0.21044891
1933,FRA,26.33,0.19876,-0.00655484
1934,FRA,34.69,0.15223,0.00907791
1935,FRA,34.84,0.15149,-0.00055807
1936,FRA,34.87,0.16356,0.08060491
1937,FRA,34.79,0.24716,0.50766053
1938,FRA,34.85,0.34745,0.40819398
1939,FRA,34.42,0.39836,0.13237818
1940,FRA,33.85,0.48015,0.18535658
1941,FRA,33.85,0.4666666667,-0.0280815
1942,FRA,33.85,0.4666666667,0.0
1943,FRA,33.85,0.4666666667,0.0
1944,FRA,33.85,0.4666666667,0.0
1945,FRA,34.71,0.5017921147,0.10258732
1946,FRA,34.71,3.45,5.87535714
1947,FRA,34.71,3,-0.13043478
1948,FRA,34.71,5.2,0.73333333
1949,FRA,31.69,3.95,-0.30647619
1950,FRA,34.72,3.91,0.08451894
1951,FRA,34.72,4.26,0.08951407
1952,FRA,34.6,4.12,-0.03620649
1953,FRA,34.84,3.76,-0.08104832
1954,FRA,35.04,3.74,0.00039084
1955,FRA,35.03,3.9,0.04248315
1956,FRA,34.99,4.03,0.03215339
1957,FRA,34.95,4.79,0.18722684
1958,FRA,35.1,4.95,0.03783813
1959,FRA,35.1,4.937060004,-0.00261414
1960,FRA,35.27,4.937060004,0.0048433
1961,FRA,35.25,4.937060004,-0.00056705
1962,FRA,35.23,4.937060004,-0.00056738
1963,FRA,35.09,4.937060004,-0.00397389
1964,FRA,35.1,4.937060004,0.00028498
1965,FRA,35.12,4.937060004,0.0005698
1966,FRA,35.13,4.937060004,0.00028474
1967,FRA,34.95,4.937060004,-0.00512383
1968,FRA,38.925,4.937060004,0.11373391
1969,FRA,41.083,5.554190005,0.18736941
1970,FRA,35.942,5.554190005,-0.12513692
1971,FRA,40.804,5.115721513,0.04565077
1972,FRA,58.159,5.115721513,0.42532595
1973,FRA,97.326,4.7085,0.54023726
1974,FRA,159.245,4.444499999,0.54446214
1975,FRA,161.029,4.485499999,0.02053109
1976,FRA,124.816,4.969749999,-0.14120433
1977,FRA,147.721,4.704999999,0.12046182
1978,FRA,193.239,4.179999999,0.16216876
1979,FRA,306.668,4.019999999,0.52624218
1980,FRA,607.864,4.515999999,1.22672119
1981,FRA,459.754,5.747999999,-0.03732007
1982,FRA,375.797,6.724999999,-0.04367982
1983,FRA,422.53,8.347499999,0.39562384
1984,FRA,360.478,9.592,-0.01966624
1985,FRA,317.908,7.561,-0.30482722
1986,FRA,367.694,6.455,-0.0125796
1987,FRA,446.473,5.34,0.00450862
1988,FRA,437.048,6.059,0.11069197
1989,FRA,381.432,5.788,-0.16628895
1990,FRA,383.467,5.129,-0.10912854
1991,FRA,362.183,5.18,-0.04611257
1992,FRA,343.733,5.5065,0.00887893
1993,FRA,359.77,5.8955,0.1205951
1994,FRA,384.012,5.346,-0.03210519
1995,FRA,384.164,4.9,-0.08306406
1996,FRA,387.696,5.237,0.07860182
1997,FRA,331.096,5.9881,-0.02350711
1998,FRA,294.161,5.6221,-0.16585667
1999,FRA,278.768,6.529534143,0.10063028
2000,FRA,279.032,7.049511016,0.08065704
2001,FRA,270.989,7.443061387,0.02539279
2002,FRA,309.972,6.254953752,-0.03873461
2003,FRA,363.509,5.193642122,-0.02626536
2004,FRA,409.212,4.815777109,0.04382465
2005,FRA,444.843,5.560371281,0.25515053
2006,FRA,604.336,4.980690964,0.21690734
2007,FRA,696.72,4.455926907,0.03140272
2008,FRA,871.707,4.713350578,0.32343904
2009,FRA,972.966,4.553359711,0.07827453
2010,FRA,1224.664,4.909122886,0.35703557
2011,FRA,1569.211,5.069611253,0.32322942
2012,FRA,1669.518,4.971631044,0.04335955
2013,FRA,1411.462,4.756413603,-0.1911671
2014,FRA,1265.578,5.402825138,0.01849998
2015,FRA,1160.663,6.025140075,0.0227358
2016,FRA,1248.988,6.22291054,0.11142084
2017,FRA,1257.559,5.469498874,-0.1150391
2018,FRA,1269.227,5.728882096,0.05714188
2019,FRA,1392.498,5.839033292,0.11821766
2020,FRA,1770.254,5.345587157,0.16384586
2021,FRA,1799.629,5.76586203,0.09651917
2022,FRA,1800.602,6.14631709,0.06656042
2023,FRA,1942.666,5.94297042,0.04320346
2024,FRA,2387.702,6.2971872,0.30234192
2025,FRA,3441.506,6.14631709,0.40681427
1871,GBR,18.93,0.1832,0.02346369
1872,GBR,18.94,0.1837,0.00325896
1873,GBR,18.94,0.1803,-0.01850844
1874,GBR,18.94,0.1845,0.02329451
1875,GBR,18.94,0.1789,-0.0303523
1876,GBR,18.94,0.1844,0.03074343
1877,GBR,18.94,0.197,0.06832972
1878,GBR,18.94,0.2045,0.03807107
1879,GBR,18.94,0.206,0.00733496
1880,GBR,18.94,0.2064,0.00194175
1881,GBR,18.94,0.207,0.00290698
1882,GBR,18.94,0.2053,-0.00821256
1883,GBR,18.94,0.2062,0.00438383
1884,GBR,18.94,0.206,-0.00096993
1885,GBR,18.94,0.2059,-0.00048544
1886,GBR,18.94,0.2057,-0.00097135
1887,GBR,18.94,0.2061,0.00194458
1888,GBR,18.94,0.2053,-0.00388161
1889,GBR,18.93,0.2054,-4.115e-05
1890,GBR,18.94,0.2057,0.0019896
1891,GBR,18.96,0.2057,0.00105597
1892,GBR,18.96,0.2052,-0.00243072
1893,GBR,18.96,0.2056,0.00194932
1894,GBR,18.94,0.205,-0.00397006
1895,GBR,18.93,0.2046,-0.00247817
1896,GBR,18.98,0.2053,0.00607166
1897,GBR,18.98,0.2056,0.00146128
1898,GBR,18.98,0.2063,0.00340467
1899,GBR,18.94,0.2056,-0.00549345
1900,GBR,18.96,0.2056,0.00105597
1901,GBR,18.98,0.2052,-0.00089273
1902,GBR,18.97,0.2053,-3.98e-05
1903,GBR,18.95,0.2056,0.00040544
1904,GBR,18.96,0.2054,-0.00044557
1905,GBR,18.92,0.2056,-0.00113805
1906,GBR,18.9,0.2061,0.00137225
1907,GBR,18.94,0.2058,0.00065772
1908,GBR,18.95,0.2055,-0.00093051
1909,GBR,18.96,0.2052,-0.00093292
1910,GBR,18.92,0.2056,-0.0001645
1911,GBR,18.92,0.2057,0.00048638
1912,GBR,18.93,0.2055,-0.00044426
1913,GBR,18.92,0.2054,-0.00101462
1914,GBR,18.99,0.2028,-0.00900527
1915,GBR,18.99,0.2102,0.03648915
1916,GBR,18.99,0.2098,-0.00190295
1917,GBR,18.99,0.2099,0.00047664
1918,GBR,18.99,0.2099,0.0
1919,GBR,19.95,0.2259,0.13063318
1920,GBR,20.68,0.2729,0.25226124
1921,GBR,20.58,0.2598,-0.0526064
1922,GBR,20.66,0.2258,-0.12749136
1923,GBR,21.32,0.2186,-0.00095948
1924,GBR,20.69,0.2264,0.00507751
1925,GBR,20.64,0.2071,-0.08745797
1926,GBR,20.63,0.2058,-0.00675862
1927,GBR,20.64,0.2057,-1.41e-06
1928,GBR,20.66,0.2055,-4.24e-06
1929,GBR,20.63,0.2059,0.00049156
1930,GBR,20.65,0.2057,-2.83e-06
1931,GBR,17.06,0.2205,-0.11440884
1932,GBR,20.69,0.2852,0.56863677
1933,GBR,26.33,0.236,0.05305935
1934,GBR,34.69,0.1985,0.10815867
1935,GBR,34.84,0.204,0.03215163
1936,GBR,34.87,0.2012,-0.01287623
1937,GBR,34.79,0.2023,0.00316042
1938,GBR,34.85,0.2045,0.01261833
1939,GBR,34.42,0.2255,0.08908385
1940,GBR,33.85,0.2611,0.13869689
1941,GBR,33.85,0.248,-0.05017235
1942,GBR,33.85,0.2478,-0.00080645
1943,GBR,33.85,0.2478,0.0
1944,GBR,33.85,0.2478,0.0
1945,GBR,34.71,0.2481,0.02664762
1946,GBR,34.71,0.3333333333,0.34354427
1947,GBR,34.71,0.4,0.2
1948,GBR,34.71,0.3300330033,-0.17491749
1949,GBR,31.69,0.4201680672,0.1623403
1950,GBR,34.72,0.3968253968,0.03474633
1951,GBR,34.72,0.4184100418,0.05439331
1952,GBR,34.6,0.3773584906,-0.10123033
1953,GBR,34.84,0.3717472119,-0.00803662
1954,GBR,35.04,0.3731343284,0.00949329
1955,GBR,35.03,0.36900369,-0.01135234
1956,GBR,34.99,0.3589890869,-0.02825046
1957,GBR,34.95,0.3497237184,-0.02692329
1958,GBR,35.1,0.3568242642,0.02468228
1959,GBR,35.1,0.3571428573,0.00089286
1960,GBR,35.27,0.3566588203,0.00348144
1961,GBR,35.25,0.3561126742,-0.00209747
1962,GBR,35.23,0.3568242642,0.00142971
1963,GBR,35.09,0.357577058,-0.00187256
1964,GBR,35.1,0.358410093,0.00261531
1965,GBR,35.12,0.3567860712,-0.00396396
1966,GBR,35.13,0.3583972476,0.00480183
1967,GBR,34.95,0.4155757804,0.15359826
1968,GBR,38.925,0.4193927195,0.12396322
1969,GBR,41.083,0.4165451745,0.04827384
1970,GBR,35.942,0.4177632955,-0.12257852
1971,GBR,40.804,0.3917727719,0.06464414
1972,GBR,58.159,0.4258762405,0.54939929
1973,GBR,97.326,0.4304407715,0.69138289
1974,GBR,159.245,0.4258037047,0.61857551
1975,GBR,161.029,0.4941932298,0.17361499
1976,GBR,124.816,0.5874060154,-0.0786858
1977,GBR,147.721,0.5246589719,0.0570869
1978,GBR,193.239,0.4915212585,0.2255125
1979,GBR,306.668,0.449640288,0.4517659
1980,GBR,607.864,0.4192872119,0.84835064
1981,GBR,459.754,0.5241090149,-0.05457059
1982,GBR,375.797,0.6193868074,-0.03402005
1983,GBR,422.53,0.6893699164,0.25139558
1984,GBR,360.478,0.8646779082,0.07009726
1985,GBR,317.908,0.6922810666,-0.29392508
1986,GBR,367.694,0.6781959986,0.13307291
1987,GBR,446.473,0.5343307507,-0.04332681
1988,GBR,437.048,0.5526388505,0.01243041
1989,GBR,381.432,0.6228589225,-0.01635981
1990,GBR,383.467,0.5186721992,-0.16282905
1991,GBR,362.183,0.5345592559,-0.02657398
1992,GBR,343.733,0.6613756614,0.17420932
1993,GBR,359.77,0.6751282744,0.0684195
1994,GBR,384.012,0.64,0.01184392
1995,GBR,384.164,0.6451612903,0.00846353
1996,GBR,387.696,0.5889281508,-0.07876874
1997,GBR,331.096,0.6046680372,-0.12316614
1998,GBR,294.161,0.6011421701,-0.11673435
1999,GBR,278.768,0.6186587478,-0.02471445
2000,GBR,279.032,0.6701514542,0.08425866
2001,GBR,270.989,0.6894649752,-0.00083573
2002,GBR,309.972,0.6204243703,0.02931296
2003,GBR,363.509,0.5603182608,0.05910405
2004,GBR,409.212,0.5177591384,0.04022237
2005,GBR,444.843,0.5807538185,0.21933405
2006,GBR,604.336,0.5094243505,0.19167912
2007,GBR,696.72,0.4991514425,0.12962018
2008,GBR,871.707,0.685965153,0.71942002
2009,GBR,972.966,0.6174745292,0.00471786
2010,GBR,1224.664,0.6387735548,0.30210848
2011,GBR,1569.211,0.6467886941,0.2974179
2012,GBR,1669.518,0.6337135615,0.04241426
2013,GBR,1411.462,0.6072382803,-0.18988957
2014,GBR,1265.578,0.6406970784,-0.05395166
2015,GBR,1160.663,0.6748093664,-0.03407016
2016,GBR,1248.988,0.8128759551,0.2962695
2017,GBR,1257.559,0.7401102764,-0.08326828
2018,GBR,1269.227,0.7876806743,0.0741494
2019,GBR,1392.498,0.7621079907,0.06150392
2020,GBR,1770.254,0.7451564829,0.24300242
2021,GBR,1799.629,0.738,0.0068303
2022,GBR,1800.602,0.827,0.12120208
2023,GBR,1942.666,0.786,0.02540976
2024,GBR,2387.702,0.795,0.24315868
2025,GBR,3441.506,0.776,0.40689926
1871,ITA,18.93,4.8808144,0.03866827
1872,ITA,18.94,5.0376051,0.03266911
1873,ITA,18.94,5.2007535,0.0323861
1874,ITA,18.94,5.241645,0.00786261
1875,ITA,18.94,4.8778874,-0.0693976
1876,ITA,18.94,5.0501628,0.03531763
1877,ITA,18.94,5.439564,0.07710666
1878,ITA,18.94,5.645836,0.03792069
1879,ITA,18.94,5.77521,0.02291494
1880,ITA,18.94,5.7218208,-0.00924455
1881,ITA,18.94,5.37,-0.06148756
1882,ITA,18.94,5.4,0.00558659
1883,ITA,18.94,5.3,-0.01851852
1884,ITA,18.94,5.28,-0.00377358
1885,ITA,18.94,5.31,0.00568182
1886,ITA,18.94,5.28,-0.00564972
1887,ITA,18.94,5.35,0.01325758
1888,ITA,18.94,5.34,-0.00186916
1889,ITA,18.93,5.32,-0.00427132
1890,ITA,18.94,5.37,0.00993172
1891,ITA,18.96,5.38,0.00292013
1892,ITA,18.96,5.44,0.01115242
1893,ITA,18.96,5.71,0.04963235
1894,ITA,18.94,5.81,0.01643981
1895,ITA,18.93,5.53,-0.04869531
1896,ITA,18.98,5.66,0.02621154
1897,ITA,18.98,5.53,-0.0229682
1898,ITA,18.98,5.71,0.03254973
1899,ITA,18.94,5.57,-0.0265742
1900,ITA,18.96,5.51,-0.0097274
1901,ITA,18.98,5.39,-0.02074671
1902,ITA,18.97,5.23,-0.03019583
1903,ITA,18.95,5.17,-0.01251448
1904,ITA,18.96,5.17,0.0005277
1905,ITA,18.92,5.16,-0.00403986
1906,ITA,18.9,5.18,0.00281479
1907,ITA,18.94,5.17,0.00018181
1908,ITA,18.95,5.16,-0.00140727
1909,ITA,18.96,5.19,0.00634473
1910,ITA,18.92,5.21,0.00173573
1911,ITA,18.92,5.22,0.00191939
1912,ITA,18.93,5.23,0.00244526
1913,ITA,18.92,5.264,0.00596926
1914,ITA,18.99,5.195,-0.00945661
1915,ITA,18.99,6.05,0.16458133
1916,ITA,18.99,6.55,0.08264463
1917,ITA,18.99,7.509,0.14641221
1918,ITA,18.99,7.862,0.04701025
1919,ITA,19.95,8.796,0.17535786
1920,ITA,20.68,20.121,1.37122068
1921,ITA,20.58,23.29,0.15189996
1922,ITA,20.66,21.027,-0.09365661
1923,ITA,21.32,21.732,0.0665452
1924,ITA,20.69,22.946,0.02466189
1925,ITA,20.64,25.141,0.09301157
1926,ITA,20.63,25.711,0.02217665
1927,ITA,20.64,19.395,-0.24528796
1928,ITA,20.66,19.022,-0.0182814
1929,ITA,20.63,19.108,0.00306243
1930,ITA,20.65,19.093,0.00018369
1931,ITA,17.06,19.207,-0.16891712
1932,ITA,20.69,19.511,0.23197376
1933,ITA,26.33,14.904,-0.02789387
1934,ITA,34.69,11.68,0.03250804
1935,ITA,34.84,12.125,0.04258807
1936,ITA,34.87,13.714,0.13202547
1937,ITA,34.79,19.009,0.38292175
1938,ITA,34.85,19.01,0.00177733
1939,ITA,34.42,19.246,-7.725e-05
1940,ITA,33.85,19.839,0.01374121
1941,ITA,33.85,19.7227,-0.00586219
1942,ITA,33.85,225.53,10.43504693
1943,ITA,33.85,269.179,0.19353966
1944,ITA,33.85,574.713,1.13505883
1945,ITA,34.71,588.582,0.05015135
1946,ITA,34.71,675,0.14682406
1947,ITA,34.71,585,-0.13333333
1948,ITA,34.71,660,0.12820513
1949,ITA,31.69,665,-0.08009001
1950,ITA,34.72,700,0.15327764
1951,ITA,34.72,690,-0.01428571
1952,ITA,34.6,634,-0.08433514
1953,ITA,34.84,629,-0.00100472
1954,ITA,35.04,638.5,0.02093057
1955,ITA,35.03,635.5,-0.00498256
1956,ITA,34.99,624.97,-0.01769259
1957,ITA,34.95,624.89,-0.00127104
1958,ITA,35.1,624,0.00286148
1959,ITA,35.1,620.6,-0.00544872
1960,ITA,35.27,620.6,0.0048433
1961,ITA,35.25,620.6,-0.00056705
1962,ITA,35.23,620.6,-0.00056738
1963,ITA,35.09,622.38,-0.00111709
1964,ITA,35.1,624.8,0.00417439
1965,ITA,35.12,624.7,0.00040966
1966,ITA,35.13,624.45,-0.00011557
1967,ITA,34.95,623.86,-0.00606382
1968,ITA,38.925,623.5,0.11309122
1969,ITA,41.083,625.5,0.05882548
1970,ITA,35.942,623,-0.12863357
1971,ITA,40.804,594,0.0824277
1972,ITA,58.159,582.5,0.39773125
1973,ITA,97.326,607.92,0.74647529
1974,ITA,159.245,649.43,0.74792521
1975,ITA,161.029,683.55,0.06432982
1976,ITA,124.816,875,-0.00778925
1977,ITA,147.721,871.55,0.17884372
1978,ITA,193.239,829.75,0.24539609
1979,ITA,306.668,804,0.53773843
1980,ITA,607.864,930.5,1.29402577
1981,ITA,459.754,1200,-0.02459728
1982,ITA,375.797,1370,-0.06681637
1983,ITA,422.53,1659.5,0.36194927
1984,ITA,360.478,1935.88,-0.00477245
1985,ITA,317.908,1678.5,-0.23534487
1986,ITA,367.694,1358.13,-0.0641525
1987,ITA,446.473,1169.25,0.04538122
1988,ITA,437.048,1305.77,0.09318394
1989,ITA,381.432,1270.5,-0.1508274
1990,ITA,383.467,1130.15,-0.10572253
1991,ITA,362.183,1151.06,-0.03802909
1992,ITA,343.733,1470.86,0.21273676
1993,ITA,359.77,1703.97,0.21253511
1994,ITA,384.012,1629.74,0.02088361
1995,ITA,384.164,1584.72,-0.02723915
1996,ITA,387.696,1530.5699,-0.02529031
1997,ITA,331.096,1759.1899,-0.01842798
1998,ITA,294.161,1653.1,-0.16513249
1999,ITA,278.768,1927.403942,0.10492155
2000,ITA,279.032,2080.891994,0.08065704
2001,ITA,270.989,2197.06116,0.02539279
2002,ITA,309.972,1846.352627,-0.03873461
2003,ITA,363.509,1533.072051,-0.02626536
2004,ITA,409.212,1421.532927,0.04382465
2005,ITA,444.843,1641.324065,0.25515053
2006,ITA,604.336,1470.212604,0.21690734
2007,ITA,696.72,1315.31146,0.03140272
2008,ITA,871.707,1391.298412,0.32343904
2009,ITA,972.966,1344.071914,0.07827453
2010,ITA,1224.664,1449.086963,0.35703557
2011,ITA,1569.211,1496.460314,0.32322942
2012,ITA,1669.518,1467.538275,0.04335955
2013,ITA,1411.462,1404.009862,-0.1911671
2014,ITA,1265.578,1594.819208,0.01849998
2015,ITA,1160.663,1778.515661,0.0227358
2016,ITA,1248.988,1836.894033,0.11142084
2017,ITA,1257.559,1614.500125,-0.1150391
2018,ITA,1269.227,1691.065502,0.05714188
2019,ITA,1392.498,1723.580203,0.11821766
2020,ITA,1770.254,1577.92356,0.16384586
2021,ITA,1799.629,1701.98133,0.09651917
2022,ITA,1800.602,1814.28499,0.06656042
2023,ITA,1942.666,1754.26062,0.04320346
2024,ITA,2387.702,1858.8192,0.30234192
2025,ITA,3441.506,1814.28499,0.40681427
1886,JPN,18.94,1.374570447,0.12371134
1887,JPN,18.94,1.369863014,-0.00342466
1888,JPN,18.94,1.379310345,0.00689655
1889,JPN,18.93,1.360544218,-0.01412624
1890,JPN,18.94,1.337792642,-0.01620298
1891,JPN,18.96,1.333333333,-0.00228089
1892,JPN,18.96,1.526717557,0.14503817
1893,JPN,18.96,1.834862385,0.20183486
1894,JPN,18.94,1.746724891,-0.04903912
1895,JPN,18.93,2.139037433,0.22395236
1896,JPN,18.98,2.01511335,-0.05544622
1897,JPN,18.98,2.077922078,0.03116883
1898,JPN,18.98,2.06185567,-0.00773196
1899,JPN,18.94,2.030456853,-0.01730381
1900,JPN,18.96,2.040816327,0.00616339
1901,JPN,18.98,2.03562341,-0.00149236
1902,JPN,18.97,2.025316456,-0.00558749
1903,JPN,18.95,2.040816327,0.0065907
1904,JPN,18.96,2.05655527,0.00824386
1905,JPN,18.92,2.03562341,-0.01226635
1906,JPN,18.9,2.030456853,-0.00359247
1907,JPN,18.94,2.030456853,0.0021164
1908,JPN,18.95,2.030456853,0.00052798
1909,JPN,18.96,2.025316456,-0.00200528
1910,JPN,18.92,2.030456853,0.00042301
1911,JPN,18.92,2.030456853,0.0
1912,JPN,18.93,2.030456853,0.00052854
1913,JPN,18.92,2.03562341,0.00201492
1914,JPN,18.99,2.040816327,0.00626025
1915,JPN,18.99,2.083333333,0.02083333
1916,JPN,18.99,1.97,-0.0544
1917,JPN,18.99,1.95,-0.01015228
1918,JPN,18.99,1.89,-0.03076923
1919,JPN,19.95,1.95,0.08390381
1920,JPN,20.68,1.99,0.05785489
1921,JPN,20.58,2.07,0.03517102
1922,JPN,20.66,2.09,0.01358666
1923,JPN,21.32,2.06,0.01713317
1924,JPN,20.69,2.43,0.14475446
1925,JPN,20.64,2.44,0.00168865
1926,JPN,20.63,2.12,-0.1315685
1927,JPN,20.64,2.11,-0.00423454
1928,JPN,20.66,2.15,0.01994471
1929,JPN,20.63,2.17,0.00783674
1930,JPN,20.65,2.02,-0.06822198
1931,JPN,17.06,2.05,-0.16158032
1932,JPN,20.69,3.56,1.10609327
1933,JPN,26.33,3.9,0.39413547
1934,JPN,34.69,3.37,0.13846251
1935,JPN,34.84,3.48,0.0371061
1936,JPN,34.87,3.45,-0.00776703
1937,JPN,34.79,3.47,0.00348957
1938,JPN,34.85,3.52,0.01615871
1939,JPN,34.42,3.85,0.08025466
1940,JPN,33.85,4.27,0.09072421
1941,JPN,33.85,4.27,0.0
1942,JPN,33.85,4.29,0.00468384
1943,JPN,33.85,4.29,0.0
1944,JPN,33.85,4.29,0.0
1945,JPN,34.71,6.9,0.64925473
1946,JPN,34.71,180,25.08695652
1947,JPN,34.71,238,0.32222222
1948,JPN,34.71,310,0.30252101
1949,JPN,31.69,595,0.75235825
1950,JPN,34.72,425,-0.21741874
1951,JPN,34.72,435,0.02352941
1952,JPN,34.6,415,-0.04927433
1953,JPN,34.84,435,0.05546347
1954,JPN,35.04,424,-0.01969199
1955,JPN,35.03,401,-0.05451519
1956,JPN,34.99,402,0.00134904
1957,JPN,34.95,400,-0.00611262
1958,JPN,35.1,391,-0.01830472
1959,JPN,35.1,402,0.02813299
1960,JPN,35.27,380,-0.05014812
1961,JPN,35.25,373,-0.01897766
1962,JPN,35.23,398.5,0.06775845
1963,JPN,35.09,381,-0.04771405
1964,JPN,35.1,380,-0.00234044
1965,JPN,35.12,386,0.01636827
1966,JPN,35.13,384,-0.00489808
1967,JPN,34.95,386,5.782e-05
1968,JPN,38.925,373,0.07622473
1969,JPN,41.083,376,0.06392874
1970,JPN,35.942,380,-0.11582986
1971,JPN,40.804,314.8,-0.05951554
1972,JPN,58.159,302,0.36737114
1973,JPN,97.326,280,0.5515402
1974,JPN,159.245,300.95,0.75862502
1975,JPN,161.029,305.15,0.02531502
1976,JPN,124.816,292.8,-0.25625534
1977,JPN,147.721,240,-0.02990973
1978,JPN,193.239,194.6,0.06067941
1979,JPN,306.668,239.7,0.95478446
1980,JPN,607.864,203,0.67867246
1981,JPN,459.754,219.9,-0.18068995
1982,JPN,375.797,235,-0.12648488
1983,JPN,422.53,232.2,0.11096044
1984,JPN,360.478,251.1,-0.07741644
1985,JPN,317.908,200.5,-0.29580918
1986,JPN,367.694,159.1,-0.08221514
1987,JPN,446.473,123.5,-0.05744775
1988,JPN,437.048,125.85,-0.00248325
1989,JPN,381.432,143.45,-0.00520104
1990,JPN,383.467,134.4,-0.05808961
1991,JPN,362.183,125.2,-0.12015712
1992,JPN,343.733,124.75,-0.05435225
1993,JPN,359.77,111.85,-0.0615759
1994,JPN,384.012,99.74,-0.04818351
1995,JPN,384.164,102.83,0.03138863
1996,JPN,387.696,116,0.13844698
1997,JPN,331.096,129.95,-0.04328869
1998,JPN,294.161,115.6,-0.20966228
1999,JPN,278.768,102.2,-0.16217968
2000,JPN,279.032,114.9,0.12533085
2001,JPN,270.989,131.8,0.11402011
2002,JPN,309.972,119.9,0.04057785
2003,JPN,363.509,107.1,0.04752161
2004,JPN,409.212,104.12,0.09440453
2005,JPN,444.843,117.97,0.23167413
2006,JPN,604.336,118.95,0.36982337
2007,JPN,696.72,114,0.10489299
2008,JPN,871.707,90.75,-0.00401216
2009,JPN,972.966,92.06,0.13227382
2010,JPN,1224.664,81.45,0.11362611
2011,JPN,1569.211,77.72,0.2226611
2012,JPN,1669.518,86.55,0.18479726
2013,JPN,1411.462,105.3,0.0285831
2014,JPN,1265.578,120.64,0.02726545
2015,JPN,1160.663,120.5,-0.08396316
2016,JPN,1248.988,116.8,0.04305671
2017,JPN,1257.559,112.9,-0.02675719
2018,JPN,1269.227,110.83,-0.00922663
2019,JPN,1392.498,109.12,0.08019535
2020,JPN,1770.254,103.63,0.20731931
2021,JPN,1799.629,115.08,0.12891633
2022,JPN,1800.602,131.5,0.14330116
2023,JPN,1942.666,141,0.15684126
2024,JPN,2387.702,151,0.31625435
2025,JPN,3441.506,145,0.38407449
1900,NLD,18.96,2.485704,-0.00034966
1901,NLD,18.98,2.4796368,-0.00138856
1902,NLD,18.97,2.4892625,0.00335298
1903,NLD,18.95,2.485704,-0.00248233
1904,NLD,18.96,2.4783564,-0.0024298
1905,NLD,18.92,2.4848816,0.00051761
1906,NLD,18.9,2.4962832,0.00352645
1907,NLD,18.94,2.4875046,-0.00140771
1908,NLD,18.95,2.4822345,-0.00159176
1909,NLD,18.96,2.4806628,-0.00010581
1910,NLD,18.92,2.48262,-0.00132239
1911,NLD,18.92,2.4852674,0.00106637
1912,NLD,18.93,2.482029,-0.00077519
1913,NLD,18.92,2.4925,0.00368824
1914,NLD,18.99,2.4622,-0.00850166
1915,NLD,18.99,2.4696,0.00300544
1916,NLD,18.99,2.3915,-0.03162455
1917,NLD,18.99,2.3825,-0.00376333
1918,NLD,18.99,2.1256,-0.10782791
1919,NLD,19.95,2.5545,0.26253173
1920,NLD,20.68,2.9054,0.17898332
1921,NLD,20.58,2.972,0.0179764
1922,NLD,20.66,2.5976,-0.12257821
1923,NLD,21.32,2.5575,0.0160153
1924,NLD,20.69,2.6171,-0.00693434
1925,NLD,20.64,2.49,-0.05086447
1926,NLD,20.63,2.4939,0.00108101
1927,NLD,20.64,2.4934,0.00028414
1928,NLD,20.66,2.4861,-0.00196157
1929,NLD,20.63,2.4899,7.42e-05
1930,NLD,20.65,2.486,-0.00059838
1931,NLD,17.06,2.4857,-0.17394958
1932,NLD,20.69,2.4817,0.21082682
1933,NLD,26.33,1.9335,-0.00851702
1934,NLD,34.69,1.4841,0.01128235
1935,NLD,34.84,1.4768,-0.00061606
1936,NLD,34.87,1.5509,0.05108034
1937,NLD,34.79,1.8167,0.16869693
1938,NLD,34.85,1.8179,0.00238631
1939,NLD,34.42,1.8749,0.01862939
1940,NLD,33.85,1.8823,-0.01267862
1941,NLD,33.85,1.88,-0.00122191
1942,NLD,33.85,1.879194631,-0.00042839
1943,NLD,33.85,1.879194631,0.0
1944,NLD,33.85,1.879194631,0.0
1945,NLD,34.71,2.65,0.44600586
1946,NLD,34.71,6.5,1.45283019
1947,NLD,34.71,5.85,-0.1
1948,NLD,34.71,5.1,-0.12820513
1949,NLD,31.69,4.15,-0.25707402
1950,NLD,34.72,4.11,0.08505363
1951,NLD,34.72,4.23,0.02919708
1952,NLD,34.6,3.94,-0.07177719
1953,NLD,34.84,3.82,-0.0237317
1954,NLD,35.04,3.76,-0.01005644
1955,NLD,35.03,3.83,0.01832632
1956,NLD,34.99,3.829999999,-0.00114188
1957,NLD,34.95,3.790999999,-0.01131431
1958,NLD,35.1,3.774999999,5.321e-05
1959,NLD,35.1,3.769999999,-0.0013245
1960,NLD,35.27,3.769999999,0.0048433
1961,NLD,35.25,3.599999999,-0.04563432
1962,NLD,35.23,3.599999999,-0.00056738
1963,NLD,35.09,3.599999999,-0.00397389
1964,NLD,35.1,3.591999999,-0.00193787
1965,NLD,35.12,3.610999999,0.00586235
1966,NLD,35.13,3.613999999,0.00111577
1967,NLD,34.95,3.595999999,-0.01007894
1968,NLD,38.925,3.605999999,0.11683105
1969,NLD,41.083,3.623999999,0.06070837
1970,NLD,35.942,3.596999999,-0.13165494
1971,NLD,40.804,3.258099999,0.02831098
1972,NLD,58.159,3.226499999,0.41150185
1973,NLD,97.326,2.824499999,0.4649468
1974,NLD,159.245,2.506499999,0.45198811
1975,NLD,161.029,2.688499999,0.08462753
1976,NLD,124.816,2.456999999,-0.29162817
1977,NLD,147.721,2.279999999,0.09825116
1978,NLD,193.239,1.968999999,0.12970074
1979,NLD,306.668,1.905499999,0.53580797
1980,NLD,607.864,2.129499999,1.21516792
1981,NLD,459.754,2.468499999,-0.12325241
1982,NLD,375.797,2.624499999,-0.13095706
1983,NLD,422.53,3.064499999,0.31285659
1984,NLD,360.478,3.5495,-0.01183659
1985,NLD,317.908,2.771999999,-0.31127042
1986,NLD,367.694,2.192,-0.08539744
1987,NLD,446.473,1.7775,-0.01535945
1988,NLD,437.048,1.9995,0.10114811
1989,NLD,381.432,1.9155,-0.16391827
1990,NLD,383.467,1.69,-0.11301675
1991,NLD,362.183,1.7104,-0.04410311
1992,NLD,343.733,1.8141,0.00659948
1993,NLD,359.77,1.9409,0.11981339
1994,NLD,384.012,1.7351,-0.04579607
1995,NLD,384.164,1.6044,-0.07496107
1996,NLD,387.696,1.7436,0.09675308
1997,NLD,331.096,2.0172,-0.01198233
1998,NLD,294.161,1.8888,-0.16810565
1999,NLD,278.768,2.193619351,0.10060915
2000,NLD,279.032,2.368307362,0.08065704
2001,NLD,270.989,2.500521956,0.02539279
2002,NLD,309.972,2.101373129,-0.03873461
2003,NLD,363.509,1.744821853,-0.02626536
2004,NLD,409.212,1.617876808,0.04382465
2005,NLD,444.843,1.868025769,0.25515053
2006,NLD,604.336,1.673280182,0.21690734
2007,NLD,696.72,1.496983901,0.03140272
2008,NLD,871.707,1.583466264,0.32343904
2009,NLD,972.966,1.529716785,0.07827453
2010,NLD,1224.664,1.649236641,0.35703557
2011,NLD,1569.211,1.703153258,0.32322942
2012,NLD,1669.518,1.670236471,0.04335955
2013,NLD,1411.462,1.597933435,-0.1911671
2014,NLD,1265.578,1.815097603,0.01849998
2015,NLD,1160.663,2.024166437,0.0227358
2016,NLD,1248.988,2.090608102,0.11142084
2017,NLD,1257.559,1.837496873,-0.1150391
2018,NLD,1269.227,1.924637555,0.05714188
2019,NLD,1392.498,1.961643226,0.11821766
2020,NLD,1770.254,1.795868307,0.16384586
2021,NLD,1799.629,1.93706109,0.09651917
2022,NLD,1800.602,2.06487627,0.06656042
2023,NLD,1942.666,1.99656126,0.04320346
2024,NLD,2387.702,2.1155616,0.30234192
2025,NLD,3441.506,2.06487627,0.40681427
1881,NOR,18.94,3.7674,0.00733482
1882,NOR,18.94,3.722089,-0.01202713
1883,NOR,18.94,3.740468,0.00493782
1884,NOR,18.94,3.75538,0.00398667
1885,NOR,18.94,3.741203,-0.00377512
1886,NOR,18.94,3.729341,-0.00317064
1887,NOR,18.94,3.736593,0.00194458
1888,NOR,18.94,3.732354,-0.00113446
1889,NOR,18.93,3.72801,-0.00169125
1890,NOR,18.94,3.739626,0.00364578
1891,NOR,18.96,3.731398,-0.00114658
1892,NOR,18.96,3.718224,-0.00353058
1893,NOR,18.96,3.729584,0.00305522
1894,NOR,18.94,3.7146,-0.00506822
1895,NOR,18.93,3.71349,-0.00082665
1896,NOR,18.98,3.730301,0.00718028
1897,NOR,18.98,3.73164,0.00035895
1898,NOR,18.98,3.762912,0.00838023
1899,NOR,18.94,3.764536,-0.00167681
1900,NOR,18.96,3.737808,-0.00605148
1901,NOR,18.98,3.722328,-0.00309098
1902,NOR,18.97,3.732354,0.00216519
1903,NOR,18.95,3.739864,0.00095572
1904,NOR,18.96,3.723902,-0.00374262
1905,NOR,18.92,3.735752,0.00106573
1906,NOR,18.9,3.765447,0.00688338
1907,NOR,18.94,3.780546,0.00613477
1908,NOR,18.95,3.7401,-0.01017612
1909,NOR,18.96,3.736692,-0.00038398
1910,NOR,18.92,3.737808,-0.00181167
1911,NOR,18.92,3.745797,0.00213735
1912,NOR,18.93,3.742155,-0.00044426
1913,NOR,18.92,3.742388,-0.00046603
1914,NOR,18.99,3.920124,0.05136817
1915,NOR,18.99,3.69,-0.05870325
1916,NOR,18.99,3.64,-0.01355014
1917,NOR,18.99,3.06,-0.15934066
1918,NOR,18.99,3.57,0.16666667
1919,NOR,19.95,4.88,0.43604993
1920,NOR,20.68,6.81,0.44655491
1921,NOR,20.58,6.6,-0.03552348
1922,NOR,20.66,5.3,-0.1938481
1923,NOR,21.32,6.71,0.30648231
1924,NOR,20.69,6.65,-0.03822737
1925,NOR,20.64,4.93,-0.26043819
1926,NOR,20.63,3.965,-0.19613003
1927,NOR,20.64,3.758,-0.05174738
1928,NOR,20.66,3.75,-0.00116186
1929,NOR,20.63,3.73,-0.00677767
1930,NOR,20.65,3.74,0.00365303
1931,NOR,17.06,5.433,0.20012663
1932,NOR,20.69,5.95,0.32818547
1933,NOR,26.33,3.92,-0.16158417
1934,NOR,34.69,4.045,0.35952094
1935,NOR,34.84,4.058,0.00755175
1936,NOR,34.87,4.073,0.00456066
1937,NOR,34.79,4.001,-0.01993107
1938,NOR,34.85,4.278,0.07107673
1939,NOR,34.42,4.4,0.01582753
1940,NOR,33.85,4.393432336,-0.01802807
1941,NOR,33.85,4.387872452,-0.0012655
1942,NOR,33.85,4.380554104,-0.00166786
1943,NOR,33.85,4.380554104,0.0
1944,NOR,33.85,4.380554104,0.0
1945,NOR,34.71,4.717937169,0.1043813
1946,NOR,34.71,7,0.48369928
1947,NOR,34.71,8,0.14285714
1948,NOR,34.71,9.25,0.15625
1949,NOR,31.69,9.2,-0.09194173
1950,NOR,34.72,9.7,0.15515798
1951,NOR,34.72,8.8,-0.09278351
1952,NOR,34.6,7.79,-0.11783227
1953,NOR,34.84,7.79,0.00693642
1954,NOR,35.04,7.93,0.02381545
1955,NOR,35.03,7.64,-0.03684494
1956,NOR,34.99,7.52,-0.01683075
1957,NOR,34.95,7.45,-0.01044105
1958,NOR,35.1,7.149999999,-0.03614944
1959,NOR,35.1,7.154999999,0.0006993
1960,NOR,35.27,7.147499999,0.00379001
1961,NOR,35.25,7.134999999,-0.00231493
1962,NOR,35.23,7.149999999,0.00153374
1963,NOR,35.09,7.162499999,-0.00223258
1964,NOR,35.1,7.159999999,-6.416e-05
1965,NOR,35.12,7.149999999,-0.00082764
1966,NOR,35.13,7.154999999,0.00098424
1967,NOR,34.95,7.149999999,-0.00581906
1968,NOR,38.925,7.149999999,0.11373391
1969,NOR,41.083,7.149999999,0.05543995
1970,NOR,35.942,7.139999999,-0.1263605
1971,NOR,40.804,6.709999999,0.06690268
1972,NOR,58.159,6.639999999,0.41045668
1973,NOR,97.326,5.727499999,0.44347399
1974,NOR,159.245,5.204999999,0.48693699
1975,NOR,161.029,5.584999999,0.08502747
1976,NOR,124.816,5.184999999,-0.28039902
1977,NOR,147.721,5.139499999,0.17312445
1978,NOR,193.239,5.022499999,0.27835542
1979,NOR,306.668,4.925999999,0.55649648
1980,NOR,607.864,5.179999999,1.08436281
1981,NOR,459.754,5.807499999,-0.15203378
1982,NOR,375.797,7.053999999,-0.00717197
1983,NOR,422.53,7.72218,0.23086014
1984,NOR,360.478,9.087,0.00392628
1985,NOR,317.908,7.5825,-0.26410715
1986,NOR,367.694,7.4,0.12876722
1987,NOR,446.473,6.2325,0.02267873
1988,NOR,437.048,6.57,0.03189859
1989,NOR,381.432,6.615,-0.12127604
1990,NOR,383.467,5.9075,-0.10218935
1991,NOR,362.183,5.973,-0.04503193
1992,NOR,343.733,6.9245,0.10024416
1993,NOR,359.77,7.518,0.1363644
1994,NOR,384.012,6.762,-0.03995256
1995,NOR,384.164,6.319,-0.06514327
1996,NOR,387.696,6.4425,0.02891791
1997,NOR,331.096,7.3157,-0.03024043
1998,NOR,294.161,7.6,-0.07702728
1999,NOR,278.768,8.0395,0.00247436
2000,NOR,279.032,8.8485,0.10167047
2001,NOR,270.989,9.0116,-0.01092346
2002,NOR,309.972,6.9657,-0.1158343
2003,NOR,363.509,6.68,0.12461636
2004,NOR,409.212,6.04,0.01787317
2005,NOR,444.843,6.77,0.21845678
2006,NOR,604.336,6.26,0.25619589
2007,NOR,696.72,5.41,-0.00367106
2008,NOR,871.707,7,0.61887394
2009,NOR,972.966,5.78,-0.07836931
2010,NOR,1224.664,5.86,0.2761128
2011,NOR,1569.211,5.99,0.30976566
2012,NOR,1669.518,5.57,-0.01067693
2013,NOR,1411.462,6.08,-0.07715988
2014,NOR,1265.578,7.43,0.09573355
2015,NOR,1160.663,8.81,0.08743753
2016,NOR,1248.988,8.62,0.05289117
2017,NOR,1257.559,8.21,-0.04102785
2018,NOR,1269.227,8.69,0.06828604
2019,NOR,1392.498,8.78,0.1084855
2020,NOR,1770.254,8.53,0.23508122
2021,NOR,1799.629,8.82,0.05115546
2022,NOR,1800.602,9.858,0.11829137
2023,NOR,1942.666,10.168,0.11282567
2024,NOR,2387.702,10.991,0.32856759
2025,NOR,3441.506,10.55,0.38351432
1871,PRT,18.93,0.8240669225,0.02631992
1872,PRT,18.94,0.8227406962,-0.00108196
1873,PRT,18.94,0.8070440668,-0.01907846
1874,PRT,18.94,0.8314220453,0.0302065
1875,PRT,18.94,0.806186471,-0.0303523
1876,PRT,18.94,0.8399799799,0.04191773
1877,PRT,18.94,0.8992453414,0.07055568
1878,PRT,18.94,0.9340440797,0.03869771
1879,PRT,18.94,0.9282511084,-0.00620203
1880,PRT,18.94,0.9298285066,0.00169932
1881,PRT,18.94,0.9443581444,0.01562615
1882,PRT,18.94,0.9365640917,-0.00825328
1883,PRT,18.94,0.9394380608,0.00306863
1884,PRT,18.94,0.9386523125,-0.0008364
1885,PRT,18.94,0.9392335865,0.00061926
1886,PRT,18.94,0.9262686896,-0.0138037
1887,PRT,18.94,0.929872667,0.00389086
1888,PRT,18.94,0.9255335455,-0.00466636
1889,PRT,18.93,0.9263607474,0.0003653
1890,PRT,18.94,0.9269003306,0.00111105
1891,PRT,18.96,0.9939424,0.07346166
1892,PRT,18.96,1.176822,0.18399416
1893,PRT,18.96,1.15136,-0.02163624
1894,PRT,18.94,1.18695,0.02982381
1895,PRT,18.93,1.1658108,-0.01832826
1896,PRT,18.98,1.2016209,0.03343935
1897,PRT,18.98,1.35182,0.12499708
1898,PRT,18.98,1.4663804,0.08474531
1899,PRT,18.94,1.3191296,-0.10231373
1900,PRT,18.96,1.299392,-0.01392243
1901,PRT,18.98,1.3095864,0.00890864
1902,PRT,18.97,1.1747266,-0.10345154
1903,PRT,18.95,1.1474536,-0.02424629
1904,PRT,18.96,1.1118302,-0.03053429
1905,PRT,18.92,0.9854408,-0.11554677
1906,PRT,18.9,0.9443502,-0.04271069
1907,PRT,18.94,0.9553236,0.01376105
1908,PRT,18.95,1.0683945,0.11894922
1909,PRT,18.96,1.063962,-0.00362323
1910,PRT,18.92,1.006412,-0.05608587
1911,PRT,18.92,1.0056673,-0.00073996
1912,PRT,18.93,1.022157,0.01693398
1913,PRT,18.92,1.075269,0.051405
1914,PRT,18.99,1.1484564,0.07201588
1915,PRT,18.99,1.4180092,0.23470878
1916,PRT,18.99,1.4753136,0.04041187
1917,PRT,18.99,1.6216874,0.09921538
1918,PRT,18.99,1.6584199,0.02265079
1919,PRT,19.95,1.8514764,0.17284769
1920,PRT,20.68,5.0019841,1.80047539
1921,PRT,20.58,10.0231,0.99413517
1922,PRT,20.66,14.9925,0.50160927
1923,PRT,21.32,23.5145,0.61852188
1924,PRT,20.69,29.5421,0.21921109
1925,PRT,20.64,19.8425,-0.3299546
1926,PRT,20.63,19.5107,-0.01719808
1927,PRT,20.64,19.8847,0.01966299
1928,PRT,20.66,22.3839,0.12677535
1929,PRT,20.63,22.3644,-0.00232198
1930,PRT,20.65,22.2519,-0.00406573
1931,PRT,17.06,23.5655,-0.12507963
1932,PRT,20.69,31.2891,0.61026694
1933,PRT,26.33,25.533,0.0384824
1934,PRT,34.69,21.6972,0.1195804
1935,PRT,34.84,22.4341,0.03843378
1936,PRT,34.87,22.1582,-0.01144775
1937,PRT,34.79,22.3254,0.00523419
1938,PRT,34.85,22.5902,0.01360602
1939,PRT,34.42,24.7678,0.0828678
1940,PRT,33.85,26.9469,0.06996405
1941,PRT,33.85,24.9856,-0.07278388
1942,PRT,33.85,24.82956,-0.0062452
1943,PRT,33.85,24.82956,0.0
1944,PRT,33.85,24.82956,0.0
1945,PRT,34.71,24.85962,0.02664762
1946,PRT,34.71,25.3,0.01771467
1947,PRT,34.71,24.95,-0.01383399
1948,PRT,34.71,25.8,0.03406814
1949,PRT,31.69,28.6,0.01207793
1950,PRT,34.72,29.1,0.11476784
1951,PRT,34.72,29.1,0.0
1952,PRT,34.6,29,-0.00688077
1953,PRT,34.84,29,0.00693642
1954,PRT,35.04,28.75,-0.00292965
1955,PRT,35.03,28.8,0.00145325
1956,PRT,34.99,28.9,0.00232638
1957,PRT,34.95,28.75,-0.00632756
1958,PRT,35.1,28.75,0.00429185
1959,PRT,35.1,28.88,0.00452174
1960,PRT,35.27,28.83,0.00310362
1961,PRT,35.25,28.8,-0.00160705
1962,PRT,35.23,28.85,0.00116775
1963,PRT,35.09,28.89,-0.00259291
1964,PRT,35.1,28.95,0.00236242
1965,PRT,35.12,28.83,-0.00357764
1966,PRT,35.13,28.98,0.00548913
1967,PRT,34.95,28.86,-0.0092434
1968,PRT,38.925,28.77,0.11026072
1969,PRT,41.083,28.65,0.0510377
1970,PRT,35.942,28.75,-0.12208329
1971,PRT,40.804,27.56,0.08828305
1972,PRT,58.159,27,0.39636432
1973,PRT,97.326,25.845,0.60186059
1974,PRT,159.245,24.596,0.55713002
1975,PRT,161.029,27.472,0.12944239
1976,PRT,124.816,31.549,-0.10985351
1977,PRT,147.721,39.855,0.49509639
1978,PRT,193.239,46.01,0.51015652
1979,PRT,306.668,49.781,0.71705838
1980,PRT,607.864,53.04,1.11192194
1981,PRT,459.754,65.249,-0.06955772
1982,PRT,375.797,89.064,0.11572234
1983,PRT,422.53,131.45,0.65944413
1984,PRT,360.478,169.28,0.09866749
1985,PRT,317.908,157.487,-0.1795318
1986,PRT,367.694,146.117,0.07310229
1987,PRT,446.473,129.865,0.07919526
1988,PRT,437.048,146.371,0.10330823
1989,PRT,381.432,149.841,-0.10656366
1990,PRT,383.467,133.6,-0.10363134
1991,PRT,362.183,134.184,-0.05137549
1992,PRT,343.733,146.758,0.0379925
1993,PRT,359.77,176.812,0.26099589
1994,PRT,384.012,159.093,-0.03958445
1995,PRT,384.164,149.41299,-0.06047324
1996,PRT,387.696,156.38499,0.05628562
1997,PRT,331.096,183.326,0.00113261
1998,PRT,294.161,171.82899,-0.1672713
1999,PRT,278.768,199.5640056,0.10063571
2000,PRT,279.032,215.4562063,0.08065704
2001,PRT,270.989,227.484398,0.02539279
2002,PRT,309.972,191.1719271,-0.03873461
2003,PRT,363.509,158.7347585,-0.02626536
2004,PRT,409.212,147.1859629,0.04382465
2005,PRT,444.843,169.9432059,0.25515053
2006,PRT,604.336,152.2262718,0.21690734
2007,PRT,696.72,136.187759,0.03140272
2008,PRT,871.707,144.0554717,0.32343904
2009,PRT,972.966,139.1656254,0.07827453
2010,PRT,1224.664,150.0389163,0.35703557
2011,PRT,1569.211,154.9439678,0.32322942
2012,PRT,1669.518,151.9493709,0.04335955
2013,PRT,1411.462,145.3716192,-0.1911671
2014,PRT,1265.578,165.1280784,0.01849998
2015,PRT,1160.663,184.1480665,0.0227358
2016,PRT,1248.988,190.1925813,0.11142084
2017,PRT,1257.559,167.1658467,-0.1150391
2018,PRT,1269.227,175.0934498,0.05714188
2019,PRT,1392.498,178.460032,0.11821766
2020,PRT,1770.254,163.3786977,0.16384586
2021,PRT,1799.629,176.223678,0.09651917
2022,PRT,1800.602,187.851634,0.06656042
2023,PRT,1942.666,181.636692,0.04320346
2024,PRT,2387.702,192.46272,0.30234192
2025,PRT,3441.506,187.851634,0.40681427
1871,SWE,18.93,3.2684712,0.01849708
1872,SWE,18.94,3.2718807,0.00157196
1873,SWE,18.94,3.2527923,-0.00583408
1874,SWE,18.94,3.3625125,0.03373108
1875,SWE,18.94,3.2656406,-0.02880938
1876,SWE,18.94,3.352392,0.0265649
1877,SWE,18.94,3.587567,0.0701514
1878,SWE,18.94,3.7249675,0.03829908
1879,SWE,18.94,3.748582,0.00633952
1880,SWE,18.94,3.7463664,-0.00059105
1881,SWE,18.94,3.76993,0.00628972
1882,SWE,18.94,3.729901806,-0.01061776
1883,SWE,18.94,3.746654,0.00449132
1884,SWE,18.94,3.760644444,0.00373412
1885,SWE,18.94,3.744177111,-0.00437886
1886,SWE,18.94,3.738940333,-0.00139865
1887,SWE,18.94,3.7376235,-0.00035219
1888,SWE,18.94,3.734178889,-0.0009216
1889,SWE,18.93,3.732346222,-0.00101851
1890,SWE,18.94,3.74374,0.00358259
1891,SWE,18.96,3.735512,-0.00114416
1892,SWE,18.96,3.718224,-0.00462801
1893,SWE,18.96,3.729584,0.00305522
1894,SWE,18.94,3.71665,-0.00451914
1895,SWE,18.93,3.715536,-0.00082756
1896,SWE,18.98,3.728248,0.00607166
1897,SWE,18.98,3.729584,0.00035835
1898,SWE,18.98,3.758786,0.00782983
1899,SWE,18.94,3.756312,-0.00276429
1900,SWE,18.96,3.737808,-0.00387534
1901,SWE,18.98,3.726432,-0.00199185
1902,SWE,18.97,3.732354,0.00106148
1903,SWE,18.95,3.739864,0.00095572
1904,SWE,18.96,3.72801,-0.0026436
1905,SWE,18.92,3.735752,-3.737e-05
1906,SWE,18.9,3.765447,0.00688338
1907,SWE,18.94,3.778488,0.00558707
1908,SWE,18.95,3.738045,-0.01018116
1909,SWE,18.96,3.738744,0.0007148
1910,SWE,18.92,3.735752,-0.00290829
1911,SWE,18.92,3.741683,0.00158763
1912,SWE,18.93,3.742155,0.00065475
1913,SWE,18.92,3.744442,8.256e-05
1914,SWE,18.99,3.891732,0.04318096
1915,SWE,18.99,3.591818182,-0.07706436
1916,SWE,18.99,3.48025,-0.03106176
1917,SWE,18.99,2.9615,-0.14905538
1918,SWE,18.99,3.476086957,0.17375889
1919,SWE,19.95,4.678333333,0.41389925
1920,SWE,20.68,5.121538462,0.13479369
1921,SWE,20.58,4.093846154,-0.20452614
1922,SWE,20.66,3.719166667,-0.08799111
1923,SWE,21.32,3.794891304,0.05295687
1924,SWE,20.69,3.7109,-0.05102843
1925,SWE,20.64,3.7346,0.00395453
1926,SWE,20.63,3.7415,0.0013622
1927,SWE,20.64,3.705869565,-0.00904292
1928,SWE,20.66,3.7361875,0.00915798
1929,SWE,20.63,3.709565217,-0.00856726
1930,SWE,20.65,3.7291012,0.00624095
1931,SWE,17.06,5.367083333,0.1890309
1932,SWE,20.69,5.5778,0.26039323
1933,SWE,26.33,3.792727273,-0.13467541
1934,SWE,34.69,3.928695652,0.36474092
1935,SWE,34.84,3.94,0.00721383
1936,SWE,34.87,3.960909091,0.00617252
1937,SWE,34.79,3.887647059,-0.02074807
1938,SWE,34.85,4.162608696,0.07257362
1939,SWE,34.42,4.2,-0.00346677
1940,SWE,33.85,4.201,-0.01632599
1941,SWE,33.85,4.197,-0.00095215
1942,SWE,33.85,4.19,-0.00166786
1943,SWE,33.85,4.19,0.0
1944,SWE,33.85,4.19,0.0
1945,SWE,34.71,4.19,0.0254062
1946,SWE,34.71,3.9,-0.06921241
1947,SWE,34.71,4.45,0.14102564
1948,SWE,34.71,5.2,0.16853933
1949,SWE,31.69,6.5,0.14124172
1950,SWE,34.72,6.12,0.03156249
1951,SWE,34.72,6.21,0.01470588
1952,SWE,34.6,5.76,-0.07566954
1953,SWE,34.84,5.56,-0.02802665
1954,SWE,35.04,5.48,-0.00873056
1955,SWE,35.03,5.22,-0.0477171
1956,SWE,34.99,5.32,0.01799333
1957,SWE,34.95,5.28,-0.00865339
1958,SWE,35.1,5.17,-0.0166309
1959,SWE,35.1,5.180999999,0.00212766
1960,SWE,35.27,5.179999999,0.00464936
1961,SWE,35.25,5.184999999,0.00039765
1962,SWE,35.23,5.187999999,1.089e-05
1963,SWE,35.09,5.199999999,-0.00167005
1964,SWE,35.1,5.147999999,-0.00971787
1965,SWE,35.12,5.179999999,0.00678935
1966,SWE,35.13,5.179999999,0.00028474
1967,SWE,34.95,5.164999999,-0.00800474
1968,SWE,38.925,5.179999999,0.11696837
1969,SWE,41.083,5.169999999,0.05340242
1970,SWE,35.942,5.169999999,-0.12513692
1971,SWE,40.804,4.864999999,0.06829895
1972,SWE,58.159,4.742999999,0.38958293
1973,SWE,97.326,4.587499999,0.61858271
1974,SWE,159.245,4.080499999,0.45537274
1975,SWE,161.029,4.385499999,0.08678597
1976,SWE,124.816,4.126499999,-0.2706619
1977,SWE,147.721,4.669499999,0.33924646
1978,SWE,193.239,4.295499999,0.20336087
1979,SWE,306.668,4.146499999,0.53193954
1980,SWE,607.864,4.372799999,1.09033507
1981,SWE,459.754,5.570999999,-0.03640922
1982,SWE,375.797,7.294499999,0.07026214
1983,SWE,422.53,8.000999999,0.23325528
1984,SWE,360.478,8.9895,-0.04145505
1985,SWE,317.908,7.6155,-0.25288823
1986,SWE,367.694,6.819,0.03563651
1987,SWE,446.473,5.848,0.04134667
1988,SWE,437.048,6.157,0.03061326
1989,SWE,381.432,6.227,-0.11733135
1990,SWE,383.467,5.698,-0.0800707
1991,SWE,362.183,5.5295,-0.08343455
1992,SWE,343.733,7.043,0.20882934
1993,SWE,359.77,8.3035,0.23397744
1994,SWE,384.012,7.4615,-0.04085382
1995,SWE,384.164,6.6582,-0.10730611
1996,SWE,387.696,6.871,0.04144843
1997,SWE,331.096,7.877,-0.02095307
1998,SWE,294.161,8.061,-0.0908004
1999,SWE,278.768,8.525,0.00222052
2000,SWE,279.032,9.535,0.1195343
2001,SWE,270.989,10.6675,0.0865247
2002,SWE,309.972,8.825,-0.05371302
2003,SWE,363.509,7.1892,-0.0446587
2004,SWE,409.212,6.6146,0.03575303
2005,SWE,444.843,7.9584,0.30791818
2006,SWE,604.336,6.8644,0.17178659
2007,SWE,696.72,6.4136,0.07715723
2008,SWE,871.707,7.8106,0.52368356
2009,SWE,972.966,7.1165,0.01697245
2010,SWE,1224.664,6.7097,0.18674097
2011,SWE,1569.211,6.8877,0.31533238
2012,SWE,1669.518,6.5045,0.0047302
2013,SWE,1411.462,6.4238,-0.16505825
2014,SWE,1265.578,7.7366,0.07988587
2015,SWE,1160.663,8.4408,0.0005774
2016,SWE,1248.988,9.0622,0.15531965
2017,SWE,1257.559,8.208,-0.08804416
2018,SWE,1269.227,8.9562,0.10127903
2019,SWE,1392.498,9.2993,0.1391522
2020,SWE,1770.254,8.1772,0.11788046
2021,SWE,1799.629,9.044,0.12435468
2022,SWE,1800.602,10.436,0.15453808
2023,SWE,1942.666,10.333,0.06824968
2024,SWE,2387.702,10.983,0.3064011
2025,SWE,3441.506,10.26,0.34646412
1872,USA,18.94,1,0.00052826
1873,USA,18.94,1,0.0
1874,USA,18.94,1,0.0
1875,USA,18.94,1,0.0
1876,USA,18.94,1,0.0
1877,USA,18.94,1,0.0
1878,USA,18.94,1,0.0
1879,USA,18.94,1,0.0
1880,USA,18.94,1,0.0
1881,USA,18.94,1,0.0
1882,USA,18.94,1,0.0
1883,USA,18.94,1,0.0
1884,USA,18.94,1,0.0
1885,USA,18.94,1,0.0
1886,USA,18.94,1,0.0
1887,USA,18.94,1,0.0
1888,USA,18.94,1,0.0
1889,USA,18.93,1,-0.00052798
1890,USA,18.94,1,0.00052826
1891,USA,18.96,1,0.00105597
1892,USA,18.96,1,0.0
1893,USA,18.96,1,0.0
1894,USA,18.94,1,-0.00105485
1895,USA,18.93,1,-0.00052798
1896,USA,18.98,1,0.00264131
1897,USA,18.98,1,0.0
1898,USA,18.98,1,0.0
1899,USA,18.94,1,-0.00210748
1900,USA,18.96,1,0.00105597
1901,USA,18.98,1,0.00105485
1902,USA,18.97,1,-0.00052687
1903,USA,18.95,1,-0.0010543
1904,USA,18.96,1,0.0005277
1905,USA,18.92,1,-0.0021097
1906,USA,18.9,1,-0.00105708
1907,USA,18.94,1,0.0021164
1908,USA,18.95,1,0.00052798
1909,USA,18.96,1,0.0005277
1910,USA,18.92,1,-0.0021097
1911,USA,18.92,1,0.0
1912,USA,18.93,1,0.00052854
1913,USA,18.92,1,-0.00052826
1914,USA,18.99,1,0.00369979
1915,USA,18.99,1,0.0
1916,USA,18.99,1,0.0
1917,USA,18.99,1,0.0
1918,USA,18.99,1,0.0
1919,USA,19.95,1,0.05055292
1920,USA,20.68,1,0.03659148
1921,USA,20.58,1,-0.00483559
1922,USA,20.66,1,0.00388727
1923,USA,21.32,1,0.03194579
1924,USA,20.69,1,-0.02954972
1925,USA,20.64,1,-0.00241663
1926,USA,20.63,1,-0.0004845
1927,USA,20.64,1,0.00048473
1928,USA,20.66,1,0.00096899
1929,USA,20.63,1,-0.00145208
1930,USA,20.65,1,0.00096946
1931,USA,17.06,1,-0.17384988
1932,USA,20.69,1,0.21277843
1933,USA,26.33,1,0.27259546
1934,USA,34.69,1,0.31750855
1935,USA,34.84,1,0.00432401
1936,USA,34.87,1,0.00086108
1937,USA,34.79,1,-0.00229424
1938,USA,34.85,1,0.00172463
1939,USA,34.42,1,-0.01233859
1940,USA,33.85,1,-0.01656014
1941,USA,33.85,1,0.0
1942,USA,33.85,1,0.0
1943,USA,33.85,1,0.0
1944,USA,33.85,1,0.0
1945,USA,34.71,1,0.0254062
1946,USA,34.71,1,0.0
1947,USA,34.71,1,0.0
1948,USA,34.71,1,0.0
1949,USA,31.69,1,-0.08700663
1950,USA,34.72,1,0.09561376
1951,USA,34.72,1,0.0
1952,USA,34.6,1,-0.00345622
1953,USA,34.84,1,0.00693642
1954,USA,35.04,1,0.00574053
1955,USA,35.03,1,-0.00028539
1956,USA,34.99,1,-0.00114188
1957,USA,34.95,1,-0.00114318
1958,USA,35.1,1,0.00429185
1959,USA,35.1,1,0.0
1960,USA,35.27,1,0.0048433
1961,USA,35.25,1,-0.00056705
1962,USA,35.23,1,-0.00056738
1963,USA,35.09,1,-0.00397389
1964,USA,35.1,1,0.00028498
1965,USA,35.12,1,0.0005698
1966,USA,35.13,1,0.00028474
1967,USA,34.95,1,-0.00512383
1968,USA,38.925,1,0.11373391
1969,USA,41.083,1,0.05543995
1970,USA,35.942,1,-0.12513692
1971,USA,40.804,1,0.1352735
1972,USA,58.159,1,0.42532595
1973,USA,97.326,1,0.67344693
1974,USA,159.245,1,0.63620204
1975,USA,161.029,1,0.01120286
1976,USA,124.816,1,-0.22488496
1977,USA,147.721,1,0.18351013
1978,USA,193.239,1,0.30813493
1979,USA,306.668,1,0.58698813
1980,USA,607.864,1,0.9821566
1981,USA,459.754,1,-0.24365648
1982,USA,375.797,1,-0.18261288
1983,USA,422.53,1,0.12435703
1984,USA,360.478,1,-0.14685821
1985,USA,317.908,1,-0.1180932
1986,USA,367.694,1,0.15660506
1987,USA,446.473,1,0.21425152
1988,USA,437.048,1,-0.0211099
1989,USA,381.432,1,-0.12725376
1990,USA,383.467,1,0.00533516
1991,USA,362.183,1,-0.05550412
1992,USA,343.733,1,-0.0509411
1993,USA,359.77,1,0.0466554
1994,USA,384.012,1,0.06738194
1995,USA,384.164,1,0.00039582
1996,USA,387.696,1,0.00919399
1997,USA,331.096,1,-0.14599067
1998,USA,294.161,1,-0.11155375
1999,USA,278.768,1,-0.05232849
2000,USA,279.032,1,0.00094702
2001,USA,270.989,1,-0.02882465
2002,USA,309.972,1,0.14385455
2003,USA,363.509,1,0.1727156
2004,USA,409.212,1,0.12572729
2005,USA,444.843,1,0.08707223
2006,USA,604.336,1,0.35853773
2007,USA,696.72,1,0.1528686
2008,USA,871.707,1,0.25115828
2009,USA,972.966,1,0.11616174
2010,USA,1224.664,1,0.25869147
2011,USA,1569.211,1,0.28134002
2012,USA,1669.518,1,0.06392193
2013,USA,1411.462,1,-0.15456916
2014,USA,1265.578,1,-0.10335666
2015,USA,1160.663,1,-0.08289888
2016,USA,1248.988,1,0.07609875
2017,USA,1257.559,1,0.00686236
2018,USA,1269.227,1,0.00927829
2019,USA,1392.498,1,0.09712289
2020,USA,1770.254,1,0.27127938
2021,USA,1799.629,1,0.01659366
2022,USA,1800.602,1,0.00054067
2023,USA,1942.666,1,0.07889806
2024,USA,2387.702,1,0.22908518
2025,USA,3441.506,1,0.44134653
