Year,<= 0,Lo 30,Med 40,Hi 30,Lo 20,Qnt 2,Qnt 3,Qnt 4,Hi 20,Lo 10,2-Dec,3-Dec,4-Dec,5-Dec,6-Dec,7-Dec,8-Dec,9-Dec,Hi 10
1927,,0.35715805272922885,0.35328956227353014,0.33112303799161524,0.3286270927865276,0.36792470152726975,0.339472657722965,0.32427888032878993,0.33453072489035396,0.31180028144641336,0.3322644002576287,0.3760684249566837,0.36340150154599327,0.18143159495743455,0.45643873383085,0.365977514547591,0.301685113505495,0.31007527085377085,0.3414019140913771
1928,,0.4212519559549448,0.41760281111661834,0.37888262726706623,0.4863113316652157,0.3484331595424126,0.43967987359627236,0.4017631151807364,0.3778785972227128,0.6212226288652927,0.4407847082429641,0.3673382646802317,0.3288810282600827,0.39019469222735115,0.4745399645863322,0.4199682611710167,0.3903110296743548,0.37608578698550943,0.37823408876483056
1929,,-0.4690775559310122,-0.27985827061989377,-0.10539571504348655,-0.47582684681136367,-0.37691452895902,-0.30059575284746287,-0.2402000288041981,-0.09105152544162198,-0.46073781593214125,-0.4807937990663341,-0.46857367216289414,-0.31808310513110616,-0.3358518266370045,-0.27631446340666765,-0.24757898586419647,-0.2375357991045599,-0.08099494216567271,-0.09359324162685745
1930,,-0.45422506570963084,-0.36984326268770806,-0.2729706334714037,-0.4957735429261191,-0.41914362676441763,-0.33399185460740366,-0.3715591542190809,-0.26520619991772176,-0.4835275443288569,-0.49985202048512645,-0.4252490504606925,-0.41591091057662744,-0.32314506285752886,-0.34122241051202706,-0.3960292852480972,-0.35829605496907724,-0.37427118497828116,-0.23847656998689404
1931,,-0.48960036288026465,-0.46695243039617984,-0.43354811732666276,-0.5216819103016019,-0.4621860721228781,-0.48852965026451023,-0.46005703415651356,-0.4312302695177942,-0.4361111382351702,-0.5497409843990891,-0.4674919803503351,-0.45951065236068245,-0.48442758614963943,-0.49127255255521707,-0.4499640023924809,-0.46561408386201053,-0.5074075289771518,-0.41642905257190854
1932,,0.016847220290802323,-0.08406573292797881,-0.08897060408080715,0.05458356770879291,-0.0008949604847310333,-0.06753284134439308,-0.008956677861246876,-0.09779381979628066,0.2862473412014741,-0.019676377461474326,-0.00569867558162096,-0.002267792395239443,-0.11989470767705768,-0.03401033838258227,-0.12043649693924974,0.053616065535178725,-0.03296782183039937,-0.10840561873212906
1933,,1.5009072131507262,1.070629524903481,0.5273902451211256,1.7158652231311864,1.240338958000538,1.048393197289816,0.9937558997251057,0.49818099406120453,1.4659156390316692,1.826426852238582,1.3574079240549377,1.1672156267798361,1.0720599132553095,1.031566736105768,1.046853337135774,0.9696537877941562,0.7202431091666033,0.45911152477081263
1934,,0.24840826416211859,0.12694317270801525,0.02305918866494494,0.3016517015734492,0.16360841456231756,0.17302916378778677,0.10435118623649142,0.01549514898577442,0.23070447068721345,0.33107743154154945,0.20419724562318708,0.13823321860163484,0.15968567068811423,0.18123034816842654,0.08531975923241952,0.11439715471862089,0.024264367796188457,0.013750403065143413
1935,,0.6728461505598178,0.5101362621568573,0.4400487726519078,0.6983848155358008,0.6847507084632312,0.5953871747807742,0.3900270932880374,0.4447052955089137,0.5493563200766514,0.748640056496487,0.6581345071664897,0.7016261317404047,0.5721671351451516,0.6087919810493465,0.3933774827373473,0.3879757607457701,0.5019143451924584,0.4330270220453345
1936,,0.5786706796889016,0.4865295390993962,0.3070515887899401,0.761749954229787,0.5607967081409397,0.5423105509707502,0.3423036679037339,0.306314943503855,0.9642812285850384,0.6883070866516945,0.4530085144112972,0.6323323282178179,0.5277996291999094,0.5488334196903464,0.3891558449645718,0.3140493529627906,0.31357402651384003,0.30497700666407446
1937,,-0.5393953948923262,-0.4624981302313679,-0.3309603486680768,-0.5361450842293058,-0.516418013628871,-0.46585417621757075,-0.40316219075378346,-0.32722182476448347,-0.5394304422921073,-0.5347462283820326,-0.5408920897803486,-0.5022871132706339,-0.46724164151033,-0.4650745674896658,-0.4456454010717992,-0.37760723250464046,-0.3767467328731585,-0.31672434039064
1938,,0.29250184221255204,0.3827474098793697,0.27346900668092466,0.16762719478479804,0.3781013070366861,0.41914579829303444,0.37572952017351735,0.2652910439539322,0.051805494549398645,0.20903074842188873,0.3895777968415748,0.37111770173034575,0.40859083467430524,0.42738546639777275,0.34593273473128017,0.3922283621861844,0.33340922545699136,0.2519587476696665
1939,,-0.06270373984098288,-0.002357957008542799,0.029124965202477204,-0.047710558228290734,-0.024069301880840444,0.03701737483994494,-0.042388816579934874,0.03406377710227715,-0.04861077598727437,-0.04902788448283002,-0.07383968824897547,0.007663696133948239,0.05443758628256523,0.02470848677152837,-0.04896324347192671,-0.0391286452903854,-0.06083996230246291,0.053461478187236455
1940,,-0.07639454784156052,-0.03762935058325989,-0.0746763253698145,-0.14772920509433818,-0.05058246461950888,-0.002307898287436716,-0.0753438078741836,-0.07465326193932831,-0.32877933732106024,-0.07783992537698448,-0.02619144054904954,-0.06510810055288851,-0.027440244161372696,0.016014064135084993,-0.06965609831076414,-0.07851581991862355,-0.09217850642066105,-0.07160195957018489
1941,,-0.08289076270743867,-0.09652949559359625,-0.10635089872245351,-0.12115681364699515,-0.10288069763862229,-0.10093904922312669,-0.071163228520288,-0.10909823254967466,-0.06735644100174043,-0.13629964307079867,-0.056600446232648594,-0.13173833130034818,-0.1292578453816613,-0.08067472645812834,-0.0804398415994867,-0.06565389369450514,-0.08812268508960852,-0.11294442370006208
1942,,0.33493561173947994,0.22982759566833066,0.15648278029736495,0.3852676612552197,0.2999842436643092,0.22565934188389525,0.20487046156335453,0.15337812224240888,0.6303126751236707,0.3094108339767525,0.30336606288334056,0.29784355482189584,0.23631193041560117,0.21770273043757382,0.2130691914749645,0.20039620840520733,0.23542571902773224,0.13908868996515267
1943,,0.8914668025804222,0.4870343426899264,0.25430037757951074,1.1095079678368962,0.7701197170115366,0.4844676816174951,0.34083138304837357,0.2501707336077237,1.4303971630709649,0.9917514766667896,0.7357485014351899,0.7922092907752984,0.4638355035330397,0.5001021515764414,0.3913950811867357,0.31137335276906186,0.35680233191664734,0.23032751672658303
1944,,0.5195458862086935,0.3676472921936267,0.19035281516934166,0.6195003879665075,0.38908716851459135,0.38075079206004836,0.3047588962703671,0.18337268240299953,0.7114766335102622,0.5827141310202071,0.4300288887969024,0.3641293474209282,0.41292474263987367,0.35788565474017386,0.3532902641023288,0.27569586880687247,0.2591061690622871,0.16822303790494653
1945,,0.7505783099351409,0.6210853300301309,0.3469160385712935,0.8018611624784107,0.6957533556326096,0.5526242292381698,0.5896226801598965,0.330030160927131,0.9438993980462917,0.7364531732294317,0.699485652575836,0.6940182938537081,0.5545725243247626,0.5516516363067374,0.6796920488281804,0.5328523010456412,0.4595317807507211,0.3024199027340777
1946,,-0.13959830805461781,-0.07589885772945704,-0.057957467928828166,-0.12846585838175406,-0.10480342454172864,-0.08060841809597474,-0.06452064702973537,-0.05777227963688503,-0.13738917915427684,-0.12399610921219628,-0.1518716694527128,-0.06905707926751281,-0.07341697471232445,-0.08632653034544135,-0.07263322368683778,-0.0594053864816938,-0.08266099827355244,-0.051775502721470135
1947,,-0.004946743572927237,0.006668770592868967,0.04060850764382962,-0.013045564490642758,-0.0034738980577853074,0.004677529463452457,-0.006869794940070673,0.046593947376954326,-0.01727803586171983,-0.010882422647311873,0.0037164762410275554,-0.00851651193504166,-0.029555171885476406,0.030570476351477804,0.015057171302409467,-0.021157808774142417,0.007613432968368583,0.05593513996563226
1948,,-0.054943469407042755,-0.028626438512268204,0.028020996464328096,-0.059604610554296444,-0.04041749520281568,-0.03743494902158229,0.006306427511290735,0.02860859910235991,0.00010019844187758586,-0.08913263095640078,-0.050530480539111244,-0.03333915231916762,-0.06375936857323805,-0.01829552379483368,-0.016897670457986513,0.021314561845115376,0.01767453110597139,0.03074204324899843
1949,,0.20666651073370068,0.21687052011408414,0.19986894221477836,0.21250559237241728,0.19824975397703049,0.2198615750013737,0.2312541041576408,0.19637586342793023,0.27590657852466394,0.18164915012567318,0.20053744849362798,0.19624022699966215,0.26446578743965365,0.1887468643421426,0.22067693554965873,0.2377642648862226,0.24262793457340237,0.18688589874612616
1950,,0.429013812685225,0.35548783879291124,0.2921515594103079,0.46402545796925776,0.4200861246318446,0.35884480593363577,0.3003420821024869,0.29261969813036903,0.5282693231799795,0.43126725856105685,0.3946597506149674,0.4376392327901035,0.3333192395059559,0.37619476566149723,0.324474660284477,0.2851464122766538,0.29822049045812893,0.2914646964696148
1951,,0.09634346216850997,0.1550994273556774,0.21722479221136148,0.06406624706030861,0.13938453172631227,0.13623051669701058,0.19704417350759917,0.2180573985278953,0.038663986273771433,0.0781325536376618,0.12948719654514007,0.1461726471233542,0.1739694036707613,0.1113855074289769,0.17993862922604142,0.20848503637273463,0.2127767229045303,0.21911532540140954
1952,,0.0759853173392615,0.1116567412233842,0.1400610461504268,0.050213815658002536,0.09516095185485907,0.10760094404508824,0.12268784023696844,0.14171907409718343,0.010265124380663737,0.07138858115156288,0.10120168140858699,0.09126115054304051,0.10897827443767949,0.10675512507541884,0.12282583264266633,0.122693280519387,0.13033100805613018,0.1439452240963719
1953,,-0.05905265457268494,-0.015515632429853654,0.011226971009272946,-0.05785893743986348,-0.039696881717324994,-0.02088320037124103,-0.0021518588767037716,0.012109124927450088,-0.0597452528399145,-0.0571060799139711,-0.06013806687331835,-0.02590311517956634,-0.01214309109797973,-0.026723089860961058,-0.00599302580656369,-0.0002851471672259409,0.02002406184316885,0.01038634022652496
1954,,0.602067578882745,0.5504720024410605,0.4966138832598912,0.6367503850743299,0.581780854511073,0.5876932221355575,0.5432774122786213,0.4898741552840691,0.6496147008349311,0.6309391252185326,0.5698523638177739,0.5900539536626532,0.5976053022103154,0.5808680079545272,0.497737544504385,0.5708086211230197,0.5029541977144991,0.48713621632172677
1955,,0.2260724529697975,0.2032534359332825,0.2622472949267085,0.239794851642402,0.1715335019587123,0.22378744957120023,0.18465007483894058,0.27075560725306613,0.26723729018517184,0.22698442862124124,0.21283148838465182,0.1453426985465478,0.21969975940107966,0.22692727218760567,0.19798760898935375,0.17677066352377002,0.19339180304865944,0.28727288627224157
1956,,0.06715353209912855,0.08745634195515906,0.084343204811,0.054185415815168,0.08560492392316577,0.0857417147598214,0.07911130599788163,0.08551597651546028,-0.00891951034363725,0.08357727281907645,0.07933071183403717,0.09005129550684932,0.060456304657912074,0.10314897853489291,0.08860188904395261,0.07268183933125116,0.10965433550219372,0.08079883529632825
1957,,-0.1446287579676927,-0.13461851325575058,-0.09587482083030319,-0.14543626369034857,-0.14640391375371165,-0.14840910522542639,-0.1262972381231109,-0.09278726210554478,-0.15176965642971385,-0.14222186424359906,-0.14366476346899415,-0.14818251159930973,-0.18022573984727552,-0.12705386398579777,-0.11524863972562671,-0.13298603338826676,-0.09548357690221387,-0.09223050878795136
1958,,0.6546772093895421,0.5919663862408036,0.4299196478421683,0.6521356949789678,0.6700201908783701,0.5938262819333764,0.5459746456948755,0.4215425917369988,0.6880098999711981,0.6353832225694847,0.6574725416198892,0.6783298563681568,0.6146611011245973,0.5807344707448403,0.5654075979464535,0.5337712150074776,0.4905460715575527,0.40806410550804206
1959,,0.1949252779628894,0.18747438717713671,0.12049408862539424,0.2155466503322614,0.19731246228321475,0.2032717569897824,0.14573110937425637,0.11940318730119026,0.1269242033367357,0.25791149025996285,0.1761804716403219,0.21166837391609206,0.17341758572474752,0.22352320697417571,0.16302167944295953,0.13455375648340206,0.0884742035857875,0.1254260179007458
1960,,-0.0398524908436938,-0.012788678479145221,0.014071758374901044,-0.04900737102491448,-0.025405937171554482,-0.014255469570332857,0.026223833562084575,0.010899339805504171,-0.035621686866638136,-0.05489459865146362,-0.031728349392897925,-0.02107140505044569,-0.029170404744557787,-0.0036490503378477923,-0.008523269700230318,0.04812329347862665,0.06865813230015849,-0.0006998894715529724
1961,,0.3201284344367812,0.29681221227474497,0.2658238269999631,0.2916440043783648,0.31893357868475514,0.2872440086459327,0.2957359848562069,0.2635816639676045,0.29452542773548696,0.2910297387580516,0.34497744784756246,0.30070522482774,0.26889773886008905,0.3001195005130497,0.30651094699771275,0.289683214325952,0.25574071622617955,0.264999595842379
1962,,-0.11735948878917679,-0.13376484757684715,-0.09171249948019766,-0.1149611748458631,-0.13819384696415682,-0.14500007937670256,-0.12663579053875174,-0.08790257700136728,-0.0979295730686971,-0.12280296058625961,-0.12027595054441376,-0.15042047251282342,-0.16327808775108255,-0.1324853023495688,-0.11669021107134925,-0.13259743786845768,-0.08031337100509162,-0.08960676986011207
1963,,0.19434087267855293,0.16330988320525153,0.21805499932648598,0.18187755515279846,0.1849523530084829,0.1648768949931707,0.16933147523585657,0.2224776550686578,0.1964496135165501,0.17336759549063485,0.22063245337530524,0.16023359524997738,0.20965037649287566,0.1337444445372855,0.1627359205694776,0.173199711421538,0.21308198849288962,0.22440652231906077
1964,,0.19439789801397933,0.17331085631883547,0.15891998303165034,0.1929175983120459,0.1700479844116134,0.17472587469553846,0.18296010175064814,0.15638243444445799,0.2324654902602854,0.14777784074519706,0.19632616555777238,0.14994223064138557,0.16282819994488018,0.1821202061110032,0.17989540325359887,0.18448792517476464,0.1377231749210237,0.16013927811703432
1965,,0.3682395036161128,0.31423613260193184,0.1166862528214423,0.3965515767616006,0.3744772016118436,0.3425015324849565,0.2481178320570434,0.10496655191951554,0.4522846753730807,0.3233338289694312,0.31420866665252833,0.42034111986949174,0.3890890357843282,0.3115891528380008,0.2469178222821089,0.24895746832872745,0.1977866772614596,0.0866851043164445
1966,,-0.059868320055721735,-0.06669898825924025,-0.09262777118990606,-0.06654291762222275,-0.0711918559468866,-0.05272337202298649,-0.04703158879274183,-0.09880179586882931,-0.0946664290280268,-0.0328351125156523,-0.04580601993566569,-0.0895017394255776,-0.05474465404447759,-0.05120656807181556,-0.07551750464261053,-0.029814514691346328,-0.044103394801989104,-0.1106766248297344
1967,,0.9408227255997252,0.5140389174330615,0.22395919502298778,1.0376247897290276,0.73879178866323,0.5181830125106324,0.3428142282601805,0.2174566779130862,1.1583736159547087,0.8980969814083066,0.751431677062967,0.7280310465997268,0.5078868665173812,0.525423625593445,0.43656510014230254,0.2864079282934404,0.21271699056374183,0.2184818725248674
1968,,0.4663460195496778,0.24361701094208033,0.10410773374093774,0.5046729602188857,0.32354771601864796,0.27584344090634016,0.1911621306518334,0.09436835869653692,0.6066182259746606,0.38537742971213107,0.38818957865346526,0.2728216920468194,0.34662057616769615,0.21883274159055777,0.19171344434097048,0.19014582652192136,0.17802793047926802,0.07585480350041163
1969,,-0.2858496778130938,-0.1863333050376068,-0.0755506454172924,-0.31713842695435135,-0.21756775139110474,-0.19124378563856015,-0.138787056202876,-0.07015649878514041,-0.329525014036557,-0.29955789406011235,-0.21881653733582307,-0.21697370300845853,-0.17806188185818872,-0.20236924895286534,-0.16732578559285038,-0.12079715882295461,-0.12716331706735562,-0.05690859870682119
1970,,-0.1489256432571464,-0.0575972269424988,0.028508722498877592,-0.17444737616688255,-0.10033813083054932,-0.06879415604993189,0.006670881442176979,0.02874497439905177,-0.18775092554401673,-0.15658794349998773,-0.09854507428330861,-0.10217821545035466,-0.06946822753288662,-0.06846458959986568,-0.026512683599147602,0.027881841759598514,0.041471524636756074,0.025668965097165986
1971,,0.1738683810500481,0.23021700078714713,0.14908768522269633,0.17291740207959294,0.2286549498828172,0.2099102961780983,0.22132402152795616,0.14198325491615815,0.1596634496784315,0.18846223698634845,0.17481491853579745,0.2714267284760381,0.21941311365326954,0.20243838285604432,0.23641135685176962,0.2107370904750121,0.1352636915113281,0.1436530678305188
1972,,0.01439719077309154,0.09048833568280612,0.18805280907946265,0.001530934194987843,0.05751118997874283,0.09205224720148553,0.08648173735302489,0.20107750487966847,0.0016252949941246708,0.001020571283970817,0.040878409971358165,0.07104290447665784,0.0797023809498707,0.10071316114906681,0.0943441667542011,0.07769314309952602,0.12015436489603837,0.21949279618739315
1973,,-0.3712709498749849,-0.30246034526732146,-0.15097760223855072,-0.38583717228404146,-0.3450845307623931,-0.3035568344027747,-0.2466389568937687,-0.14391710000963098,-0.3881072226530389,-0.37517341034091134,-0.33643483375531635,-0.35177163347129814,-0.320766843461874,-0.2903782149266636,-0.2843858665913417,-0.22244417646479064,-0.1991193366332018,-0.13296223436121635
1974,,-0.2758094385462998,-0.2903057945308797,-0.27596003954372683,-0.2738012657863672,-0.2747796104722472,-0.27952828107648775,-0.28492131809874244,-0.2764653906802831,-0.2689977642771224,-0.28286752748755606,-0.28418873393972677,-0.266210053191677,-0.29232861822165634,-0.26952611398615856,-0.3107489361450061,-0.2693547381313479,-0.2594284543387583,-0.2796620583935767
1975,,0.579497231245991,0.5040287878826368,0.3544239497931896,0.5990183172429071,0.5190418726211896,0.47469666560227464,0.49409530093603693,0.3428108173158111,0.5966904256103214,0.6029948871026323,0.5384280527277943,0.4994749794850808,0.479713708032552,0.4727138287583834,0.5434351979155607,0.4658639950977155,0.39665381259806565,0.33185818818466006
1976,,0.47865585205330397,0.4202915649596415,0.2336410949633485,0.48839987596699075,0.45950242347718606,0.44019105525510094,0.36070897192063756,0.22097167426683972,0.48642007371353135,0.493379979827403,0.45425391801857673,0.4634993612501199,0.47995499514733475,0.40898917583972727,0.3791690125749072,0.349499276759335,0.29414314171716205,0.20462803676243202
1977,,0.24449471966392022,0.09805274419135812,-0.07272129620141288,0.2710035587431632,0.17130755143271137,0.1252488038375914,0.020581479494661936,-0.08263651477808309,0.30285277657748066,0.2234941884192585,0.18318268017378592,0.1615432042024083,0.15652715616776258,0.1004432563155484,0.037961210275621715,0.009777413036142768,-0.039365830902700516,-0.09269547913028109
1978,,0.22661467996279305,0.1301659257977794,0.060655203112033984,0.2481770148927256,0.184358356078836,0.13517354747481636,0.08159101715490347,0.05878267126342185,0.2888883354423484,0.18790887620561714,0.1759374092732453,0.19072590386173038,0.1551807532676519,0.11883464693338075,0.09630008498228237,0.07214260592796973,0.04925540536296302,0.06117497813385553
1979,,0.4066380103747689,0.3764752523725461,0.1902107990207389,0.4099216951132236,0.410476087474523,0.3710265345784829,0.32334247607252053,0.17637245547052216,0.4167669303522752,0.4000386369215705,0.3989577859597786,0.42051031126865723,0.4337862082935653,0.3174302523819523,0.3622106861189176,0.2988342711297598,0.2996709955699768,0.14674258115906813
1980,,0.39034289725681925,0.3449121489398834,0.3262757724358225,0.40048916848602834,0.37871696728710647,0.3154699778183201,0.3208403304351495,0.331531764994752,0.4193354035573369,0.3772451015514593,0.370222157392049,0.38665349270823857,0.30398056225825987,0.3262561791351162,0.36401739491423313,0.290140270351849,0.3294781437028307,0.3313813037150364
1981,,-0.005246068180937868,0.03303586102620737,-0.05121369448450408,-0.01931017745777197,0.0454062829253834,0.03501830248715265,0.029579207048561207,-0.0626732172456852,-0.042753101915237735,0.012230023779173038,0.02441397858963601,0.061461798930241285,0.048472552198722596,0.023944274285135014,0.01698165610024671,0.03902309321045805,-0.01263597816209594,-0.07624210417416022
1982,,0.26740516496445776,0.2767653200156328,0.19427415681833837,0.2729968228093498,0.27018804562744214,0.29338381241003186,0.25252642752958865,0.18671204482531922,0.2683866319837871,0.2797605618332939,0.2551251280888476,0.2812117237307268,0.2900034926449482,0.2977166153916295,0.2532537308783305,0.25258839541825595,0.16429340495820766,0.19338015732047986
1983,,0.3397118709810918,0.26984452997780517,0.20285509492007425,0.3424158577097929,0.3128098257719323,0.271357956034999,0.2282474543356401,0.20199267780505603,0.3488441264147115,0.3306405737938878,0.32835232409691795,0.30024954342915544,0.276777119993979,0.266792538846339,0.24965120691518083,0.21273751732262247,0.20115814486958983,0.20233288115693826
1984,,-0.08204124977222416,-0.012197903437291768,0.07540895613933984,-0.10366404704938359,-0.02518146927576259,0.0020020551099604322,0.0015517867078318481,0.08271123237966171,-0.14501676700676125,-0.04886245918674181,-0.034362508255825985,-0.018092454663014235,0.024689724620934328,-0.015876033018175528,-0.028497938485070096,0.02279955078035978,0.06935497936424895,0.08576537262023609
1985,,0.30489151579889007,0.3246002189025783,0.3279636725939823,0.2887371988730847,0.3515742046722181,0.31260583151976107,0.32621252254981203,0.3279381233241745,0.2451271479193302,0.34304129877207323,0.3386318491935183,0.36248062133501424,0.34344990444692103,0.2866760835641511,0.32209612759129547,0.3284610614610697,0.34658037287131416,0.32319492535303707
1986,,0.04529880333075775,0.14639377186991198,0.18107746874456931,0.035811810922292686,0.08706446649884314,0.14175183589588491,0.16385161827209238,0.18468857260277716,0.020802561086031846,0.05266279524614581,0.06366180076386163,0.1037767465833066,0.10564056599879468,0.169634691618898,0.17483016600649792,0.15569785348357712,0.18447806567531022,0.18473809124289242
1987,,-0.11860458196877499,-0.013665482020704944,0.03874063952397111,-0.14165152781540458,-0.07645173801107763,-0.023665885768795802,0.01941260127611244,0.042676842110923596,-0.14002153570351406,-0.14282518381367626,-0.06842188804891125,-0.08170692111772948,-0.03442100977404572,-0.015521052893604947,0.031840531243459536,0.010750053172756902,0.016984795171569145,0.05064199033657002
1988,,0.21171734736519876,0.21233549410413421,0.16826189991478135,0.1871377090830404,0.25112453737779217,0.20682356356807885,0.1997685613280178,0.16502839786134516,0.1715796026504257,0.20864330533996323,0.2558424235781489,0.24516953853067824,0.20364553896884474,0.20910868326067167,0.204562910213391,0.1970288780067393,0.16752338861088845,0.16380615096596496
1989,,0.12776168266125,0.22525388602174656,0.3154333322189806,0.08814813689335121,0.17944671574025817,0.21954676089508873,0.2678365901168387,0.3210607768019129,0.06957225524171018,0.11209669505328512,0.19541195531278555,0.16630219356368836,0.21019706669000215,0.22633603531752078,0.25702830800514276,0.27501668325486106,0.2946094397951211,0.3286847493382832
1990,,-0.23235053756736834,-0.13237174396907647,-0.03469655992738652,-0.27293490726519665,-0.1886368440886641,-0.14276247778678075,-0.10528804760864396,-0.023519409078121667,-0.27764732923313395,-0.26919293171325653,-0.17102103066333052,-0.20437480629467175,-0.16629996062895536,-0.12491863734172692,-0.085599906035278,-0.11811384790076729,-0.08602504428358215,-0.00557069528273324
1991,,0.47162227578416926,0.4443258460110078,0.3249862222750606,0.49356559979321846,0.4508779953900821,0.47462977428945785,0.3994186115687526,0.3165274292247322,0.4607260176401158,0.5114490468890538,0.4432230230907901,0.45803956900356146,0.525430936328372,0.43853630856209547,0.39957317686387794,0.3984982321831052,0.38538112076857023,0.29857305035452186
1992,,0.19624321447824045,0.1683334016688789,0.08014021030585816,0.21186459955619918,0.1799427717801354,0.20975731715901347,0.14716805087379603,0.06879663215133025,0.2534124957102257,0.1803244122311778,0.177104960867412,0.1830606999307709,0.19470187623745772,0.22076410973001703,0.10635660143680825,0.1721522268096325,0.12992084897090828,0.05312857779366453
1993,,0.1913036482321997,0.16217515339100297,0.09371661519806418,0.19030249805239707,0.17738892172559928,0.1736494172724512,0.16531055664675387,0.08274412375887463,0.25555132295507765,0.14022823384211813,0.19358914168866748,0.16341110924208602,0.2079667990999936,0.14976001835768793,0.14511885318553142,0.1776350836525198,0.12256017048533496,0.07179312534069893
1994,,-0.0428481555482243,-0.011064955562502643,0.007479245579505633,-0.05159095203613273,-0.0250688727518128,0.004079274093074181,-0.025873939924532352,0.01268050837139767,-0.047713904157208,-0.05383152140167857,-0.024715042126798425,-0.025559988154906454,-0.0009914226774562218,0.006983526019894715,-0.02213151204976127,-0.028303843121309513,-0.016651085881506766,0.020609472124546446
1995,,0.32964012236484574,0.3306052213448982,0.3799481398637441,0.3373100192189318,0.2997011804785721,0.3026180900519764,0.32332388739843587,0.392288423816191,0.32112952822005236,0.3551903559181737,0.3185001102735727,0.28466302069192984,0.253189736264646,0.3430341759536655,0.3853006303678823,0.2804560671948244,0.3728672002235456,0.3970769995439476
1996,,0.1708276744152717,0.16894878475081043,0.22583480580222348,0.16592688081643292,0.17502661281681142,0.139091433876114,0.18717996170396356,0.2320876631500115,0.1478122033201612,0.18127092475786766,0.17699557286744882,0.171478227387599,0.14273582730033008,0.1356706696166805,0.21184406600651884,0.17162936595401912,0.1807338586700169,0.24474430780542344
1997,,0.22117712037207338,0.2569085907612485,0.3323361898869661,0.2375569736155203,0.21557903603683704,0.24862209266543167,0.2426901911140078,0.34464065262510823,0.22073050809593964,0.25354991702694196,0.1927810572140154,0.23548515947499937,0.2728577833561867,0.23137473600985903,0.277763826929297,0.2195799558024345,0.32473090914366654,0.350092496394915
1998,,-0.05712606228081507,0.021582486596441797,0.29873817731573893,-0.0755110309559841,-0.002067039146466443,0.004815388465065906,0.059829558891965284,0.3209687671719268,-0.13482850827113446,-0.015129110474305763,-0.028755521277052942,0.022081774346612626,0.016104461259597302,-0.003331797647066592,0.043667682143842645,0.06727247757055044,0.1586573711900685,0.3560115474301586
1999,,0.3341354477608167,0.2688086375497938,0.22278401291439898,0.3969167825090729,0.23729221359969244,0.2363840564657318,0.32726322093375604,0.21525456260011455,0.37702494788521834,0.4152582568456633,0.24682220795753573,0.22702943992952385,0.367647212552753,0.14340900894597275,0.3231719187186839,0.3283025341700718,0.18013530901311126,0.2208500825958748
2000,,-0.05495762787920222,-0.03721995873067985,-0.09970330132645144,-0.05848289849507182,-0.06962432123842177,-0.05321271353986068,0.0354526252098748,-0.11048741411003205,-0.0915707219455073,-0.03165467118195486,-0.0588993667213491,-0.07608094489318284,-0.07308662668435606,-0.03668852789068133,-0.003443745588994851,0.05945883521946271,0.05310438457313471,-0.13369534198565114
2001,,0.2302419363840531,0.014936398371500514,-0.12771199972355807,0.2868161577659474,0.11887556351366113,-0.0005895786504284128,-0.011550735438357274,-0.13495938097938553,0.32150238115171614,0.2609973815882687,0.16079901197400415,0.0878918937359896,0.014197175420019859,-0.012104298594348695,0.01140582583036398,-0.02406082368953244,-0.06922521516002123,-0.14586228018594694
2002,,-0.15165846413526995,-0.17852048677097498,-0.2165830166973105,-0.11756499900371276,-0.20101072413351972,-0.1854053482855852,-0.1767859384612014,-0.21855778580583518,-0.03612905444514902,-0.17654271488558648,-0.19516972805965005,-0.20635250018111595,-0.1991985490661462,-0.17460177964652923,-0.15295736779669633,-0.1905551724132588,-0.16548683559074928,-0.22813004408286797
2003,,0.6625084993069015,0.4535891718131366,0.27977510668940253,0.7537718130113022,0.5004347715039894,0.441011678164561,0.4184932036825828,0.27089682691380457,0.9125226436454585,0.6243848183577738,0.51673696432267,0.48785871354688215,0.44127863867397044,0.44138823031538754,0.4539405944878223,0.39710118879199374,0.35125853149396513,0.2553358503597112
2004,,0.17592272269503795,0.19459577428224883,0.1037072579649978,0.14703443224368606,0.21812432880998633,0.17687783843028648,0.1850089686801466,0.09801634130269488,0.1728716307183158,0.12323881388907121,0.23450640161570546,0.20484990992994678,0.18449368540352618,0.17065974831040998,0.2125859446008962,0.16842351008131162,0.2115347588599814,0.07561941700400099
2005,,0.048049042360465144,0.10472945787838706,0.05601987003116804,0.03178017170607417,0.08295694551021615,0.08533662759304828,0.12040809853142487,0.0509988310396583,0.03776827175257247,0.02646027290916364,0.08087077846035728,0.08388348690561598,0.05291691980748214,0.11154090469143085,0.13882174198390618,0.10824573731151155,0.13126794760675442,0.03386644352554602
2006,,0.1874515120312521,0.1416894912865878,0.15452998650848948,0.1745126328609703,0.17742978558803313,0.1459526186053539,0.13959395124232143,0.1557864329507923,0.18391485143142194,0.16602647095039091,0.2126883626610414,0.14836250896262704,0.15679514880721324,0.13780163267084244,0.13209891353670922,0.14332247559831846,0.1437078505175413,0.15856200231963902
2007,,-0.06721445089678324,0.044050025465941056,0.0673535425459737,-0.08521433828472458,-0.026705115087720777,0.07172981198727468,0.04238868606066748,0.06951753557750795,-0.0911390417905078,-0.07892771603544657,-0.031366425082444915,-0.022783156940423432,0.07478762410001849,0.06946312976220126,0.03795972958925553,0.044766555282788056,0.08360701440101326,0.06600630937572727
2008,,-0.38098834284060634,-0.342066174868918,-0.36669372171888237,-0.40343438600276615,-0.31503634316186746,-0.3152977885320698,-0.4021779963761202,-0.36327497156828237,-0.44687838777084254,-0.36729374372106516,-0.34166728335596086,-0.2933346278526293,-0.3631117438994189,-0.27836496372872677,-0.4014175545402664,-0.402535279840853,-0.41810198604820736,-0.3522293069817075
2009,,0.3692685498993471,0.3701907422416846,0.2702798119135006,0.3740423999366649,0.33631947798240747,0.35560357729408354,0.40560938599352814,0.2601541366493958,0.46954141638518077,0.30368563924136915,0.3593872117975212,0.3172476974428098,0.3686740954067189,0.3479953298767986,0.4226108152889654,0.39655318038245757,0.37259448393011785,0.23850851650491323
2010,,0.2836437785451569,0.2729139557814724,0.15259963250770925,0.2895639101607641,0.2759286425507761,0.2977876418843928,0.2747876855651048,0.13983531806846927,0.2772567968925408,0.301155708630787,0.2777236318306433,0.27421468994420817,0.30248455186251744,0.2938386361592653,0.2356971859396053,0.2967928674659086,0.21492507598870803,0.12421802186625341
2011,,-0.09337644966616987,-0.019337464802021698,0.019547895312325148,-0.1148780909717837,-0.0351696928895906,-0.014670130657577274,-0.008321608406338,0.020565329056833725,-0.14029035632928077,-0.09193775247983549,-0.06299748253043591,-0.0124081757298381,-0.04527488631084109,0.008018313895981066,-0.032307633854457896,0.004130217003972536,-0.01304929378326769,0.02897634813928396
2012,,0.1768695725175593,0.16752856692634643,0.16250365325420346,0.17166128321002905,0.16815840195209075,0.1767414854951106,0.16833989063137667,0.16173801705116442,0.18970683013972356,0.15156541833928028,0.1867153944042108,0.15914172001120996,0.18101501692838018,0.1718045500544947,0.16299106449752565,0.17112436068751014,0.16318887841224172,0.161591702287454
2013,,0.4721613414035015,0.42330145074201897,0.3348051276841011,0.47285142059680085,0.4296633936852139,0.4226855102039839,0.38813329289993126,0.3320221659852973,0.5029545180806589,0.4511123069930618,0.47174409868005784,0.403722055687753,0.4196790305556042,0.42559630991066855,0.4331629986616501,0.3618771566602941,0.36272482130665873,0.3254660126963933
2014,,0.03737737066205504,0.056018400507654276,0.13245681120216846,0.012332137269073673,0.0533415177323886,0.06536075391926666,0.10738582397805829,0.13104532694596016,0.01527857825814083,0.009930250511475558,0.06808267455918937,0.0419106493270156,0.05182728352971133,0.07625916367797547,0.051367420091715355,0.1481859390735738,0.15385625258042324,0.12592901313027682
2015,,-0.05438139108218776,-0.04152674746679497,0.01055775766605116,-0.08200967464581499,-0.04557026016536969,-0.04906743810976433,-0.01355629178948059,0.011970485952249366,-0.09098517038062792,-0.07208665513895118,-0.024345219435201293,-0.06231329038654276,-0.06033528560064361,-0.040884378356433326,-0.02588643923743339,-0.004834577076328617,-0.028693163965709534,0.020605912170515772
2016,,0.23001616816559145,0.18531241012809652,0.12296426779100833,0.21051345125447196,0.21747504762626635,0.20320514002559054,0.16074320681086407,0.1200363600562,0.17032111102925152,0.24118009097916948,0.24836702883775952,0.19433020693104974,0.22725664055005113,0.18359627916208798,0.1619097626364321,0.15976458027061824,0.166556363399182,0.11071878609195562
2017,,0.15894811961993915,0.18245983425258894,0.23181876190489192,0.14796728538144066,0.15866905536653797,0.16627762714327265,0.23255790789651476,0.23098101573098706,0.1511672805046771,0.1456449469609864,0.17126951819166036,0.14800441003926013,0.1483455222597727,0.18060209709885466,0.2155744946828939,0.24293070977738118,0.20499126525568867,0.2358079185931432
2018,,-0.11738548182606234,-0.1081821543333259,-0.040691345776324606,-0.13049573315664253,-0.091219793959601,-0.12207011472705087,-0.08956638663440619,-0.03747723927750346,-0.1620187369923608,-0.1095217280237285,-0.10402138171365671,-0.08058233332253995,-0.12124037479233685,-0.11987852079294836,-0.10235567544564017,-0.08102421852011665,-0.08844685939965191,-0.028057228574974502
2019,,0.22484651921270515,0.2784231652596121,0.3113395014172149,0.1926033360516235,0.23729608992012574,0.28899243817501263,0.29920941714280347,0.3120518780441457,0.11906301254215745,0.23659680014256423,0.2598756297680933,0.21841786003977082,0.2569241249593073,0.31418231544229624,0.28857270006803826,0.3049305539697633,0.29793758827369854,0.3151721769678968
2020,,0.20780448818175223,0.2219801080959105,0.23656189559885887,0.2827654663746213,0.18208821289565758,0.2448234636637152,0.24201510701491546,0.23466990882256433,0.34205068699823116,0.2501406946728224,0.12726341073279568,0.2182178683087337,0.31484923259418207,0.19479397778387897,0.19974671453724113,0.2669749492793638,0.222503879324222,0.23753098776945936
2021,,0.23308652570795196,0.15660319880803208,0.25697707002883496,0.27941705948696893,0.18464986927247118,0.13953560497711148,0.1865626784374841,0.2618771735130556,0.22453366732824165,0.3251495537301303,0.19395064459917544,0.18154590515465685,0.17062556439434706,0.11680730049345334,0.16805529292328703,0.19689762335670724,0.2607231954664151,0.26225650997647154
2022,,-0.19101368062660629,-0.17620404756709296,-0.1944812973726212,-0.21878705928447573,-0.19274566241714164,-0.17932196280266377,-0.16923269982226008,-0.1957833230317353,-0.22900617275084978,-0.21134928917049334,-0.15921541010006568,-0.21851377675454897,-0.17746364680047433,-0.18077145930096317,-0.15588893419588756,-0.17688841876614936,-0.13660476643464292,-0.20563902835898462
2023,,0.11382186422950946,0.21680853141284917,0.27555086764089043,0.06779085597263168,0.19530146031806295,0.20318572464171236,0.1773070806883561,0.2846673074034556,0.05366304771834596,0.07715498369997809,0.1639194649101543,0.21856152470150358,0.2267647284373906,0.1845726301086814,0.23095958111970272,0.14646643890028455,0.14991840215159824,0.30847714011086946
2024,,0.09143951537957862,0.138851059885575,0.2622208044687855,0.10244538616332943,0.1052059224684232,0.10841447973159113,0.15512504505523417,0.2707454826409026,0.091793086131565,0.10856649212632008,0.07923857716044336,0.12108059159806173,0.10655605039166138,0.11389463623685869,0.1854834261726852,0.13953672962955377,0.13433615479520777,0.290613681855602
2025,,0.1508710965391582,0.09411425160146569,0.1822830716555186,0.15827210171919193,0.12186386570860774,0.08460355720948765,0.1106415117999433,0.18611908466153748,0.1650464917714789,0.15320648958212213,0.14327269091069605,0.10756217331539975,0.07368192396167172,0.09157389228174484,0.10301331665443492,0.11516324667070599,0.11361340226045291,0.1952078138739448
