date,SMALL LoINV,ME1 INV2,SMALL HiINV,BIG LoINV,ME2 INV2,BIG HiINV
196307,-0.009962,-0.005098,-0.0013850000000000002,-0.012396,0.005487,0.001981
196308,0.046421000000000004,0.044236000000000004,0.055403,0.061849,0.048311,0.060557999999999994
196309,-0.01047,-0.021324,-0.020696,-0.011901,-0.014168,-0.00466
196310,0.020194,0.010046,0.014467,0.020655,0.018442,0.071314
196311,-0.007462,-0.011328,-0.024649,0.001795,0.001686,-0.02643
196312,-0.000953,0.00185,0.011097,0.023372,0.026013,0.016368
196401,0.042674000000000004,0.030242,0.014225000000000002,0.027854,0.027354,0.026678
196402,0.024559,0.028335,0.015921,0.025349,0.014431000000000001,0.017769999999999998
196403,0.058353,0.032906,0.024035,0.041144,0.009174,0.01581
196404,-0.009704,-0.001621,-0.015191,-0.017953,0.011802,0.010062999999999999
196405,0.026522,0.005430000000000001,9e-06,0.008658,0.009869,0.032524000000000004
196406,0.021025000000000002,0.020395,0.011954,0.0032379999999999996,0.023249,0.010308
196407,0.028697,0.026663000000000003,0.019014,0.03132,0.022080000000000002,0.003944
196408,-0.01391,-0.000718,-0.006177,-0.004171,-0.011141000000000002,-0.018082
196409,0.038084,0.03137,0.027359,0.036801,0.025308,0.036381000000000004
196410,0.020470000000000002,0.01619,0.015018,0.005135,0.011019000000000001,0.000238
196411,-0.0071460000000000004,-0.004735,0.00345,0.010835,0.00321,0.0034620000000000002
196412,-0.02004,-0.001165,0.001322,-0.005212,0.009276,0.004419
196501,0.07098,0.058129999999999994,0.064818,0.04750600000000001,0.026261,0.054119
196502,0.040616000000000006,0.035247,0.043216000000000004,0.008586,-0.000129,0.018354
196503,0.01672,0.012723,0.003453,-0.010586,-0.014157999999999999,-0.0103
196504,0.037656,0.05048,0.053879,0.023653,0.031278,0.052821999999999994
196505,0.005455,-0.004135,-0.00012200000000000001,0.0037790000000000002,-0.003794,-0.0023669999999999997
196506,-0.09270899999999999,-0.084814,-0.10148199999999999,-0.058661000000000005,-0.039569,-0.058578
196507,0.033745,0.02561,0.032759,0.015652,0.013623000000000001,0.018227
196508,0.062178000000000004,0.047626,0.060474,0.022612999999999998,0.024383,0.040480999999999996
196509,0.044771,0.037928,0.040292,0.040458,0.030405,0.030326
196510,0.06483799999999999,0.06326999999999999,0.072878,0.024758,0.02395,0.031920000000000004
196511,0.075034,0.043884,0.062021,-0.008942,-0.010115,0.02153
196512,0.028610000000000003,0.041566,0.045638,0.012657,0.010541,0.00668
196601,0.06611600000000001,0.062575,0.059234999999999996,-2e-05,0.003011,0.011977999999999999
196602,0.047885,0.024700000000000003,0.037742,-0.032177,-0.016301,0.006937
196603,-0.015024,-0.030564,-0.017133,-0.013261,-0.029123,-0.010176000000000001
196604,0.06759699999999999,0.031707,0.066106,0.016033,0.016287,0.035943
196605,-0.117393,-0.095945,-0.099109,-0.051912,-0.049351000000000006,-0.040500999999999995
196606,0.009377,-0.0006519999999999999,0.00197,-0.002499,-0.016198999999999998,-0.010912
196607,-0.017534,-0.012053000000000001,-0.021584,-0.0014990000000000001,-0.007106,-0.032298
196608,-0.10281499999999999,-0.09628600000000001,-0.10863300000000001,-0.068503,-0.071561,-0.078106
196609,-0.013825,-0.016927,-0.019189,0.004,0.004988,-0.037688
196610,-0.007063000000000001,-0.002222,-0.037446,0.068686,0.054415,0.014523999999999999
196611,0.022879999999999998,0.036031,0.073762,-0.015403,0.007562,0.063929
196612,0.012999,0.010227,0.037448999999999996,0.009155,0.006710000000000001,-0.012024
196701,0.16595600000000002,0.159689,0.189739,0.062203999999999995,0.072331,0.099714
196702,0.042177,0.028439000000000002,0.03318,-0.010625,0.010926,0.016912
196703,0.058277,0.064676,0.06640399999999999,0.039984,0.035622,0.061831
196704,0.038907,0.04289,0.052869,0.012282999999999999,0.041808,0.072783
196705,-0.012839,-0.01805,-0.018006,-0.022728,-0.049581,-0.049866
196706,0.072325,0.085213,0.103634,0.01351,0.01481,0.032097
196707,0.101691,0.078458,0.074008,0.06634999999999999,0.037806,0.040849
196708,0.009863,0.011033,-0.013580000000000002,-0.007007,-0.006494,-0.010509999999999999
196709,0.049856,0.0496,0.059019,0.030678,0.02927,0.040184
196710,-0.036839,-0.007537,-0.036224,-0.049485,-0.031273,0.004747
196711,-0.012658,0.011888000000000001,0.013546,-0.005507,0.008856000000000001,0.013954
196712,0.085132,0.06959,0.09087899999999999,0.031596,0.024782000000000002,0.026397
196801,0.044212,0.017502,-0.020682999999999997,-0.01207,-0.035457999999999996,-0.076349
196802,-0.04611,-0.054206000000000004,-0.07299800000000001,-0.017790999999999998,-0.028353000000000003,-0.040014
196803,-0.007105,-0.0065969999999999996,-0.020059999999999998,-0.011855,0.00801,0.024145
196804,0.140472,0.131715,0.170564,0.06724000000000001,0.079252,0.111709
196805,0.08627900000000001,0.091457,0.092056,0.005948,0.007831,0.038539
196806,0.023544,0.010589999999999999,-0.006395,0.021462,0.015432999999999999,-0.00453
196807,-0.011225,-0.02992,-0.05595,-0.011923999999999999,-0.006939,-0.042999
196808,0.047245999999999996,0.031128,0.040251999999999996,0.019294,0.011152,0.016937999999999998
196809,0.066746,0.069949,0.080227,0.064952,0.032461000000000004,0.034072
196810,0.008317999999999999,0.011777,-0.000264,0.032139,0.016623000000000002,-0.016148
196811,0.071863,0.077054,0.082768,0.027986,0.061456,0.067375
196812,0.006521,-0.007482,-0.007258,-0.024265,-0.0412,-0.049079
196901,-0.009340000000000001,-0.0027010000000000003,-0.021408,-0.010423,0.0032740000000000004,-0.024146
196902,-0.089637,-0.075936,-0.101659,-0.044031,-0.045971000000000005,-0.047057
196903,0.02099,0.034471,0.031516,0.033488000000000004,0.036202,0.031758
196904,0.012894000000000001,0.025508000000000003,-0.0028299999999999996,0.006834,0.026814,0.025666
196905,0.004935999999999999,0.005410000000000001,-0.005613,-0.000138,0.013894,-0.010613
196906,-0.117799,-0.10887000000000001,-0.12362999999999999,-0.073888,-0.063049,-0.035525
196907,-0.081038,-0.08997,-0.113724,-0.05679,-0.060496,-0.060842
196908,0.040346,0.041784,0.08003,0.029822,0.052095,0.069688
196909,-0.015049,-0.008004,-0.018509,-0.029155,-0.029435,-0.013222000000000001
196910,0.077728,0.080301,0.110082,0.047478,0.053169,0.056685
196911,-0.048822000000000004,-0.052051999999999994,-0.060597000000000005,-0.025375,-0.038294999999999996,-0.017851
196912,-0.065323,-0.043269,-0.051745,-0.033478,-0.007090999999999999,-0.008624
197001,-0.030465,-0.029047999999999997,-0.074439,-0.05711,-0.08189199999999999,-0.092324
197002,0.049531,0.031718,0.032108,0.08037100000000001,0.061647,0.040371
197003,-0.000182,-0.017669999999999998,-0.049808000000000005,0.020358,-0.002968,-0.018501
197004,-0.132748,-0.137492,-0.205458,-0.085001,-0.084118,-0.13026300000000002
197005,-0.078842,-0.09578900000000001,-0.125649,-0.049456,-0.05219699999999999,-0.078466
197006,-0.056596,-0.067299,-0.08899800000000001,-0.050858,-0.038208,-0.072665
197007,0.069106,0.066339,0.070744,0.09672900000000001,0.069207,0.060672
197008,0.06415799999999999,0.066207,0.065397,0.058730000000000004,0.04165,0.060243000000000005
197009,0.098143,0.09986,0.165841,0.021115,0.034001,0.072975
197010,-0.046443000000000005,-0.052637,-0.07403,-0.009205,-0.008937,-0.026563
197011,0.020718999999999998,0.029722,0.00294,0.060443,0.053824,0.050406000000000006
197012,0.08835000000000001,0.09142099999999999,0.084178,0.054038,0.064428,0.052262
197101,0.142,0.107493,0.11172599999999999,0.033439,0.040269000000000006,0.064826
197102,0.027735,0.031125,0.044726,0.019502,0.011789,0.018523
197103,0.051029,0.060065,0.074126,0.03153,0.039228,0.061364999999999996
197104,0.038103,0.043383000000000005,0.021931,0.043781,0.028386,0.042941
197105,-0.040728999999999994,-0.049762,-0.054886,-0.037423000000000005,-0.038784,-0.027246000000000003
197106,-0.027288999999999997,0.002567,-0.010107999999999999,-0.0054,0.005554,0.010894
197107,-0.053057999999999994,-0.040834,-0.067914,-0.040552000000000005,-0.032243,-0.053419999999999995
197108,0.054516999999999996,0.042968,0.039797,0.08047900000000001,0.03282,0.043372
197109,-0.01873,-0.005488,0.008669,-0.007345000000000001,-0.004586,-0.003096
197110,-0.061571,-0.052393999999999996,-0.051504,-0.052432,-0.036387,-0.034756
197111,-0.029624,-0.027012,-0.03184,-0.0046429999999999996,0.001446,0.006431
197112,0.123386,0.106235,0.129473,0.07094299999999999,0.087142,0.098428
197201,0.099205,0.073923,0.082155,0.03004,0.010092,0.036386
197202,0.040642,0.026616,0.035255999999999996,0.021411,0.03069,0.036766
197203,-0.001902,0.00020899999999999998,0.010438000000000001,0.020219,0.0044919999999999995,0.011921999999999999
197204,0.010357,0.0062380000000000005,0.008270999999999999,-0.013197,0.007352,0.010094
197205,-0.016846,-0.019957,-0.017938,-0.00971,0.020392999999999998,0.030727
197206,-0.024676,-0.03258,-0.035238,-0.031246999999999997,-0.020992999999999998,-0.013664
197207,-0.0358,-0.026482000000000002,-0.041862,-0.020798,0.002894,-0.000603
197208,0.01955,0.018671,-0.0009329999999999999,0.063513,0.040256999999999994,0.026086
197209,-0.037795,-0.025022000000000003,-0.02863,-0.034763,-0.000315,-0.0045910000000000005
197210,-0.013533,-0.0017180000000000001,-0.027271999999999998,0.001116,0.010529,0.01425
197211,0.060639000000000005,0.060729,0.03891,0.081772,0.049656000000000006,0.036722000000000005
197212,-0.017245999999999997,-0.010257,-0.01506,-0.023717000000000002,0.017463,0.01692
197301,-0.044942,-0.051048,-0.064478,-0.041749999999999995,-0.008596,-0.040309
197302,-0.078887,-0.069754,-0.097441,-0.053686,-0.037333,-0.036056
197303,-0.012678,-0.033928,-0.02915,-0.015053,0.000737,-0.008656
197304,-0.061162,-0.050568999999999996,-0.09332900000000001,-0.040003000000000004,-0.03657,-0.058221999999999996
197305,-0.088141,-0.074989,-0.08575100000000001,-0.042224000000000005,-0.013983,-0.010601000000000001
197306,-0.027522,-0.027627000000000002,-0.051017,-0.030221,-0.0036149999999999997,-0.008435
197307,0.101166,0.106675,0.152803,0.06243699999999999,0.032395,0.075325
197308,-0.042977,-0.042293000000000004,-0.044131000000000004,-0.012129000000000001,-0.032494,-0.035858
197309,0.097968,0.08924,0.107249,0.08656000000000001,0.042753,0.042598000000000004
197310,0.012419,0.002832,-0.019265,0.017643,-0.003954,-0.005198
197311,-0.179448,-0.175553,-0.208125,-0.132083,-0.10347899999999999,-0.136534
197312,-0.015127,-0.026081,-0.018996,0.046569,0.015303,0.001727
197401,0.145475,0.10207700000000001,0.077629,0.009318,-0.005286,-0.012650999999999999
197402,0.017914,0.011214,-0.005428,0.025560999999999997,-0.0043,-0.0044740000000000005
197403,-0.001666,0.0028799999999999997,-0.0054069999999999995,-0.020389,-0.023496000000000003,-0.02537
197404,-0.035761,-0.051114,-0.063448,-0.028142999999999998,-0.046071,-0.043246
197405,-0.068071,-0.068614,-0.081589,-0.043819,-0.034078,-0.023662000000000002
197406,-0.010698000000000001,-0.013248,-0.037526000000000004,-0.011196,-0.012556000000000001,-0.044061
197407,-0.036259,-0.037799,-0.061596000000000005,-0.035911,-0.07524600000000001,-0.10058600000000001
197408,-0.06178,-0.080894,-0.09576499999999999,-0.084527,-0.081746,-0.10236700000000001
197409,-0.066524,-0.07226,-0.11507899999999999,-0.078025,-0.106862,-0.14595
197410,0.09066800000000001,0.093781,0.10964800000000001,0.18331399999999998,0.155302,0.222576
197411,-0.031996000000000004,-0.04303,-0.063474,-0.015295000000000001,-0.042950999999999996,-0.041826999999999996
197412,-0.056998,-0.053013000000000005,-0.085471,-0.012056,-0.013664,-0.051251
197501,0.269154,0.259071,0.287009,0.134974,0.126677,0.138211
197502,0.044246999999999995,0.039755,0.047306999999999995,0.031974999999999996,0.065718,0.071168
197503,0.060988,0.067922,0.093823,0.051429,0.01539,0.045473999999999994
197504,0.039617,0.039859,0.045727000000000004,0.048944999999999995,0.038407,0.070317
197505,0.067748,0.077066,0.09014799999999999,0.054844,0.059179,0.043625
197506,0.071803,0.07494100000000001,0.065588,0.060152000000000004,0.051236,0.044868
197507,-0.023576,-0.022546,-0.030962,-0.04678,-0.071587,-0.06415799999999999
197508,-0.054208,-0.042945000000000004,-0.051347,-0.037602000000000003,-0.016223,-0.020731000000000003
197509,-0.034876,-0.040448000000000005,-0.035889000000000004,-0.036771,-0.028141,-0.047060000000000005
197510,0.029473,0.023269,0.021241,0.08289400000000001,0.07538700000000001,0.045599
197511,0.026435,0.028443,0.020337,0.042102,0.043919,0.013391
197512,-0.006332,-0.0015249999999999999,-0.020689000000000003,-0.009066,-0.013087,-0.010079
197601,0.208796,0.18617999999999998,0.188861,0.14172,0.12039899999999999,0.114982
197602,0.10159499999999999,0.08114,0.07849300000000001,0.034342000000000004,-0.001215,-0.016509
197603,0.024662000000000003,0.015858,0.007644,0.033127,0.027250999999999997,0.030444
197604,-0.014234,-0.009433,-0.010538,-0.020072999999999997,-0.016055,-0.002782
197605,-0.027768,-0.01944,-0.017455000000000002,-0.014093,-0.017387,0.003481
197606,0.039512,0.038,0.040538,0.061098,0.048204000000000004,0.039638
197607,0.001016,0.009527,-0.004358,-0.008282000000000001,-0.003802,-0.009004
197608,-0.024346999999999997,-0.011356999999999999,-0.026195,-0.018071,0.009415,-0.004908
197609,0.017356,0.031393,0.033462,0.023695,0.021519,0.030304
197610,-0.021899000000000002,-0.018975,-0.021587000000000002,-0.029015,-0.0173,-0.021828
197611,0.029742,0.03676,0.038471000000000005,0.006346000000000001,0.012199,-0.003848
197612,0.107522,0.09567,0.089045,0.077195,0.059642,0.047564999999999996
197701,0.028725,0.019375,0.017722,-0.029895,-0.03517,-0.057438
197702,-0.010517,0.0005059999999999999,-0.012199,-0.023499,-0.015489,-0.018099
197703,0.000912,0.007832,0.003646,-0.00955,-0.014235,-0.010088999999999999
197704,0.020912,0.014164000000000001,0.013929,0.008672,0.008947,-0.005087
197705,0.0013089999999999998,0.000835,0.000472,-0.013752,-0.008324,-0.017283
197706,0.071066,0.055564999999999996,0.07773,0.040236,0.042464,0.058951
197707,0.00121,0.0011740000000000001,0.002894,-0.013515999999999999,-0.013576999999999999,-0.017643
197708,-0.017771,-0.005471,0.001921,-0.0028020000000000002,-0.019473,-0.009177999999999999
197709,0.010327999999999999,0.016318,0.013653,-0.01385,0.0045390000000000005,-0.004193
197710,-0.033473,-0.012931,-0.029954,-0.043913,-0.042602,-0.038155999999999995
197711,0.08299799999999999,0.07719000000000001,0.077246,0.051586,0.036696,0.043646000000000004
197712,0.019718,0.013266,0.026313,-0.0025180000000000003,0.00683,0.004065
197801,-0.015896999999999998,-0.029446,-0.039354,-0.054786,-0.057957999999999996,-0.06247899999999999
197802,0.030073,0.018471,0.019436,-0.014541,-0.007611,-0.024932
197803,0.08333600000000001,0.061398,0.061006,0.038464,0.032813,0.020849000000000003
197804,0.074706,0.071971,0.09405200000000001,0.096113,0.074769,0.102177
197805,0.06867899999999999,0.044455,0.074529,0.027332000000000002,0.014157,0.015683
197806,-0.004946,0.014249000000000001,-0.002463,-0.010248,-0.017710999999999998,-0.010241
197807,0.051862000000000005,0.055458,0.065113,0.058754,0.055138999999999994,0.060202
197808,0.097819,0.07315,0.08599399999999999,0.042594,0.033208,0.044484
197809,-0.006653,-0.012056,-0.012523,0.0047870000000000005,-0.006894,-0.020741
197810,-0.207021,-0.17593,-0.224377,-0.108048,-0.08877800000000001,-0.113578
197811,0.051596,0.050316,0.07845200000000001,0.036923,0.027572,0.033774
197812,0.016981,0.015071000000000001,0.031559,0.005180000000000001,0.016513,0.019977
197901,0.099763,0.077083,0.083697,0.053994,0.04503,0.038433
197902,-0.021664,-0.025552000000000002,-0.02905,-0.027268,-0.027839999999999997,-0.039081000000000005
197903,0.10176299999999999,0.076001,0.10729699999999999,0.079746,0.05114,0.068332
197904,0.036793,0.01607,0.027161,0.000708,0.0041470000000000005,0.005567
197905,-0.009532,-0.012927,-0.018127,-0.024123000000000002,-0.014986999999999999,-0.009294
197906,0.049822,0.058756,0.060288,0.05497899999999999,0.03707,0.055672
197907,0.030713,0.033811,0.025200999999999998,0.026692999999999998,0.007348,0.021707
197908,0.075542,0.07557699999999999,0.085634,0.059669999999999994,0.055573,0.078696
197909,-0.003549,-0.007614999999999999,-0.000245,0.007638000000000001,-0.001307,-0.005696
197910,-0.113637,-0.10198800000000001,-0.098087,-0.058966000000000005,-0.066449,-0.077237
197911,0.078092,0.071334,0.100344,0.061944,0.050145,0.076319
197912,0.065663,0.058021,0.070728,0.020401,0.015894,0.03545
198001,0.084001,0.071908,0.083055,0.086074,0.052169999999999994,0.049191000000000006
198002,-0.020338,-0.02024,-0.014988,0.027334,-0.004061,-0.036447
198003,-0.17954,-0.16545500000000002,-0.19060500000000002,-0.133363,-0.09316,-0.101248
198004,0.067043,0.056708999999999996,0.063579,0.055220000000000005,0.046439,0.051945
198005,0.072157,0.079744,0.08358700000000001,0.06515699999999999,0.050969,0.066294
198006,0.040261,0.045323,0.052199999999999996,0.029647999999999997,0.031638,0.033844
198007,0.080832,0.089328,0.128172,0.073944,0.059421,0.07543
198008,0.054732,0.057085,0.065788,0.0166,0.016503,0.020086
198009,0.027059000000000003,0.024420999999999998,0.04949099999999999,0.022404,0.016998,0.057186
198010,0.029315,0.035983999999999995,0.046379000000000004,0.01818,0.01175,0.029665
198011,0.057055999999999996,0.052202,0.100863,0.08373799999999999,0.09964,0.150337
198012,-0.024971,-0.01891,-0.044694000000000005,-0.033083999999999995,-0.023417,-0.038841
198101,0.003644,0.008015,-0.02794,-0.029317000000000003,-0.029697,-0.08304399999999999
198102,0.014592,0.024856,0.0007639999999999999,0.031348,0.025403,0.003946
198103,0.06605699999999999,0.069981,0.090745,0.06765,0.027888000000000003,0.054235
198104,0.031485,0.031882,0.03136,-0.00321,-0.015295000000000001,-0.03394
198105,0.024207,0.025933,0.044558,-0.004502,0.008716,0.010843
198106,-0.0042699999999999995,0.0038469999999999997,-0.04053,-0.0031769999999999997,0.00030900000000000003,-0.020764
198107,-0.021653,-0.020344,-0.025244,-0.029376000000000003,-0.009266,0.02749
198108,-0.073626,-0.055805,-0.08936,-0.056193,-0.048037,-0.06814300000000001
198109,-0.073748,-0.059752,-0.093724,-0.053853,-0.03333,-0.084525
198110,0.076519,0.07014000000000001,0.086023,0.044903000000000005,0.03971,0.09114000000000001
198111,0.028365,0.049680999999999996,0.02028,0.055359,0.045859,0.043449
198112,-0.007684,-0.010794,-0.026484,-0.015368,-0.021394000000000003,-0.045658000000000004
198201,-0.027791999999999997,-0.022792,-0.046064999999999995,-0.025737,-0.005195999999999999,-0.046411
198202,-0.033083999999999995,-0.019828,-0.063567,-0.023051,-0.033573,-0.083956
198203,0.004462,0.003974,-0.020556,-0.004592,0.004202,-0.026962
198204,0.055170000000000004,0.049359,0.063896,0.062786,0.032841999999999996,0.055023
198205,-0.024113000000000002,-0.017473000000000002,-0.033068,-0.03998,-0.026469,-0.028555999999999998
198206,-0.019975,-0.014789000000000002,-0.033814000000000004,-0.008961,-0.004668,-0.045807
198207,-0.006855,-0.008076999999999999,-0.023073,-0.023651,-0.015711,-0.036226
198208,0.08629400000000001,0.085861,0.08362299999999999,0.133131,0.119482,0.13247899999999999
198209,0.037176999999999995,0.048027,0.030085,0.010672,0.014754,0.018229
198210,0.134071,0.130475,0.14675000000000002,0.14260799999999998,0.09868600000000001,0.135992
198211,0.097681,0.090512,0.085482,0.051818,0.039369999999999995,0.058159999999999996
198212,0.018283,0.008020000000000001,0.009823,0.009608,0.020754,-0.001989
198301,0.068079,0.055823,0.083951,0.041021999999999996,0.034085000000000004,0.036275
198302,0.07129400000000001,0.06680799999999999,0.042679,0.025701,0.027031999999999997,0.034107
198303,0.06834699999999999,0.054326,0.03087,0.052754,0.028334,0.034186999999999995
198304,0.082666,0.076433,0.073178,0.083861,0.075117,0.063217
198305,0.069652,0.050996,0.07153999999999999,-0.0023669999999999997,-0.013824000000000001,0.024286
198306,0.051453,0.043642,0.043526999999999996,0.025184,0.033119,0.048798
198307,-0.016587,-0.013206,-0.032547,-0.012206999999999999,-0.028553000000000002,-0.053857999999999996
198308,-0.035065,-0.020055,-0.037456,0.031382,0.013435999999999998,-0.003208
198309,0.020516,0.025057999999999997,0.015521,0.014764999999999999,0.022570999999999997,0.009726
198310,-0.047651000000000006,-0.041809000000000006,-0.071667,-0.007494,-0.007852,-0.043404
198311,0.052438000000000005,0.047880000000000006,0.039956,0.030607000000000002,0.019986999999999998,0.030379
198312,-0.007026,-0.009084,-0.021952,-0.001159,-0.008192,-0.01276
198401,-0.004414,-0.001225,-0.02459,0.0023580000000000003,-0.001043,-0.035163
198402,-0.054668,-0.04804,-0.056569,-0.023955999999999998,-0.032473999999999996,-0.052293000000000006
198403,0.018991,0.010829,0.008934,0.023424999999999998,0.010597,0.010541
198404,-0.008185,0.000952,-0.006705,0.013666000000000001,0.010398000000000001,-0.003292
198405,-0.055246,-0.037572,-0.061494,-0.061340000000000006,-0.050449,-0.04489
198406,0.022199,0.030291000000000002,0.031721,0.010658,0.033961,0.032549999999999996
198407,-0.058562,-0.020183,-0.047289000000000005,-0.040536,-0.011136,-0.008529
198408,0.10530099999999999,0.100422,0.130417,0.129727,0.099355,0.122729
198409,0.004689,0.016127,-0.020708999999999998,0.007561,0.005338000000000001,-0.014797
198410,-0.024792,0.002625,-0.012910999999999999,-0.008107999999999999,0.010914,0.000745
198411,-0.018675,-0.002452,-0.033511,-0.000156,-0.004222,-0.024293
198412,0.005579,0.022113,0.025163,0.021854,0.025658,0.027797000000000002
198501,0.10597300000000001,0.09814500000000001,0.137705,0.07102800000000001,0.068492,0.108491
198502,0.025571999999999998,0.025492,0.025007,0.026978,0.018625,0.0054600000000000004
198503,-0.010602,-0.001487,-0.026996000000000003,0.019518999999999998,0.004066,-0.021357
198504,-0.008495,0.008355,-0.015832,-0.0007920000000000001,-0.001967,-0.007749000000000001
198505,0.028919999999999998,0.037526000000000004,0.045453,0.054587000000000004,0.061258,0.066623
198506,0.00622,0.025246,0.022155,0.010426999999999999,0.019739,0.014952
198507,0.025781000000000002,0.021114,0.025628,-0.0053349999999999995,-0.008872999999999999,0.002224
198508,-0.0037459999999999998,0.006444999999999999,-0.020775000000000002,0.005556,-0.0033179999999999998,-0.016047
198509,-0.056006,-0.042587,-0.065389,-0.024788,-0.033115,-0.046919
198510,0.027808000000000003,0.041114,0.031215000000000003,0.034234,0.053329,0.052077
198511,0.046763000000000006,0.072168,0.079279,0.060828,0.072697,0.075331
198512,0.028662,0.045721,0.04673,0.035782,0.044726999999999996,0.053019
198601,0.013673999999999999,0.016257,0.02527,-0.013003,0.015834,0.015177000000000001
198602,0.05557,0.077581,0.075956,0.066262,0.09099399999999999,0.07053
198603,0.050140000000000004,0.052332000000000004,0.045124000000000004,0.058089,0.060412999999999994,0.046935000000000004
198604,0.008285,0.010885,0.021609,0.006602,-0.025944,-0.004711
198605,0.035677,0.050112,0.0337,0.063179,0.054082,0.043092
198606,0.0012770000000000001,0.014726999999999999,0.00031800000000000003,0.011087,0.030310999999999998,-0.004529
198607,-0.09485900000000001,-0.06991900000000001,-0.101313,-0.064283,-0.036444000000000004,-0.07409
198608,0.038635,0.035903,0.024554999999999997,0.105564,0.074112,0.053276000000000004
198609,-0.049256,-0.055526,-0.073883,-0.041132,-0.093421,-0.090732
198610,0.036137,0.029062,0.036097000000000004,0.065518,0.058052,0.045381
198611,0.000843,0.003739,-0.004404,0.020941,0.023331,0.012254000000000001
198612,-0.029751,-0.017674000000000002,-0.029713,-0.031695,-0.022433,-0.033503
198701,0.11899699999999999,0.10092499999999999,0.11930099999999999,0.112637,0.134109,0.132873
198702,0.076731,0.06862499999999999,0.078065,0.019110000000000002,0.03228,0.068677
198703,0.046959999999999995,0.014104,0.011263,0.058882000000000004,0.015064,0.011097
198704,-0.018408,-0.029886,-0.034522,-0.003132,-0.020401,-0.010228
198705,0.0058850000000000005,-7.3e-05,-0.001153,0.018531,0.005761,0.003061
198706,0.030389,0.028761000000000002,0.023774000000000003,0.05261999999999999,0.055618999999999995,0.037795999999999996
198707,0.052014,0.034258000000000004,0.023174999999999998,0.054939,0.035438,0.052140000000000006
198708,0.012076,0.037593,0.035835,0.038388,0.040982000000000005,0.045606999999999995
198709,-0.006848999999999999,-0.01423,-0.024466,-0.01242,-0.020792,-0.031214
198710,-0.297413,-0.263066,-0.320143,-0.21353999999999998,-0.20122,-0.235604
198711,-0.04672,-0.028687,-0.066928,-0.08982200000000001,-0.07063900000000001,-0.08162699999999999
198712,0.055849,0.06886,0.082065,0.06386599999999999,0.068105,0.08683099999999999
198801,0.057775,0.042645999999999996,0.032378,0.06046,0.040526,0.043939000000000006
198802,0.07765,0.08420299999999999,0.079986,0.054541000000000006,0.043208,0.05107300000000001
198803,0.044062000000000004,0.033739,0.031995,-0.0077659999999999995,-0.032313999999999996,-0.031382
198804,0.032369,0.020687999999999998,0.008449,0.018550999999999998,0.006192,0.004527
198805,-0.016398,-0.016191,-0.022534000000000002,0.002712,0.010401,0.002868
198806,0.049352,0.075655,0.075312,0.018732,0.056203,0.06323000000000001
198807,0.0006360000000000001,-0.003111,-0.020788,-0.006503,-0.003374,-0.015727
198808,-0.020155,-0.018858,-0.037911,-0.023284,-0.023805999999999997,-0.038436
198809,0.022632,0.034563,0.021972000000000002,0.035512,0.041476,0.047099
198810,-0.007857,-0.0057989999999999995,-0.010664,0.036461,0.019473,0.019391000000000002
198811,-0.023955,-0.02801,-0.039402,-0.0049380000000000005,-0.014988,-0.022384
198812,0.043251,0.030831,0.038135,0.013049,0.018033999999999998,0.025828000000000004
198901,0.051741,0.042088,0.047677,0.074094,0.062997,0.075914
198902,0.014724,0.012898,0.000887,-0.0035610000000000004,-0.021893,-0.027357999999999997
198903,0.029209,0.029019,0.031093000000000003,0.029618000000000002,0.022411,0.014764
198904,0.03976,0.039161,0.047498,0.050152999999999996,0.052004,0.051969
198905,0.038196,0.036136,0.045025,0.040244,0.043178,0.038597
198906,-0.007729000000000001,-0.004896,-0.030073,-0.002055,-0.003105,-0.010062
198907,0.038548,0.03697,0.04621,0.08552,0.08079399999999999,0.08898
198908,0.01983,0.028866999999999997,0.026793,0.020194,0.017431000000000002,0.025472
198909,0.002779,0.001628,0.005665,0.009022,-0.005508,-0.005449000000000001
198910,-0.068604,-0.052196,-0.05769199999999999,-0.015636,-0.031687,-0.024316
198911,0.015758,0.002102,0.004375,0.027921,0.018723,0.011732
198912,-0.005758,0.003495,-0.0011749999999999998,0.041086,0.017638,0.010298
199001,-0.070799,-0.076529,-0.09845599999999999,-0.070676,-0.070698,-0.071037
199002,0.023218000000000003,0.018785,0.03945,0.017752,0.014609,0.013798999999999999
199003,0.034377,0.032552,0.045053,0.020985,0.020440999999999997,0.029084
199004,-0.038181,-0.022458,-0.036482,-0.037109,-0.02528,-0.018799
199005,0.061019,0.061451000000000006,0.08116300000000001,0.085405,0.09622700000000001,0.097781
199006,0.013314999999999999,0.005789,0.003463,-0.017987,-0.004174,-0.000313
199007,-0.031306,-0.03236,-0.053624,0.016389,-0.007077,-0.025589
199008,-0.12079100000000001,-0.11182600000000001,-0.149228,-0.072407,-0.08929999999999999,-0.1038
199009,-0.08415800000000001,-0.078028,-0.10561,-0.03063,-0.040371,-0.081485
199010,-0.076045,-0.041983,-0.065979,-0.017428,0.006264,-0.022452999999999997
199011,0.047889999999999995,0.057957,0.094347,0.048497000000000005,0.06214,0.09630000000000001
199012,0.023097,0.042145,0.037441,0.022147,0.024512999999999997,0.047421
199101,0.08942800000000001,0.067755,0.095924,0.009829,0.041731,0.084776
199102,0.12138600000000001,0.10007400000000001,0.11669800000000001,0.06631000000000001,0.070829,0.077793
199103,0.071165,0.043483999999999995,0.078578,0.02059,0.027504,0.033010000000000005
199104,0.007070999999999999,0.011633,-3.5000000000000004e-05,0.013362,-0.002094,0.0042049999999999995
199105,0.041745000000000004,0.038292,0.044558999999999994,0.013806,0.039925,0.058183
199106,-0.051356,-0.02302,-0.051679,-0.03719,-0.04500899999999999,-0.050385
199107,0.02944,0.024416000000000004,0.04688,0.044674,0.041344000000000006,0.056085
199108,0.039841,0.031578,0.041352,0.030581999999999998,0.017065999999999998,0.035508000000000005
199109,0.000279,0.000851,0.012667999999999999,-0.007509,-0.009204,-0.019173
199110,0.023141,0.015632999999999998,0.032254,0.016896,0.016985,0.013831
199111,-0.043075999999999996,-0.041872999999999994,-0.05142,-0.033038,-0.050595999999999995,-0.022311
199112,0.074437,0.075462,0.093681,0.09818199999999999,0.09327099999999999,0.141669
199201,0.114238,0.077007,0.068231,0.006629,-0.021322,-0.012305
199202,0.044431000000000005,0.031462,0.019981,0.026649,0.013132999999999999,0.006051999999999999
199203,-0.017411,-0.012931,-0.047424,-0.018244,-0.018453,-0.024639
199204,-0.026404,-0.014817,-0.051158,0.027464,0.040827999999999996,0.004122
199205,0.012865999999999999,0.012739,-0.001623,0.0035730000000000002,0.005345,0.008349
199206,-0.046398999999999996,-0.025689000000000003,-0.054118000000000006,-0.013391,-0.009670999999999999,-0.024573
199207,0.02265,0.035359,0.030357,0.03328,0.040438,0.044944
199208,-0.046408,-0.020424,-0.028950999999999998,-0.034578000000000005,-0.017907,-0.019155
199209,0.013977999999999999,0.015464,0.019201,0.011851,0.008681,0.020158999999999996
199210,0.026545,0.025979000000000002,0.037786,0.019346000000000002,-0.00657,0.026223999999999997
199211,0.074483,0.06968099999999999,0.089225,0.034113000000000004,0.028157,0.050949
199212,0.045076,0.036285,0.026303999999999998,0.01579,0.013645000000000001,0.018055
199301,0.05151,0.036359,0.022974,0.031256,0.00753,0.001045
199302,-0.008321,-5.4000000000000005e-05,-0.046555,0.027966,0.024178,-0.016772
199303,0.028869,0.03248,0.021004000000000002,0.029972,0.026458,0.021351
199304,-0.029419,-0.031115,-0.028367,-0.013924,-0.01865,-0.042499
199305,0.049975,0.028137,0.060641999999999995,0.028948,0.02037,0.038919999999999996
199306,0.015605,0.014132,0.001104,0.005231,0.010091000000000001,-0.003534
199307,0.018731,0.017179,0.001061,0.004824,0.005004,-0.018564
199308,0.043494000000000005,0.034941,0.044657,0.041564,0.036411,0.039682
199309,0.025019,0.020636,0.033313999999999996,0.004455,-0.008937,1.5e-05
199310,0.038315999999999996,0.022907,0.031301999999999996,0.017903,0.014757,0.013668
199311,-0.032003,-0.028813,-0.028866,-0.019533000000000002,-0.017686999999999998,-0.00201
199312,0.028437,0.032172,0.033149000000000005,0.014434,0.019521,0.016629
199401,0.043341000000000005,0.022728,0.028413,0.041909999999999996,0.027332000000000002,0.029119000000000003
199402,-0.001712,-0.004057,-0.001534,-0.033085,-0.030907,-0.014533
199403,-0.045496,-0.042849000000000005,-0.066082,-0.040502,-0.040381,-0.047704
199404,0.002016,0.00616,-0.004768,0.019473,0.013729,0.003392
199405,-0.010792,-0.007448,-0.020118999999999998,0.018775,0.008193,0.016145
199406,-0.022535,-0.019927999999999998,-0.047026000000000005,-0.029081000000000003,-0.016912,-0.034665
199407,0.020241,0.017070000000000002,0.014779,0.034352999999999995,0.029413,0.03783
199408,0.051861,0.04344699999999999,0.07040300000000001,0.040394,0.036307,0.052245999999999994
199409,0.007767,0.000996,-0.002094,-0.020343,-0.017396000000000002,-0.031606999999999996
199410,-0.003939,-0.001917,0.000755,0.015683,0.019085,0.025658
199411,-0.0381,-0.036345999999999996,-0.036518999999999996,-0.044602,-0.030708000000000003,-0.035558
199412,0.013931,0.019162,0.007778,0.01295,0.014974000000000001,0.011867
199501,-0.0029649999999999998,-0.0034300000000000003,-0.0058909999999999995,0.014988,0.027395999999999997,0.030876999999999998
199502,0.028783,0.036248999999999997,0.042047999999999995,0.048186,0.036164,0.042897
199503,0.017153,0.012883,0.029538000000000002,0.041707999999999995,0.021247,0.024771
199504,0.027264,0.02959,0.018416,0.029532,0.028422999999999997,0.021942
199505,0.018838999999999998,0.018387,0.012574,0.035258,0.035848,0.041353
199506,0.060282,0.038145,0.065667,0.008588,0.018874,0.050931
199507,0.059615,0.045214,0.07174,0.033472,0.030127,0.052865999999999996
199508,0.043071,0.028265,0.018249,0.012112000000000001,0.006757,0.0070750000000000006
199509,0.025504,0.020287000000000003,0.016398,0.038759999999999996,0.042637,0.039956
199510,-0.056963,-0.039691000000000004,-0.056694,-0.008599,-0.0021360000000000003,-0.006847
199511,0.034775,0.028146,0.039041,0.050278,0.056173,0.025948000000000002
199512,0.034357,0.022143000000000003,0.015095,0.031981,0.023155000000000002,-0.009225
199601,0.020925,0.0032240000000000003,-0.008075,0.04108,0.02995,0.024098
199602,0.024829,0.028259,0.043779000000000005,0.00955,0.009632,0.028325999999999997
199603,0.011316999999999999,0.026753999999999997,0.029034,0.007614999999999999,0.011551,0.008893
199604,0.058159,0.040777,0.079147,0.014603,0.006232,0.034148
199605,0.067616,0.042348,0.052576,0.012613000000000001,0.021478,0.034316
199606,-0.041227,-0.028454999999999998,-0.048621,0.006076000000000001,0.004521,-0.010516000000000001
199607,-0.08295899999999999,-0.058673,-0.116243,-0.040514999999999995,-0.044947999999999995,-0.060884
199608,0.04433,0.047671,0.066357,0.014045,0.025969000000000002,0.041516000000000004
199609,0.034106,0.030976,0.042180999999999996,0.040313999999999996,0.048167,0.074782
199610,-0.006883,0.000136,-0.038505,0.030008,0.028759999999999997,0.002295
199611,0.028708,0.039771,0.029602,0.066779,0.070814,0.079605
199612,0.021968,0.021781000000000002,0.013346,-0.0022819999999999997,-0.015664,-0.023371
199701,0.046130000000000004,0.026462,0.035579,0.051220999999999996,0.054894,0.063179
199702,0.00043700000000000005,-0.0041470000000000005,-0.046478,0.009163,0.014098999999999999,-0.013284
199703,-0.044646,-0.028793000000000003,-0.064633,-0.038884,-0.043841,-0.049562
199704,-0.018233,0.004448,-0.018555,0.035301,0.062478,0.05601
199705,0.10110799999999999,0.093385,0.135584,0.057632,0.058634000000000006,0.078326
199706,0.048933,0.058072,0.04933099999999999,0.042992999999999996,0.047158,0.033588
199707,0.048127,0.054896,0.054118000000000006,0.06336599999999999,0.06986200000000001,0.108558
199708,0.034911,0.030078999999999998,0.036184,-0.043106,-0.049518000000000006,-0.041029
199709,0.075376,0.07463700000000001,0.092895,0.055229999999999994,0.05254400000000001,0.056226000000000005
199710,-0.027887,-0.024887000000000003,-0.056608,-0.031604,-0.026078,-0.043087
199711,-0.009765000000000001,0.002906,-0.031972,0.049486,0.039855,0.037052
199712,-0.0048130000000000004,0.018413,-0.007651,0.036225,0.026704,0.0
199801,0.002856,-0.012441,-0.012143999999999999,-0.00105,0.000319,0.026307
199802,0.062598,0.072051,0.08391,0.053492,0.078343,0.08383499999999999
199803,0.054253,0.036364,0.05113,0.040709,0.059687000000000004,0.048394000000000006
199804,0.023211,0.017978,0.008537,-0.00012,0.012377,0.021851
199805,-0.042256999999999996,-0.037798,-0.067247,-0.011026000000000001,-0.016212999999999998,-0.035375000000000004
199806,-0.0029409999999999996,-0.0013109999999999999,0.013768,0.020863999999999997,0.033365,0.064658
199807,-0.066444,-0.062083000000000006,-0.084231,-0.015323999999999999,-0.016093,-0.012784
199808,-0.188641,-0.16630199999999998,-0.242535,-0.115879,-0.153721,-0.177505
199809,0.040797,0.048707,0.078058,0.072419,0.047534,0.092023
199810,0.035962,0.034140000000000004,0.041199000000000006,0.071911,0.08774100000000001,0.063124
199811,0.078674,0.05427,0.07926,0.06390799999999999,0.052053,0.081814
199812,0.04237,0.036404,0.061787999999999996,0.041588,0.06604,0.08734
199901,0.027794,-0.004249,0.048196,-0.0068779999999999996,0.019483,0.101007
199902,-0.06756000000000001,-0.06451,-0.100879,-0.023895,-0.013269999999999999,-0.072228
199903,-0.001661,-0.011377,0.017373,0.044927999999999996,0.02989,0.047272999999999996
199904,0.08945299999999999,0.079232,0.10992800000000001,0.062318,0.037474,0.025139
199905,0.032631,0.036015,-0.004067,-0.008446,-0.016132,-0.035286
199906,0.065363,0.07316099999999999,0.065508,0.023636,0.044946,0.081653
199907,0.011509,-0.006903,-0.027178,-0.025638,-0.022209,-0.052316
199908,-0.021109,-0.026251000000000003,-0.050344,-0.02841,0.0032890000000000003,-0.013512999999999999
199909,-0.002089,-0.005391,8.7e-05,-0.032418,-0.031971,-0.01471
199910,0.016739999999999998,-0.015408999999999999,-0.011354,0.043333,0.062782,0.08877800000000001
199911,0.105763,0.048819999999999995,0.10611599999999999,0.005374,0.027339000000000002,0.041913
199912,0.146662,0.076573,0.14889,0.009563,0.055522999999999996,0.124688
200001,0.042553,-0.016076,-0.013189,-0.021315,-0.046233,-0.056750999999999996
200002,0.282046,0.14313,0.18793800000000002,-0.060446,-0.014434,0.056189
200003,-0.120323,-0.0507,-0.066025,0.114633,0.084594,0.08435100000000001
200004,-0.10262,-0.032789,-0.141953,-0.018544,-0.002122,-0.091744
200005,-0.08476900000000001,-0.035441,-0.07331,-0.019472,-0.008350999999999999,-0.060252999999999994
200006,0.15537800000000002,0.089414,0.13548,-0.010903000000000001,0.016701,0.072412
200007,-0.027229,-0.001495,-0.0449,0.009004,-0.010471,-0.032906
200008,0.090054,0.052878,0.057310999999999994,0.084423,0.049823000000000006,0.092948
200009,-0.016673,-0.017562,-0.061174,-0.022197,-0.002813,-0.088416
200010,-0.052181,-0.010838,-0.078242,0.0025180000000000003,0.008423,-0.04566099999999999
200011,-0.10516600000000001,-0.039782000000000005,-0.135455,-0.023107000000000003,-0.044203,-0.159831
200012,0.06356099999999999,0.07405,0.046264,0.052125000000000005,0.043697,-0.026966999999999998
200101,0.07236,0.058643,0.118887,0.011980999999999999,0.00695,0.06955700000000001
200102,-0.048697,-0.017557,-0.084645,-0.024931000000000002,-0.039576,-0.169249
200103,-0.040332999999999994,-0.009734,-0.061627999999999995,-0.042927,-0.052811000000000004,-0.09601699999999999
200104,0.067546,0.058979,0.08458500000000001,0.067517,0.05765,0.114322
200105,0.059210000000000006,0.041113,0.048201,0.020176,0.018128,-0.007848
200106,0.038577,0.052133000000000006,0.053536,-0.023218000000000003,-0.029661,-0.004816
200107,-0.039093,-0.011422000000000002,-0.08575100000000001,-0.018382,0.002738,-0.029802
200108,-0.013041,-0.010990999999999999,-0.069959,-0.022306,-0.034475,-0.095954
200109,-0.14487,-0.108406,-0.18168600000000001,-0.07806099999999999,-0.061406,-0.10827099999999999
200110,0.056333,0.035801,0.10622400000000001,0.003589,0.011137,0.040854999999999995
200111,0.075886,0.06321399999999999,0.100877,0.08265399999999999,0.062123,0.09125299999999999
200112,0.056420000000000005,0.061642,0.07753499999999999,0.021279,0.019098999999999998,0.005778999999999999
200201,0.009035999999999999,0.017457,-0.032616,0.001038,-0.013552999999999999,-0.013973
200202,-0.008414,-0.008307,-0.064981,-0.002987,0.0052710000000000005,-0.048383
200203,0.092122,0.08424300000000001,0.08558500000000001,0.054877,0.028391000000000003,0.048206
200204,0.022237,0.043578,-0.022664,-0.022425,-0.036959,-0.084474
200205,-0.034527999999999996,-0.02538,-0.059633000000000005,0.005682,-0.004717,-0.019799999999999998
200206,-0.038821,-0.018187,-0.06616799999999999,-0.051237000000000005,-0.075755,-0.077167
200207,-0.170922,-0.120475,-0.158232,-0.081053,-0.07262400000000001,-0.07174900000000001
200208,-0.007364000000000001,0.002418,0.002455,-0.011057999999999998,0.017245,0.007150999999999999
200209,-0.09442299999999999,-0.063052,-0.073679,-0.124607,-0.098467,-0.099608
200210,0.048379000000000005,0.02746,0.045901,0.098159,0.073353,0.086044
200211,0.138684,0.069109,0.10166800000000001,0.10325100000000001,0.05579,0.037059
200212,-0.077404,-0.039512,-0.061058,-0.076416,-0.045567,-0.057020999999999995
200301,-0.020905,-0.018862,-0.022907999999999998,-0.019211,-0.026628,-0.031095
200302,-0.034067,-0.029916,-0.027195,-0.019847999999999998,-0.022278,-0.013111999999999999
200303,0.015885,0.016116,0.007625999999999999,-0.001958,0.006168,0.022445
200304,0.11279,0.09741,0.097133,0.08812099999999999,0.072939,0.084238
200305,0.14561,0.09124399999999999,0.122515,0.084854,0.054923,0.046551
200306,0.029742,0.027849,0.028822,0.005947,0.015463,0.014943999999999999
200307,0.086651,0.057089,0.059692999999999996,0.023252000000000002,0.019549,0.019717
200308,0.057706,0.041276,0.051647,0.045695,0.024402,0.008812
200309,0.0033850000000000004,-0.010354,-0.023197000000000002,-0.024014999999999998,-0.012602,-0.0057079999999999995
200310,0.096407,0.082858,0.08737,0.0784,0.05656799999999999,0.054368999999999994
200311,0.044286000000000006,0.03743,0.030598,0.025644,0.012943,0.005696
200312,0.023691,0.025896,0.017823,0.057103,0.043409,0.04596
200401,0.09006600000000001,0.032621000000000004,0.029550999999999997,0.030301,0.012135,0.024312
200402,-0.008976,0.013459,0.012897,0.012509,0.017099,0.014070000000000001
200403,-0.0031469999999999996,0.005865,0.012912999999999999,-0.018819,-0.011872,-0.015256
200404,-0.067028,-0.033397,-0.027045,-0.024117000000000003,-0.017327,-0.00756
200405,0.00624,0.014932,0.009836000000000001,0.019924,0.007735,0.016132999999999998
200406,0.036723,0.04465499999999999,0.044036,0.018638,0.015307999999999999,0.017564
200407,-0.089618,-0.050169,-0.069737,-0.048454,-0.032487,-0.034794
200408,-0.016519,-0.007793,-0.007568,-0.010038,0.003087,0.008036999999999999
200409,0.039595,0.044472,0.059593,0.0022040000000000002,0.015323999999999999,0.016562
200410,0.011486000000000001,0.023151,0.019496,0.024519000000000003,0.016142,0.008393000000000001
200411,0.08984299999999999,0.08255900000000001,0.086608,0.039093,0.041166999999999995,0.045978000000000005
200412,0.046686,0.02701,0.035445000000000004,0.0319,0.037236,0.035388
200501,-0.048459,-0.033463,-0.033193,-0.039485,-0.01697,-0.026581
200502,0.01867,0.017724,0.016221,0.015928,0.021963,0.022644
200503,-0.031059,-0.018445,-0.037224,-0.003021,-0.013201000000000001,-0.023748000000000002
200504,-0.07237199999999999,-0.051546,-0.059504,-0.019923,-0.022765,-0.015752
200505,0.06954500000000001,0.062387,0.06367300000000001,0.039567,0.031189,0.039936
200506,0.037527,0.030910000000000003,0.045172,0.002442,0.0029720000000000002,0.005255999999999999
200507,0.064091,0.062023999999999996,0.071782,0.030396,0.042629,0.038397
200508,-0.009297,-0.013123000000000001,-0.018917,-0.009658,-0.00828,-0.007586000000000001
200509,0.007658000000000001,0.001687,0.007946,0.00391,0.003564,0.015780000000000002
200510,-0.03667,-0.024319,-0.034125,-0.028295,-0.018421,-0.005561
200511,0.046056,0.042443999999999996,0.052314,0.035769,0.028041999999999997,0.051291
200512,0.002682,-0.001941,-0.004534,-0.001051,0.00045400000000000003,0.0021449999999999998
200601,0.08695,0.078059,0.097919,0.029115000000000002,0.02803,0.025074
200602,0.011846,-0.006842,-0.011446000000000001,0.009759,0.0043219999999999995,-0.006538
200603,0.046238,0.047861,0.049457,0.013130999999999999,0.011464,0.018782
200604,0.002235,0.004356,0.006042,0.012693000000000001,0.011033999999999999,0.011517
200605,-0.057941,-0.043733,-0.06434000000000001,-0.020247,-0.014112,-0.044481
200606,-0.005671000000000001,-0.000945,-0.001065,0.004327,-0.001361,0.002342
200607,-0.034503,-0.023757,-0.049817,-0.004978,0.008896,-0.006452
200608,0.033295,0.027815,0.025179,0.042061,0.022969,0.007466
200609,0.010156,0.013343,0.004905,0.031128,0.01703,0.027157
200610,0.06203,0.045726,0.059005999999999996,0.034116,0.035865999999999995,0.030668
200611,0.028641999999999997,0.024141,0.027795999999999998,0.013451999999999999,0.018977,0.030245
200612,0.010009999999999998,0.013579,0.00033099999999999997,0.023567,0.017395,-0.004436
200701,0.031079,0.011714,0.01547,0.014610000000000001,0.018327,0.022192
200702,-0.001158,-0.005308,-0.0018410000000000002,-0.025364,-0.015848,-0.011405
200703,0.015122,0.011527,0.0108,0.003816,0.009245,0.021575999999999998
200704,0.024925000000000003,0.015916,0.024781,0.053061,0.042392000000000006,0.032933
200705,0.033248,0.037763,0.044500000000000005,0.030015,0.033916,0.04396
200706,-0.011832,-0.0038150000000000002,-0.015552,-0.014096,-0.022163,-0.011618999999999999
200707,-0.071406,-0.064904,-0.053822999999999996,-0.035604,-0.02595,-0.030041
200708,0.001684,0.017887,0.012222,0.015913999999999998,0.010678,0.016849
200709,-0.0015890000000000001,0.000589,0.031132,0.020474000000000003,0.041134000000000004,0.04659
200710,0.019253,0.013827,0.027499,0.027128,0.019072,0.017662
200711,-0.082051,-0.065375,-0.073226,-0.044947,-0.033455,-0.046521
200712,-0.008055,-0.008386,-0.000106,-0.012242,-0.009271,0.001113
200801,-0.054036,-0.051483,-0.087822,-0.059305000000000004,-0.051695000000000005,-0.066817
200802,-0.047091,-0.033738000000000004,-0.033406,-0.03948,-0.018554,-0.033777
200803,0.001483,0.007577,-0.013912,-0.013755,-0.001961,-0.007783
200804,0.030203999999999998,0.031225,0.041775,0.026578,0.042682000000000005,0.06622
200805,0.045426,0.044532999999999996,0.054142,0.029046,0.010171,0.017544999999999998
200806,-0.079068,-0.096226,-0.06332,-0.082797,-0.082637,-0.084844
200807,0.045658000000000004,0.046992000000000006,0.015829,-0.009683,-0.018037,0.00035099999999999997
200808,0.03666,0.049165,0.046139,0.028759999999999997,0.013356,0.006009
200809,-0.08144,-0.061733,-0.109123,-0.089147,-0.09006600000000001,-0.09552899999999999
200810,-0.21236899999999997,-0.186101,-0.219539,-0.155893,-0.163805,-0.176333
200811,-0.128295,-0.11098699999999999,-0.132967,-0.05946100000000001,-0.050671999999999995,-0.102512
200812,0.033761,0.042587,0.066264,0.015909,0.016131,0.013824000000000001
200901,-0.10679,-0.11726800000000001,-0.100855,-0.085255,-0.08148300000000001,-0.067976
200902,-0.12234400000000001,-0.113202,-0.118698,-0.09319699999999999,-0.114167,-0.084407
200903,0.10029400000000001,0.098173,0.104488,0.073484,0.07734,0.10936799999999999
200904,0.197736,0.153704,0.16946000000000003,0.09019500000000001,0.08218500000000001,0.10846
200905,0.027299000000000004,0.018307,0.049459,0.050560999999999995,0.039106999999999996,0.068141
200906,0.017483,0.022236,0.036149,0.014275,-0.0046029999999999995,0.003051
200907,0.131345,0.099615,0.08140800000000001,0.083314,0.07434199999999999,0.071572
200908,0.079133,0.032643,0.023077999999999998,0.04149,0.028693,0.031637
200909,0.084618,0.050982,0.06251999999999999,0.032658,0.035,0.048049
200910,-0.095829,-0.063529,-0.069576,-0.019124000000000002,-0.021513,-0.015837
200911,0.02948,0.027241,0.026669,0.051475999999999994,0.06511700000000001,0.054235
200912,0.099147,0.08132199999999999,0.073906,0.011493,0.018245,0.038509
201001,-0.025172,-0.033521999999999996,-0.033054,-0.045957,-0.017582,-0.048251999999999996
201002,0.06457600000000001,0.047043999999999996,0.040042,0.03798,0.029308,0.034171
201003,0.098393,0.079766,0.06958700000000001,0.069259,0.053753,0.063311
201004,0.08056800000000001,0.064176,0.050716000000000004,0.022582,0.009582,0.017452000000000002
201005,-0.09746,-0.067912,-0.076322,-0.072596,-0.07251400000000001,-0.089024
201006,-0.097395,-0.082881,-0.06755,-0.06842100000000001,-0.033829,-0.0667
201007,0.079648,0.080129,0.048776,0.071966,0.076318,0.062348999999999995
201008,-0.088064,-0.068375,-0.07828700000000001,-0.057512,-0.050663,-0.035244
201009,0.14543,0.11796200000000001,0.12324199999999999,0.083389,0.08954000000000001,0.09807
201010,0.041079,0.033865,0.049127000000000004,0.036099,0.041849,0.035736
201011,0.048412,0.040556999999999996,0.025017,0.006841000000000001,0.010822,-0.0054730000000000004
201012,0.103241,0.082092,0.069649,0.08636300000000001,0.06878000000000001,0.056581
201101,0.009028000000000001,-0.007888,-1.3e-05,0.022621000000000002,0.03001,0.015416000000000001
201102,0.064997,0.050862,0.046614,0.032564,0.034712,0.034067
201103,0.025727000000000003,0.029058999999999998,0.026928999999999998,0.001116,0.00579,0.001313
201104,0.01671,0.02015,0.033645,0.029464999999999998,0.031639,0.029751
201105,-0.031778,-0.019624,-0.015118,-0.018358,-0.014522,-0.006384
201106,-0.02941,-0.009712,-0.015859,-0.029863,-0.014237999999999999,-0.015088999999999998
201107,-0.039886,-0.036827,-0.040086000000000004,-0.040774,-0.028759,-0.006011
201108,-0.10670299999999999,-0.08001899999999999,-0.09391400000000001,-0.050073,-0.057436,-0.057592
201109,-0.120938,-0.105022,-0.110381,-0.058203,-0.07954,-0.071851
201110,0.148573,0.154275,0.141997,0.092816,0.115539,0.113903
201111,-0.000665,-0.000837,-0.021151,0.0031430000000000004,0.000131,-0.005157
201112,0.013590999999999999,0.004542,-0.0029449999999999997,0.02742,0.011751000000000001,-0.0054930000000000005
201201,0.075612,0.06005,0.07620199999999999,0.028961999999999998,0.048617999999999995,0.058053999999999994
201202,0.0368,0.029396,0.024947,0.04026,0.038667,0.053654
201203,0.03394,0.026432999999999998,0.023825,0.033020999999999995,0.032311,0.029226000000000002
201204,-0.011988,-0.014181,-0.016597,0.002071,-0.012787999999999999,-0.006487000000000001
201205,-0.063211,-0.056762,-0.073371,-0.036649,-0.059492,-0.073758
201206,0.05605400000000001,0.038872,0.054973,0.043619000000000005,0.037304,0.035787
201207,-0.024674,-0.009685000000000001,-0.024133,0.01113,0.009808,0.010414000000000001
201208,0.034430999999999996,0.027977,0.036377,0.025409,0.014518,0.040743999999999995
201209,0.038748,0.038896,0.031193,0.039797,0.028294,0.01613
201210,-0.018623,-0.011169,-0.030914,-0.001573,-0.007899,-0.039741
201211,0.019893,0.008492,0.00369,0.011217999999999999,0.003539,0.011231
201212,0.036552,0.03463,0.031798,0.017953,0.009102,0.006617
201301,0.068588,0.056101,0.063626,0.066384,0.059413,0.041004
201302,0.01016,0.016586,0.009264,0.017154,0.016182000000000002,0.005839
201303,0.050818,0.049418,0.04517,0.048743,0.044544,0.026181
201304,-0.001059,-0.002144,-0.009595,0.017630999999999997,0.016477,0.017581
201305,0.05315,0.046158000000000005,0.059558,0.023152,0.021815,0.03583
201306,-0.001482,0.004146,0.004188,-0.016797,-0.0077410000000000005,-0.021326
201307,0.088692,0.070159,0.065771,0.049139,0.053707000000000005,0.060759
201308,-0.036842,-0.034787,-0.016849,-0.031136,-0.039067,-0.007823
201309,0.057962,0.056844,0.069718,0.028828,0.032972,0.04352
201310,0.02787,0.033075,0.014554000000000001,0.049541,0.039072,0.045067
201311,0.047456,0.045594,0.041031000000000005,0.027450000000000002,0.029535999999999996,0.032609
201312,0.028131,0.018188,0.025827,0.028484,0.024204,0.029194
201401,-0.025734,-0.03504,-0.018366,-0.048268000000000005,-0.033337,-0.02491
201402,0.04784,0.039771,0.053003,0.045591999999999994,0.044116999999999996,0.051197
201403,-0.005229,0.009822,-0.019583,0.009849,0.020801,-0.01422
201404,-0.044937,-0.030478,-0.045259,0.013333,0.004501,-0.0048980000000000004
201405,0.001466,0.012041999999999999,-0.003293,0.011674,0.017115000000000002,0.035662
201406,0.055689,0.040141,0.07209,0.012068,0.018835,0.03391
201407,-0.046056999999999994,-0.057915,-0.074545,-0.024039,-0.019249000000000002,-0.0057269999999999995
201408,0.045209,0.042873999999999995,0.04972000000000001,0.039992,0.03857,0.049288
201409,-0.063693,-0.050896,-0.050822000000000006,-0.015379,-0.017236,-0.016353
201410,0.052208,0.065189,0.054825,0.027673999999999997,0.021384,0.020898
201411,0.0017929999999999999,0.006136,0.00131,0.033778,0.021922999999999998,0.03145
201412,0.02306,0.029066,0.030545,0.005976,0.0026219999999999998,-0.019536
201501,-0.045567,-0.045168,-0.038388,-0.040327,-0.033926,-0.014648000000000001
201502,0.059938000000000005,0.055815000000000003,0.080638,0.060224,0.053189,0.074589
201503,0.011422000000000002,0.016627,0.021573000000000002,-0.014812,-0.014440999999999999,-0.012541
201504,-0.025137,-0.020503,-0.019658,0.0073,0.006253,0.014195
201505,0.016744000000000002,0.015625,0.034991,0.014275,0.012119,0.012584
201506,-0.001065,0.007402,0.022501000000000004,-0.022022,-0.017443,-0.014693000000000001
201507,-0.049414999999999994,-0.023805,-0.019429000000000002,0.011941,0.018147,0.03081
201508,-0.048681,-0.050069999999999996,-0.073963,-0.058972,-0.061357999999999996,-0.059531
201509,-0.086016,-0.03254,-0.067991,-0.028073,-0.023896,-0.034394999999999995
201510,0.06485199999999999,0.062068000000000005,0.051306000000000004,0.09248100000000001,0.06407,0.093765
201511,0.032468,0.038619,0.044396000000000005,0.002333,0.00092,0.011513
201512,-0.058511,-0.049451,-0.051223,-0.017874,-0.016789000000000002,-0.02766
201601,-0.09175000000000001,-0.073767,-0.12035399999999999,-0.045846,-0.0492,-0.078295
201602,0.008609,0.005425,-0.001046,0.006345,0.0069689999999999995,-0.022885
201603,0.087512,0.074379,0.08145200000000001,0.071126,0.063367,0.076972
201604,0.032331,0.018118000000000002,0.024862000000000002,0.012709999999999999,0.015700000000000002,-0.015172000000000001
201605,0.000487,0.017182,0.016117,0.0060019999999999995,0.013599000000000002,0.041163
201606,-0.009864000000000001,0.0046,-0.001792,0.015892,0.0029509999999999996,-0.030083000000000002
201607,0.063781,0.053413,0.068434,0.033292999999999996,0.029742,0.05184999999999999
201608,0.025935,0.017718,0.028645999999999998,-0.0011,0.005755,0.0034820000000000003
201609,0.029912,0.014754,0.020350999999999998,0.00215,-0.006239,0.011088
201610,-0.06618,-0.036179,-0.066911,-0.016729,-0.014077,-0.021006999999999998
201611,0.141132,0.12773,0.107928,0.060476999999999996,0.054730999999999995,0.01956
201612,0.008834999999999999,0.035832,0.021745999999999998,0.016957,0.024413,0.010486
201701,0.016734,-0.006494,0.008075,0.010382,0.011003,0.040285
201702,-0.006875,0.013743,0.024809,0.034584000000000004,0.038914,0.038932
201703,0.0027129999999999997,0.006926,0.005341,-0.004999,-0.002772,0.011442
201704,0.001147,0.017872,0.01188,0.0008210000000000001,0.007921000000000001,0.022033
201705,-0.026817,-0.021646000000000002,-0.020430999999999998,-0.003073,0.013335,0.023836
201706,0.032966,0.026595,0.04986500000000001,0.015807,0.009130000000000001,-0.001892
201707,0.008187,0.000899,0.007952,0.025889000000000002,0.010501,0.029127
201708,-0.027104,-0.014529,-0.011471,-0.011033,-0.0058189999999999995,0.020846
201709,0.08349000000000001,0.068503,0.076721,0.0336,0.032268,0.007697000000000001
201710,-0.010324,0.00504,0.010525,0.005135,0.011639,0.047165
201711,0.016723,0.032489,0.033426,0.037494,0.040875,0.022808000000000002
201712,0.020279,-0.007359,-0.0017879999999999999,0.019846,0.014825,0.006153
201801,0.034180999999999996,0.019172,0.028488000000000003,0.04981,0.046464,0.076461
201802,-0.036924,-0.037235,-0.033503,-0.061298000000000005,-0.042258,-0.017469
201803,0.004533,0.010647,0.016052999999999998,-0.015159,-0.023653,-0.028346
201804,0.025415999999999998,0.013734999999999999,0.013715,0.017454,-0.002775,0.00444
201805,0.079487,0.059073,0.06936200000000001,0.00614,0.010287999999999999,0.046
201806,0.010763,0.011528,0.010383,0.008991,0.004665,0.005346
201807,0.012928,0.022425999999999998,0.009518,0.037272,0.036064,0.034565
201808,0.038423,0.041053,0.040517000000000004,0.014218999999999999,0.018237,0.063464
201809,-0.016092,-0.019388000000000002,-0.028647,0.013592,0.003869,-0.001136
201810,-0.103122,-0.102305,-0.132709,-0.046768000000000004,-0.063158,-0.08918699999999999
201811,0.0050609999999999995,0.016613,0.013167,0.023113,0.029011,0.007013
201812,-0.12692,-0.114289,-0.125076,-0.086503,-0.093608,-0.09310800000000001
201901,0.115497,0.099015,0.12284,0.065793,0.083905,0.091409
201902,0.036072,0.042974,0.069435,0.033382999999999996,0.039955,0.030844
201903,-0.016654,-0.034263,-0.023347000000000003,0.007193000000000001,0.002007,0.031879
201904,0.013580000000000002,0.044814999999999994,0.028649,0.021623,0.044233,0.050208
201905,-0.081111,-0.075194,-0.089138,-0.048532,-0.063726,-0.075628
201906,0.070256,0.073785,0.07567700000000001,0.07009699999999999,0.068286,0.07574900000000001
201907,-0.000955,0.010073,-0.011536999999999999,0.017574,0.009931,0.020806
201908,-0.065433,-0.057784,-0.051872,-0.023066,-0.019232,-0.024287
201909,0.03371,0.037057,0.0034660000000000003,0.030945,0.024227,-0.006503999999999999
201910,0.013995,0.024242,0.030520000000000002,0.021535000000000002,0.02104,0.025563
201911,0.041165,0.037488,0.053917,0.037744,0.034344,0.04782600000000001
201912,0.043732,0.032999,0.042030000000000005,0.041183,0.026644,0.019132
202001,-0.048789,-0.056608,-0.030147,-0.0064139999999999996,-0.003266,0.018817
202002,-0.093268,-0.09339800000000001,-0.067394,-0.089908,-0.08677,-0.065246
202003,-0.216638,-0.22444,-0.22646899999999998,-0.109424,-0.141029,-0.123449
202004,0.17411100000000002,0.134072,0.16520900000000002,0.127541,0.121856,0.156935
202005,0.059489,0.040633999999999997,0.097311,0.042824999999999995,0.048396,0.068148
202006,0.05447199999999999,0.024375,0.042637999999999995,0.028464,0.013205,0.029376000000000003
202007,0.041747,0.016316,0.016686,0.074166,0.034249999999999996,0.07986399999999999
202008,0.048297,0.048797,0.074906,0.08865600000000001,0.055561,0.09216300000000001
202009,-0.048233,-0.046946,-0.017477,-0.049536,-0.024669,-0.041609999999999994
202010,0.020398,0.04816499999999999,0.015306,-0.033067,-0.023881,-0.016541999999999998
202011,0.234492,0.16569099999999998,0.205636,0.116771,0.119088,0.12003399999999999
202012,0.09459400000000001,0.08926,0.107012,0.056343,0.035552,0.045092
202101,0.131871,0.032143000000000005,0.054577,0.014343999999999999,-0.014105000000000001,-0.007774
202102,0.059608999999999995,0.112722,0.072064,-0.002918,0.044118000000000004,0.024391
202103,0.033281,0.044482,-0.0008730000000000001,0.049340999999999996,0.050727,0.013028999999999999
202104,0.0005149999999999999,0.028086000000000003,0.021589,0.037328,0.044517,0.070589
202105,0.039563,0.029790999999999998,-0.0072440000000000004,0.002464,0.016444,-0.010865
202106,0.025426,-0.014268000000000001,0.033001,0.028628999999999998,0.010687,0.039685
202107,-0.055864000000000004,-0.019087,-0.045349,0.014140999999999999,0.021246,0.015349999999999999
202108,0.011142,0.022393,0.024412,0.019855,0.020753,0.040968
202109,-0.00647,-0.031642,-0.039069,-0.038901,-0.044693,-0.046304
202110,0.034945,0.040605,0.026528999999999997,0.044489,0.061117,0.083621
202111,-0.051394,-0.02194,-0.051993,0.018985000000000002,-0.02527,-0.014476
202112,0.025282,0.059678,0.003242,0.065397,0.062133,0.0015559999999999999
202201,-0.053230000000000006,-0.064279,-0.11669,-0.005637,-0.035177,-0.09670400000000001
202202,0.040566000000000005,0.004416,-0.003862,-0.020574,-0.013317,-0.036782
202203,0.036264,0.007232,-0.0051129999999999995,0.049054,0.033147,0.026255999999999998
202204,-0.075389,-0.0788,-0.118201,-0.059729000000000004,-0.061523,-0.135389
202205,0.022265,0.026459999999999997,-0.02788,0.013673,0.001951,-0.015132000000000001
202206,-0.11715,-0.072922,-0.047535999999999995,-0.099578,-0.07873999999999999,-0.077634
202207,0.099763,0.08611,0.13522399999999998,0.050083,0.087784,0.151531
202208,-0.010712999999999999,-0.021343,-0.007947,-0.021490999999999996,-0.036317,-0.050734
202209,-0.109917,-0.09347699999999999,-0.094473,-0.08999700000000001,-0.091183,-0.08999599999999999
202210,0.11666,0.119344,0.081956,0.128624,0.084024,0.034661
202211,0.031342,0.03463,-0.002876,0.061486,0.057190000000000005,0.032623
202212,-0.045272,-0.058355,-0.074617,-0.034705,-0.056638,-0.091025
202301,0.12149599999999999,0.08850799999999999,0.12495799999999999,0.03204,0.05988400000000001,0.11725400000000001
202302,-0.035231,-0.005567,-0.019337,-0.029091999999999996,-0.023161,-0.014744
202303,-0.057362,-0.050423,-0.045838000000000004,-0.000136,0.046106999999999995,0.030432
202304,-0.000987,-0.034232,-0.021803,0.01294,0.026053000000000003,-0.023242
202305,-0.025927,-0.018678999999999998,0.021393,-0.04095,0.004114,0.053314
202306,0.06874799999999999,0.08235300000000001,0.077136,0.062344,0.063345,0.084709
202307,0.078131,0.067758,0.066845,0.037877,0.033292999999999996,0.035156
202308,-0.08851,-0.048910999999999996,-0.045798,-0.022046999999999997,-0.013566,-0.018793999999999998
202309,-0.077085,-0.05271,-0.059059999999999994,-0.043975999999999994,-0.048808,-0.046959
202310,-0.081494,-0.045471000000000004,-0.07889700000000001,-0.03137,-0.025755,-0.019479
202311,0.10858000000000001,0.082149,0.09033899999999999,0.07360699999999999,0.085039,0.114861
202312,0.152883,0.10711399999999999,0.14452600000000002,0.06472800000000001,0.04209399999999999,0.048945999999999996
202401,-0.044781,-0.049661,-0.043982,0.011947000000000001,0.004759,0.029954
202402,0.06149,0.025087,0.05388,0.041562,0.029356,0.093922
202403,0.030365000000000003,0.025557,0.023441999999999998,0.047382,0.028657,0.030801
202404,-0.08181699999999999,-0.057222,-0.070088,-0.048742,-0.0259,-0.053733
202405,0.035110999999999996,0.047862999999999996,0.060917000000000006,0.033781,0.037276,0.067463
202406,-0.022548,-0.014294,-0.015624,0.026708,0.018786,0.055826
202407,0.099093,0.10560399999999999,0.099447,0.00199,0.039043,-0.0038050000000000002
202408,-0.010775999999999999,-0.014929,-0.019953000000000002,0.025560999999999997,0.025389,0.018913
202409,0.01133,0.00586,0.009542,0.019571,0.017499,0.026435
202410,-0.019152,-0.004184,-0.00032,0.025619,-0.011918,-0.013699
202411,0.110922,0.11409000000000001,0.125109,0.051070000000000004,0.063596,0.075554
202412,-0.072344,-0.072004,-0.07989600000000001,-0.050157,-0.023399,-0.018517
202501,0.017699,0.036962,0.019478,-0.008419,0.023948,0.054202
202502,-0.074601,-0.048479999999999995,-0.063275,0.023860000000000003,-0.001154,-0.04934
202503,-0.084255,-0.059273,-0.079267,-0.07034699999999999,-0.047816,-0.066109
202504,-0.034398,-0.030379999999999997,-0.012493,-0.018112,-0.017144,0.011766
202505,0.060503999999999995,0.052686000000000004,0.048354,0.10914099999999999,0.036126,0.071669
202506,0.059126000000000005,0.046025,0.060779,0.078605,0.04226,0.04925500000000001
202507,0.013983,0.008031,0.025005000000000003,0.00781,0.007855,0.036948
202508,0.084062,0.082775,0.06363,0.02625,0.038158,0.007574999999999999
202509,0.017374,-0.003114,0.029739,0.012317,0.034065,0.045705
202510,0.0008160000000000001,-0.017203,0.037707000000000004,-0.010086,0.017324,0.034056
202511,0.008047,0.02994,0.024089999999999997,0.019683,0.011788,-0.008786
202512,-0.0029620000000000002,0.015392,0.001136,0.008909,0.002056,-0.003105
202601,0.046020000000000005,0.057829,0.044227999999999996,0.038529,0.016469,0.004156
202602,0.008767,0.014905999999999999,-0.000674,0.053106,0.017926,-0.038783
202603,-0.038499,-0.036319,-0.035259,-0.047942,-0.049458,-0.049291
202604,0.12073600000000001,0.08752499999999999,0.108164,0.043355,0.074956,0.131913
